date,open,high,low,close,volume,hold,settle
2005-01-04,2150.0,2155.0,2142.0,2150.0,58792,63364,0.0
2005-01-05,2131.0,2154.0,2127.0,2154.0,71172,62704,0.0
2005-01-06,2152.0,2168.0,2146.0,2167.0,66174,63948,0.0
2005-01-07,2175.0,2193.0,2162.0,2182.0,125558,61888,0.0
2005-01-10,2193.0,2200.0,2170.0,2177.0,87462,61274,0.0
2005-01-11,2196.0,2200.0,2182.0,2185.0,89982,68346,0.0
2005-01-12,2175.0,2185.0,2171.0,2173.0,59888,67496,0.0
2005-01-13,2158.0,2176.0,2158.0,2166.0,56822,62516,0.0
2005-01-14,2173.0,2179.0,2149.0,2152.0,101698,64886,0.0
2005-01-17,2130.0,2147.0,2128.0,2144.0,70536,69090,0.0
2005-01-18,2145.0,2150.0,2133.0,2148.0,97068,68762,0.0
2005-01-19,2141.0,2149.0,2138.0,2148.0,48676,68706,0.0
2005-01-20,2151.0,2155.0,2134.0,2138.0,50328,69594,0.0
2005-01-21,2146.0,2146.0,2132.0,2136.0,42586,69034,0.0
2005-01-24,2130.0,2156.0,2127.0,2155.0,79694,71630,0.0
2005-01-25,2148.0,2151.0,2137.0,2138.0,43222,71148,0.0
2005-01-26,2149.0,2152.0,2140.0,2146.0,44316,66562,0.0
2005-01-27,2143.0,2145.0,2135.0,2140.0,27990,64782,0.0
2005-01-28,2131.0,2133.0,2108.0,2117.0,84258,67622,0.0
2005-01-31,2118.0,2119.0,2086.0,2090.0,95226,70350,0.0
2005-02-01,2098.0,2102.0,2092.0,2098.0,42160,66892,0.0
2005-02-02,2080.0,2087.0,2073.0,2087.0,51436,64112,0.0
2005-02-03,2084.0,2097.0,2082.0,2096.0,26450,60480,0.0
2005-02-04,2088.0,2100.0,2086.0,2093.0,29572,55110,0.0
2005-02-16,2168.0,2168.0,2138.0,2141.0,53384,53412,0.0
2005-02-17,2144.0,2157.0,2134.0,2156.0,55822,58636,0.0
2005-02-18,2180.0,2198.0,2180.0,2187.0,90224,58992,0.0
2005-02-21,2191.0,2223.0,2187.0,2223.0,95812,74918,0.0
2005-02-22,2225.0,2293.0,2223.0,2293.0,245800,84064,0.0
2005-02-23,2327.0,2350.0,2298.0,2308.0,273168,89764,0.0
2005-02-24,2323.0,2361.0,2311.0,2359.0,345048,98676,0.0
2005-02-25,2331.0,2344.0,2313.0,2326.0,302260,93028,0.0
2005-02-28,2410.0,2422.0,2410.0,2422.0,50928,87024,0.0
2005-03-01,2460.0,2488.0,2443.0,2468.0,380232,93950,0.0
2005-03-02,2444.0,2560.0,2442.0,2560.0,540454,113592,0.0
2005-03-03,2580.0,2600.0,2545.0,2567.0,512330,111636,0.0
2005-03-04,2581.0,2612.0,2511.0,2556.0,734712,115546,0.0
2005-03-07,2580.0,2602.0,2566.0,2584.0,523262,127314,0.0
2005-03-08,2525.0,2536.0,2498.0,2523.0,429588,107596,0.0
2005-03-09,2560.0,2568.0,2533.0,2534.0,244772,115438,0.0
2005-03-10,2534.0,2562.0,2527.0,2558.0,323494,107418,0.0
2005-03-11,2585.0,2623.0,2585.0,2612.0,334558,106780,0.0
2005-03-14,2700.0,2709.0,2660.0,2709.0,203540,113688,0.0
2005-03-15,2730.0,2801.0,2711.0,2801.0,241514,111762,0.0
2005-03-16,2862.0,2871.0,2854.0,2871.0,88722,70840,0.0
2005-03-17,2856.0,2926.0,2825.0,2839.0,257330,53642,0.0
2005-03-18,2835.0,2866.0,2758.0,2758.0,150360,43990,0.0
2005-03-21,2720.0,2734.0,2699.0,2713.0,10958,4712,0.0
2005-03-22,2600.0,2659.0,2600.0,2628.0,76814,32586,0.0
2005-03-23,2628.0,2647.0,2585.0,2589.0,46118,27604,0.0
2005-03-24,2606.0,2674.0,2606.0,2643.0,81876,24988,0.0
2005-03-25,2663.0,2680.0,2658.0,2663.0,50704,25474,0.0
2005-03-28,2680.0,2680.0,2648.0,2658.0,21794,23820,0.0
2005-03-29,2645.0,2663.0,2641.0,2642.0,9538,17608,0.0
2005-03-30,2691.0,2691.0,2620.0,2630.0,8040,3534,0.0
2005-03-31,2643.0,2699.0,2643.0,2671.0,22968,21134,0.0
2005-04-01,2608.0,2608.0,2572.0,2585.0,13826,13916,0.0
2005-04-04,2581.0,2648.0,2581.0,2625.0,8008,3402,0.0
2005-04-05,2620.0,2632.0,2603.0,2618.0,5836,3632,0.0
2005-04-06,2635.0,2649.0,2620.0,2640.0,5142,4186,0.0
2005-04-07,2676.0,2688.0,2657.0,2672.0,4106,3864,0.0
2005-04-08,2660.0,2661.0,2634.0,2635.0,3040,3750,0.0
2005-04-11,2617.0,2622.0,2560.0,2571.0,6460,3168,0.0
2005-04-12,2573.0,2596.0,2570.0,2573.0,4422,7140,0.0
2005-04-13,2580.0,2588.0,2558.0,2570.0,3996,3428,0.0
2005-04-14,2596.0,2600.0,2567.0,2584.0,6782,3580,0.0
2005-04-15,2570.0,2579.0,2556.0,2568.0,2662,3566,0.0
2005-04-18,2568.0,2575.0,2537.0,2562.0,8432,3714,0.0
2005-04-19,2560.0,2608.0,2554.0,2605.0,9092,4778,0.0
2005-04-20,2667.0,2687.0,2661.0,2687.0,7876,5420,0.0
2005-04-21,2678.0,2706.0,2594.0,2606.0,27552,7482,0.0
2005-04-22,2650.0,2653.0,2617.0,2643.0,8402,7968,0.0
2005-04-25,2601.0,2673.0,2601.0,2667.0,25476,12414,0.0
2005-04-26,2643.0,2653.0,2637.0,2640.0,11374,14620,0.0
2005-04-27,2640.0,2644.0,2616.0,2619.0,5996,14918,0.0
2005-04-28,2615.0,2619.0,2590.0,2610.0,20290,14798,0.0
2005-04-29,2590.0,2601.0,2581.0,2592.0,4336,14470,0.0
2005-05-09,2638.0,2638.0,2596.0,2596.0,9390,16964,0.0
2005-05-10,2596.0,2602.0,2582.0,2595.0,5150,16662,0.0
2005-05-11,2588.0,2607.0,2582.0,2586.0,8972,17194,0.0
2005-05-12,2588.0,2600.0,2586.0,2589.0,3494,16972,0.0
2005-05-13,2571.0,2571.0,2506.0,2515.0,16252,17884,0.0
2005-05-16,2502.0,2535.0,2502.0,2526.0,7668,18348,0.0
2005-05-17,2540.0,2548.0,2486.0,2502.0,22118,17432,0.0
2005-05-18,2500.0,2529.0,2480.0,2523.0,18214,18566,0.0
2005-05-19,2541.0,2560.0,2520.0,2527.0,46714,24732,0.0
2005-05-20,2516.0,2534.0,2513.0,2530.0,17860,24188,0.0
2005-05-23,2550.0,2610.0,2546.0,2608.0,32672,27276,0.0
2005-05-24,2588.0,2596.0,2562.0,2571.0,39684,27978,0.0
2005-05-25,2599.0,2609.0,2585.0,2589.0,33084,30168,0.0
2005-05-26,2657.0,2691.0,2655.0,2687.0,60516,34244,0.0
2005-05-27,2728.0,2740.0,2708.0,2724.0,62040,34968,0.0
2005-05-30,2694.0,2747.0,2694.0,2722.0,70146,36988,0.0
2005-05-31,2760.0,2782.0,2732.0,2744.0,55846,37816,0.0
2005-06-01,2740.0,2762.0,2688.0,2695.0,99398,38288,0.0
2005-06-02,2712.0,2718.0,2672.0,2698.0,68668,39974,0.0
2005-06-03,2678.0,2692.0,2665.0,2685.0,52418,40330,0.0
2005-06-06,2740.0,2788.0,2730.0,2788.0,88278,56280,0.0
2005-06-07,2730.0,2757.0,2720.0,2740.0,83842,53790,0.0
2005-06-08,2721.0,2730.0,2703.0,2725.0,72164,55404,0.0
2005-06-09,2681.0,2720.0,2681.0,2712.0,167414,84942,0.0
2005-06-10,2750.0,2750.0,2718.0,2718.0,123560,79444,0.0
2005-06-13,2730.0,2740.0,2702.0,2708.0,73222,80876,0.0
2005-06-14,2720.0,2724.0,2692.0,2701.0,68702,74176,0.0
2005-06-15,2732.0,2754.0,2725.0,2752.0,141446,96248,0.0
2005-06-16,2797.0,2817.0,2778.0,2781.0,379272,129944,0.0
2005-06-17,2790.0,2795.0,2772.0,2786.0,289674,142718,0.0
2005-06-20,2896.0,2896.0,2838.0,2839.0,284212,152622,0.0
2005-06-21,2838.0,2844.0,2819.0,2842.0,379076,183890,0.0
2005-06-22,2860.0,2865.0,2835.0,2839.0,365890,179612,0.0
2005-06-23,2840.0,2842.0,2770.0,2774.0,449788,179550,0.0
2005-06-24,2777.0,2809.0,2766.0,2803.0,319988,190278,0.0
2005-06-27,2800.0,2804.0,2766.0,2771.0,343682,178778,0.0
2005-06-28,2667.0,2678.0,2667.0,2667.0,146126,166740,0.0
2005-06-29,2667.0,2692.0,2660.0,2690.0,263618,161044,0.0
2005-06-30,2692.0,2693.0,2637.0,2649.0,287560,151256,0.0
2005-07-01,2650.0,2685.0,2650.0,2682.0,245204,161354,0.0
2005-07-04,2690.0,2707.0,2671.0,2704.0,310394,167976,0.0
2005-07-05,2706.0,2720.0,2693.0,2702.0,256258,168688,0.0
2005-07-06,2733.0,2750.0,2708.0,2711.0,229164,153416,0.0
2005-07-07,2710.0,2718.0,2701.0,2703.0,129824,153764,0.0
2005-07-08,2690.0,2702.0,2681.0,2701.0,124288,150934,0.0
2005-07-11,2675.0,2689.0,2669.0,2681.0,94610,151110,0.0
2005-07-12,2690.0,2700.0,2682.0,2689.0,73504,144510,0.0
2005-07-13,2693.0,2693.0,2665.0,2665.0,64564,135560,0.0
2005-07-14,2680.0,2691.0,2674.0,2682.0,49374,129274,0.0
2005-07-15,2704.0,2721.0,2694.0,2710.0,68410,49156,0.0
2005-07-18,2725.0,2726.0,2695.0,2698.0,71228,52730,0.0
2005-07-19,2705.0,2705.0,2684.0,2694.0,59300,51682,0.0
2005-07-20,2660.0,2663.0,2596.0,2615.0,98526,55478,0.0
2005-07-21,2625.0,2645.0,2620.0,2640.0,105082,62978,0.0
2005-07-22,2528.0,2603.0,2528.0,2565.0,148218,61494,0.0
2005-07-25,2550.0,2573.0,2538.0,2543.0,143374,68370,0.0
2005-07-26,2556.0,2565.0,2547.0,2555.0,105334,69924,0.0
2005-07-27,2550.0,2565.0,2547.0,2563.0,90308,71224,0.0
2005-07-28,2570.0,2575.0,2560.0,2562.0,53126,69664,0.0
2005-07-29,2571.0,2574.0,2542.0,2551.0,75158,68966,0.0
2005-08-01,2545.0,2565.0,2514.0,2514.0,89270,73512,0.0
2005-08-02,2531.0,2559.0,2515.0,2555.0,157746,74176,0.0
2005-08-03,2560.0,2570.0,2551.0,2558.0,91242,72776,0.0
2005-08-04,2530.0,2530.0,2514.0,2523.0,80348,70120,0.0
2005-08-05,2526.0,2543.0,2526.0,2536.0,80666,70646,0.0
2005-08-08,2530.0,2552.0,2526.0,2539.0,98944,76004,0.0
2005-08-09,2526.0,2537.0,2519.0,2521.0,80414,72194,0.0
2005-08-10,2505.0,2505.0,2486.0,2492.0,103056,76828,0.0
2005-08-11,2495.0,2510.0,2495.0,2509.0,77600,73772,0.0
2005-08-12,2505.0,2516.0,2495.0,2514.0,70930,74430,0.0
2005-08-15,2495.0,2497.0,2465.0,2469.0,118100,74630,0.0
2005-08-16,2428.0,2440.0,2402.0,2408.0,136252,84312,0.0
2005-08-17,2415.0,2424.0,2400.0,2402.0,113276,87968,0.0
2005-08-18,2413.0,2435.0,2406.0,2430.0,151862,86696,0.0
2005-08-19,2420.0,2425.0,2415.0,2420.0,82398,88902,0.0
2005-08-22,2405.0,2458.0,2405.0,2455.0,167394,88720,0.0
2005-08-23,2460.0,2489.0,2451.0,2481.0,164694,90480,0.0
2005-08-24,2475.0,2477.0,2448.0,2464.0,179890,91840,0.0
2005-08-25,2455.0,2472.0,2443.0,2468.0,192740,94152,0.0
2005-08-26,2439.0,2439.0,2412.0,2415.0,154422,92712,0.0
2005-08-29,2438.0,2467.0,2435.0,2463.0,179656,100418,0.0
2005-08-30,2450.0,2466.0,2445.0,2458.0,123776,102856,0.0
2005-08-31,2475.0,2497.0,2473.0,2493.0,161188,87904,0.0
2005-09-01,2480.0,2512.0,2475.0,2487.0,191650,55026,0.0
2005-09-02,2505.0,2537.0,2504.0,2525.0,182622,68380,0.0
2005-09-05,2505.0,2515.0,2494.0,2510.0,128042,75470,0.0
2005-09-06,2524.0,2533.0,2513.0,2517.0,182906,87474,0.0
2005-09-07,2540.0,2545.0,2503.0,2505.0,196762,94584,0.0
2005-09-08,2503.0,2515.0,2482.0,2501.0,246658,104348,0.0
2005-09-09,2498.0,2503.0,2489.0,2489.0,117164,104198,0.0
2005-09-12,2467.0,2468.0,2433.0,2438.0,223652,106456,0.0
2005-09-13,2436.0,2453.0,2429.0,2436.0,192132,105640,0.0
2005-09-14,2443.0,2450.0,2433.0,2435.0,119538,110764,0.0
2005-09-15,2429.0,2429.0,2410.0,2416.0,138512,108402,0.0
2005-09-16,2395.0,2425.0,2386.0,2417.0,207436,118472,0.0
2005-09-19,2410.0,2435.0,2406.0,2433.0,217088,133308,0.0
2005-09-20,2440.0,2447.0,2421.0,2428.0,186282,127432,0.0
2005-09-21,2420.0,2443.0,2416.0,2439.0,175304,129638,0.0
2005-09-22,2448.0,2454.0,2428.0,2434.0,182820,124132,0.0
2005-09-23,2439.0,2442.0,2426.0,2427.0,103010,121982,0.0
2005-09-26,2421.0,2428.0,2417.0,2418.0,99310,125944,0.0
2005-09-27,2410.0,2418.0,2402.0,2405.0,135012,126264,0.0
2005-09-28,2394.0,2417.0,2391.0,2413.0,170354,128650,0.0
2005-09-29,2417.0,2422.0,2410.0,2415.0,94480,124144,0.0
2005-09-30,2410.0,2414.0,2389.0,2392.0,78884,114100,0.0
2005-10-10,2398.0,2417.0,2391.0,2400.0,94048,119460,0.0
2005-10-11,2385.0,2413.0,2383.0,2404.0,108816,120950,0.0
2005-10-12,2405.0,2414.0,2400.0,2408.0,80060,119362,0.0
2005-10-13,2454.0,2458.0,2427.0,2448.0,161672,106368,0.0
2005-10-14,2547.0,2570.0,2532.0,2553.0,194130,63064,0.0
2005-10-17,2548.0,2556.0,2535.0,2549.0,153260,75364,0.0
2005-10-18,2553.0,2555.0,2514.0,2517.0,186732,83710,0.0
2005-10-19,2517.0,2519.0,2479.0,2492.0,246988,70948,0.0
2005-10-20,2499.0,2506.0,2471.0,2473.0,152370,76732,0.0
2005-10-21,2466.0,2469.0,2391.0,2391.0,268020,65684,0.0
2005-10-24,2378.0,2393.0,2350.0,2366.0,277246,73734,0.0
2005-10-25,2385.0,2388.0,2346.0,2353.0,280150,84928,0.0
2005-10-26,2365.0,2379.0,2358.0,2375.0,306294,92924,0.0
2005-10-27,2360.0,2391.0,2355.0,2387.0,348698,109176,0.0
2005-10-28,2376.0,2387.0,2366.0,2380.0,279330,108842,0.0
2005-10-31,2365.0,2385.0,2362.0,2379.0,214316,122944,0.0
2005-11-01,2381.0,2426.0,2379.0,2419.0,412926,151194,0.0
2005-11-02,2420.0,2422.0,2378.0,2380.0,405456,146430,0.0
2005-11-03,2387.0,2397.0,2380.0,2392.0,267156,145434,0.0
2005-11-04,2430.0,2435.0,2392.0,2394.0,379194,145656,0.0
2005-11-07,2380.0,2382.0,2330.0,2345.0,331006,135264,0.0
2005-11-08,2336.0,2360.0,2332.0,2355.0,238606,148790,0.0
2005-11-09,2350.0,2356.0,2306.0,2319.0,330604,155598,0.0
2005-11-10,2331.0,2341.0,2316.0,2340.0,315598,150516,0.0
2005-11-11,2342.0,2350.0,2322.0,2347.0,422758,166302,0.0
2005-11-14,2378.0,2378.0,2342.0,2343.0,352472,157348,0.0
2005-11-15,2340.0,2349.0,2334.0,2344.0,212948,156706,0.0
2005-11-16,2335.0,2343.0,2321.0,2342.0,264720,156454,0.0
2005-11-17,2300.0,2320.0,2298.0,2316.0,325428,172122,0.0
2005-11-18,2312.0,2316.0,2280.0,2281.0,414256,164518,0.0
2005-11-21,2280.0,2282.0,2264.0,2271.0,248212,168330,0.0
2005-11-22,2272.0,2284.0,2270.0,2278.0,183836,169882,0.0
2005-11-23,2267.0,2268.0,2248.0,2254.0,257718,177718,0.0
2005-11-24,2230.0,2235.0,2219.0,2222.0,290602,180824,0.0
2005-11-25,2217.0,2226.0,2206.0,2207.0,209022,190332,0.0
2005-11-28,2205.0,2208.0,2129.0,2130.0,348872,177466,0.0
2005-11-29,2156.0,2159.0,2117.0,2137.0,346496,162780,0.0
2005-11-30,2129.0,2185.0,2124.0,2160.0,450874,177276,0.0
2005-12-01,2160.0,2167.0,2138.0,2145.0,271474,176078,0.0
2005-12-02,2151.0,2175.0,2151.0,2169.0,301352,179652,0.0
2005-12-05,2170.0,2173.0,2150.0,2171.0,253676,185768,0.0
2005-12-06,2184.0,2194.0,2175.0,2192.0,332774,193230,0.0
2005-12-07,2167.0,2172.0,2153.0,2165.0,226660,189740,0.0
2005-12-08,2160.0,2175.0,2155.0,2169.0,243944,193110,0.0
2005-12-09,2184.0,2215.0,2178.0,2207.0,416344,204728,0.0
2005-12-12,2221.0,2278.0,2218.0,2267.0,592322,212378,0.0
2005-12-13,2266.0,2294.0,2242.0,2276.0,700170,207148,0.0
2005-12-14,2310.0,2336.0,2300.0,2303.0,637050,212898,0.0
2005-12-15,2290.0,2295.0,2272.0,2293.0,527076,220872,0.0
2005-12-16,2274.0,2343.0,2271.0,2337.0,887426,266886,0.0
2005-12-19,2331.0,2369.0,2313.0,2356.0,954122,276832,0.0
2005-12-20,2399.0,2399.0,2361.0,2363.0,658928,273118,0.0
2005-12-21,2358.0,2372.0,2301.0,2325.0,924264,287774,0.0
2005-12-22,2364.0,2389.0,2355.0,2387.0,926210,279372,0.0
2005-12-23,2380.0,2383.0,2364.0,2369.0,642118,270334,0.0
2005-12-26,2373.0,2383.0,2361.0,2379.0,394982,263448,0.0
2005-12-27,2381.0,2425.0,2357.0,2371.0,1081020,301602,0.0
2005-12-28,2371.0,2383.0,2332.0,2360.0,858906,264564,0.0
2005-12-29,2361.0,2372.0,2347.0,2357.0,502988,263864,0.0
2005-12-30,2320.0,2329.0,2309.0,2326.0,381644,248958,0.0
2006-01-02,2389.0,2424.0,2386.0,2400.0,1998,3598,0.0
2006-01-03,2389.0,2424.0,2386.0,2400.0,1998,3598,0.0
2006-01-04,2380.0,2412.0,2375.0,2412.0,511524,258942,0.0
2006-01-05,2413.0,2440.0,2405.0,2434.0,743122,276336,0.0
2006-01-06,2395.0,2444.0,2386.0,2438.0,705728,320930,0.0
2006-01-09,2370.0,2414.0,2365.0,2392.0,822360,326468,0.0
2006-01-10,2371.0,2392.0,2360.0,2389.0,554936,325530,0.0
2006-01-11,2375.0,2380.0,2350.0,2360.0,580826,315060,0.0
2006-01-12,2340.0,2349.0,2326.0,2339.0,481392,315020,0.0
2006-01-13,2308.0,2314.0,2290.0,2310.0,455408,319460,0.0
2006-01-16,2319.0,2334.0,2312.0,2329.0,328152,326000,0.0
2006-01-17,2318.0,2336.0,2291.0,2294.0,462664,325440,0.0
2006-01-18,2290.0,2294.0,2235.0,2253.0,587160,293852,0.0
2006-01-19,2260.0,2280.0,2254.0,2274.0,383176,305716,0.0
2006-01-20,2272.0,2288.0,2266.0,2279.0,387088,306944,0.0
2006-01-23,2289.0,2314.0,2288.0,2308.0,323438,314140,0.0
2006-01-24,2310.0,2317.0,2282.0,2286.0,327476,304626,0.0
2006-01-25,2282.0,2314.0,2275.0,2305.0,274306,296764,0.0
2006-01-26,2284.0,2292.0,2273.0,2278.0,175330,287612,0.0
2006-01-27,2312.0,2329.0,2310.0,2322.0,212744,283892,0.0
2006-02-06,2394.0,2412.0,2387.0,2388.0,312688,292380,0.0
2006-02-07,2360.0,2387.0,2345.0,2369.0,281784,284736,0.0
2006-02-08,2320.0,2320.0,2272.0,2272.0,238802,249884,0.0
2006-02-09,2381.0,2383.0,2337.0,2348.0,179180,88924,0.0
2006-02-10,2375.0,2393.0,2315.0,2361.0,285590,103490,0.0
2006-02-13,2371.0,2374.0,2340.0,2366.0,330550,116950,0.0
2006-02-14,2368.0,2378.0,2361.0,2369.0,191312,122544,0.0
2006-02-15,2373.0,2373.0,2351.0,2361.0,147606,127438,0.0
2006-02-16,2362.0,2368.0,2346.0,2356.0,261308,140682,0.0
2006-02-17,2371.0,2425.0,2361.0,2420.0,522764,201002,0.0
2006-02-20,2440.0,2446.0,2409.0,2415.0,484598,211100,0.0
2006-02-21,2416.0,2426.0,2383.0,2387.0,541474,203680,0.0
2006-02-22,2370.0,2383.0,2359.0,2380.0,322402,196868,0.0
2006-02-23,2336.0,2351.0,2327.0,2338.0,339386,202666,0.0
2006-02-24,2349.0,2372.0,2344.0,2364.0,384110,211764,0.0
2006-02-27,2332.0,2344.0,2318.0,2319.0,324060,228356,0.0
2006-02-28,2340.0,2347.0,2332.0,2335.0,204086,216630,0.0
2006-03-01,2340.0,2351.0,2333.0,2334.0,249828,214390,0.0
2006-03-02,2328.0,2338.0,2320.0,2336.0,184008,226114,0.0
2006-03-03,2366.0,2375.0,2361.0,2366.0,239888,225070,0.0
2006-03-06,2350.0,2350.0,2330.0,2331.0,180438,234638,0.0
2006-03-07,2339.0,2362.0,2336.0,2338.0,331824,240694,0.0
2006-03-08,2319.0,2327.0,2306.0,2325.0,343000,260322,0.0
2006-03-09,2315.0,2340.0,2313.0,2339.0,279692,280992,0.0
2006-03-10,2331.0,2334.0,2314.0,2315.0,249088,272712,0.0
2006-03-13,2315.0,2327.0,2310.0,2320.0,171880,278820,0.0
2006-03-14,2310.0,2316.0,2288.0,2296.0,325748,298082,0.0
2006-03-15,2311.0,2317.0,2301.0,2305.0,228852,292512,0.0
2006-03-16,2297.0,2298.0,2276.0,2285.0,299288,300956,0.0
2006-03-17,2260.0,2265.0,2249.0,2249.0,200216,301144,0.0
2006-03-20,2254.0,2290.0,2254.0,2289.0,332888,310622,0.0
2006-03-21,2266.0,2274.0,2257.0,2270.0,236398,306578,0.0
2006-03-22,2272.0,2296.0,2271.0,2285.0,294050,313948,0.0
2006-03-23,2270.0,2281.0,2270.0,2275.0,154390,319244,0.0
2006-03-24,2281.0,2290.0,2281.0,2288.0,190608,326210,0.0
2006-03-27,2280.0,2319.0,2279.0,2306.0,394270,369744,0.0
2006-03-28,2308.0,2310.0,2289.0,2290.0,284382,367814,0.0
2006-03-29,2300.0,2305.0,2292.0,2298.0,213420,358234,0.0
2006-03-30,2300.0,2303.0,2287.0,2295.0,149816,343366,0.0
2006-03-31,2307.0,2318.0,2306.0,2310.0,202210,339684,0.0
2006-04-03,2260.0,2270.0,2255.0,2266.0,205822,336968,0.0
2006-04-04,2250.0,2253.0,2234.0,2237.0,194216,344702,0.0
2006-04-05,2226.0,2238.0,2220.0,2233.0,177984,347774,0.0
2006-04-06,2240.0,2244.0,2232.0,2232.0,120506,356760,0.0
2006-04-07,2228.0,2229.0,2199.0,2205.0,241918,361596,0.0
2006-04-10,2191.0,2196.0,2181.0,2183.0,138932,359994,0.0
2006-04-11,2175.0,2203.0,2170.0,2190.0,230526,356836,0.0
2006-04-12,2204.0,2210.0,2193.0,2198.0,151826,344362,0.0
2006-04-13,2188.0,2194.0,2182.0,2184.0,86364,347136,0.0
2006-04-14,2191.0,2196.0,2188.0,2194.0,69702,344242,0.0
2006-04-17,2090.0,2107.0,2090.0,2106.0,1076,10278,0.0
2006-04-18,2100.0,2104.0,2080.0,2095.0,610,9830,0.0
2006-04-19,2218.0,2220.0,2213.0,2214.0,110648,338838,0.0
2006-04-20,2253.0,2269.0,2252.0,2258.0,71764,69310,0.0
2006-04-21,2242.0,2246.0,2219.0,2222.0,119164,68704,0.0
2006-04-24,2205.0,2219.0,2200.0,2203.0,167512,304146,0.0
2006-04-25,2200.0,2206.0,2194.0,2201.0,84972,286324,0.0
2006-04-26,2214.0,2218.0,2211.0,2215.0,73992,278008,0.0
2006-04-27,2248.0,2290.0,2248.0,2276.0,137010,88138,0.0
2006-04-28,2272.0,2315.0,2270.0,2313.0,228408,116832,0.0
2006-05-08,2340.0,2347.0,2317.0,2320.0,171020,115016,0.0
2006-05-09,2315.0,2396.0,2314.0,2381.0,510148,179402,0.0
2006-05-10,2380.0,2398.0,2368.0,2382.0,541866,214314,0.0
2006-05-11,2371.0,2433.0,2369.0,2421.0,566274,284298,0.0
2006-05-12,2430.0,2448.0,2388.0,2420.0,758288,275836,0.0
2006-05-15,2429.0,2439.0,2402.0,2418.0,449776,291238,0.0
2006-05-16,2380.0,2390.0,2327.0,2339.0,575922,255878,0.0
2006-05-17,2364.0,2378.0,2359.0,2368.0,311684,248582,0.0
2006-05-18,2358.0,2379.0,2344.0,2357.0,357058,246844,0.0
2006-05-19,2339.0,2357.0,2338.0,2347.0,188772,248022,0.0
2006-05-22,2318.0,2327.0,2303.0,2305.0,304664,249786,0.0
2006-05-23,2315.0,2332.0,2315.0,2326.0,201682,249828,0.0
2006-05-24,2331.0,2354.0,2330.0,2343.0,361360,282042,0.0
2006-05-25,2325.0,2329.0,2309.0,2317.0,192268,268046,0.0
2006-05-26,2333.0,2342.0,2327.0,2335.0,196048,272578,0.0
2006-05-29,2327.0,2333.0,2323.0,2327.0,117964,269608,0.0
2006-05-30,2322.0,2354.0,2320.0,2346.0,298992,285186,0.0
2006-05-31,2339.0,2342.0,2319.0,2321.0,174152,270636,0.0
2006-06-01,2316.0,2321.0,2252.0,2281.0,502634,258426,0.0
2006-06-02,2325.0,2330.0,2307.0,2323.0,341082,264752,0.0
2006-06-05,2388.0,2394.0,2373.0,2375.0,339666,274900,0.0
2006-06-06,2370.0,2388.0,2360.0,2387.0,298480,308680,0.0
2006-06-07,2352.0,2373.0,2349.0,2366.0,290692,303898,0.0
2006-06-08,2371.0,2378.0,2348.0,2352.0,241360,287840,0.0
2006-06-09,2325.0,2342.0,2313.0,2337.0,291734,280258,0.0
2006-06-12,2359.0,2363.0,2349.0,2358.0,169080,278426,0.0
2006-06-13,2359.0,2363.0,2343.0,2352.0,279988,276528,0.0
2006-06-14,2344.0,2350.0,2316.0,2341.0,374556,269822,0.0
2006-06-15,2328.0,2350.0,2328.0,2345.0,196350,274706,0.0
2006-06-16,2355.0,2360.0,2349.0,2352.0,167914,272588,0.0
2006-06-19,2340.0,2340.0,2331.0,2332.0,115580,265016,0.0
2006-06-20,2301.0,2326.0,2301.0,2323.0,134894,272004,0.0
2006-06-21,2323.0,2333.0,2318.0,2326.0,105902,266482,0.0
2006-06-22,2330.0,2337.0,2323.0,2326.0,97510,265836,0.0
2006-06-23,2316.0,2321.0,2313.0,2314.0,67658,267676,0.0
2006-06-26,2305.0,2310.0,2283.0,2285.0,147412,281756,0.0
2006-06-27,2270.0,2293.0,2266.0,2291.0,164594,296160,0.0
2006-06-28,2298.0,2298.0,2282.0,2284.0,98864,292786,0.0
2006-06-29,2290.0,2299.0,2285.0,2296.0,93052,275590,0.0
2006-06-30,2302.0,2321.0,2302.0,2319.0,107282,267272,0.0
2006-07-03,2302.0,2321.0,2302.0,2319.0,107282,267272,0.0
2006-07-04,2302.0,2334.0,2316.0,2320.0,145992,267702,0.0
2006-07-05,2326.0,2332.0,2303.0,2308.0,130986,259798,0.0
2006-07-06,2300.0,2307.0,2293.0,2302.0,83218,253190,0.0
2006-07-07,2331.0,2331.0,2315.0,2323.0,140196,255846,0.0
2006-07-10,2400.0,2402.0,2371.0,2376.0,97710,99346,0.0
2006-07-11,2381.0,2418.0,2366.0,2417.0,174942,124420,0.0
2006-07-12,2399.0,2425.0,2393.0,2416.0,306574,160106,0.0
2006-07-13,2392.0,2400.0,2382.0,2387.0,177238,146808,0.0
2006-07-14,2376.0,2387.0,2372.0,2377.0,132208,141164,0.0
2006-07-17,2376.0,2387.0,2369.0,2370.0,68948,144966,0.0
2006-07-18,2376.0,2387.0,2369.0,2370.0,68948,144966,0.0
2006-07-19,2343.0,2352.0,2332.0,2340.0,142516,147956,0.0
2006-07-20,2341.0,2352.0,2341.0,2347.0,95162,150242,0.0
2006-07-21,2337.0,2338.0,2296.0,2304.0,257552,150508,0.0
2006-07-24,2290.0,2313.0,2278.0,2306.0,224848,148812,0.0
2006-07-25,2319.0,2322.0,2306.0,2312.0,172578,155426,0.0
2006-07-26,2305.0,2318.0,2285.0,2294.0,265488,150828,0.0
2006-07-27,2288.0,2295.0,2279.0,2282.0,203152,151514,0.0
2006-07-28,2279.0,2289.0,2268.0,2278.0,240732,170744,0.0
2006-07-31,2288.0,2315.0,2286.0,2314.0,256602,190256,0.0
2006-08-01,2305.0,2305.0,2278.0,2280.0,219244,193066,0.0
2006-08-02,2282.0,2292.0,2279.0,2280.0,161872,195064,0.0
2006-08-03,2285.0,2291.0,2257.0,2269.0,233394,182282,0.0
2006-08-04,2266.0,2296.0,2264.0,2293.0,296162,171696,0.0
2006-08-07,2272.0,2278.0,2266.0,2273.0,170058,163474,0.0
2006-08-08,2247.0,2247.0,2235.0,2240.0,166946,166262,0.0
2006-08-09,2240.0,2255.0,2239.0,2246.0,132834,166848,0.0
2006-08-10,2255.0,2255.0,2238.0,2246.0,122360,164888,0.0
2006-08-11,2232.0,2245.0,2231.0,2235.0,148924,164224,0.0
2006-08-14,2216.0,2225.0,2205.0,2209.0,180070,166038,0.0
2006-08-15,2215.0,2228.0,2215.0,2226.0,153216,163312,0.0
2006-08-16,2227.0,2246.0,2224.0,2237.0,162034,161026,0.0
2006-08-17,2225.0,2247.0,2222.0,2243.0,147302,152926,0.0
2006-08-18,2240.0,2273.0,2240.0,2266.0,212656,153496,0.0
2006-08-21,2259.0,2264.0,2244.0,2256.0,149380,154780,0.0
2006-08-22,2260.0,2273.0,2248.0,2266.0,164686,154142,0.0
2006-08-23,2273.0,2278.0,2262.0,2268.0,186768,172478,0.0
2006-08-24,2272.0,2274.0,2260.0,2263.0,133168,172038,0.0
2006-08-25,2259.0,2262.0,2252.0,2256.0,96220,170760,0.0
2006-08-28,2245.0,2249.0,2237.0,2238.0,94016,171170,0.0
2006-08-29,2233.0,2235.0,2222.0,2225.0,105858,167058,0.0
2006-08-30,2233.0,2235.0,2222.0,2227.0,79580,169624,0.0
2006-08-31,2236.0,2255.0,2236.0,2253.0,110996,164134,0.0
2006-09-01,2248.0,2256.0,2247.0,2254.0,109432,174946,0.0
2006-09-04,2242.0,2244.0,2233.0,2237.0,100094,158370,0.0
2006-09-05,2235.0,2250.0,2234.0,2246.0,88098,160618,0.0
2006-09-06,2255.0,2275.0,2254.0,2274.0,166966,193490,0.0
2006-09-07,2251.0,2253.0,2226.0,2228.0,209218,170696,0.0
2006-09-08,2240.0,2251.0,2238.0,2241.0,107726,157284,0.0
2006-09-11,2234.0,2244.0,2213.0,2219.0,174692,175086,0.0
2006-09-12,2213.0,2227.0,2211.0,2224.0,125532,177700,0.0
2006-09-13,2207.0,2232.0,2198.0,2228.0,224048,193582,0.0
2006-09-14,2232.0,2238.0,2225.0,2232.0,111758,186516,0.0
2006-09-15,2229.0,2234.0,2222.0,2227.0,93134,178136,0.0
2006-09-18,2247.0,2250.0,2242.0,2244.0,84686,175908,0.0
2006-09-19,2249.0,2249.0,2230.0,2233.0,79824,168018,0.0
2006-09-20,2216.0,2228.0,2214.0,2221.0,67564,165258,0.0
2006-09-21,2231.0,2233.0,2223.0,2226.0,38606,159794,0.0
2006-09-22,2240.0,2242.0,2231.0,2232.0,48612,154438,0.0
2006-09-25,2216.0,2220.0,2205.0,2208.0,65366,154952,0.0
2006-09-26,2210.0,2220.0,2209.0,2219.0,42220,149676,0.0
2006-09-27,2215.0,2215.0,2202.0,2213.0,66236,150256,0.0
2006-09-28,2212.0,2214.0,2206.0,2209.0,32376,151378,0.0
2006-09-29,2223.0,2225.0,2213.0,2215.0,64324,151356,0.0
2006-10-09,2225.0,2231.0,2217.0,2217.0,76310,153836,0.0
2006-10-10,2230.0,2249.0,2227.0,2243.0,127890,145926,0.0
2006-10-11,2225.0,2232.0,2222.0,2228.0,46940,135514,0.0
2006-10-12,2232.0,2234.0,2223.0,2228.0,27116,133774,0.0
2006-10-13,2258.0,2265.0,2252.0,2255.0,73370,136624,0.0
2006-10-16,2266.0,2294.0,2258.0,2283.0,150516,148668,0.0
2006-10-17,2363.0,2402.0,2355.0,2394.0,137372,103618,0.0
2006-10-18,2393.0,2408.0,2366.0,2368.0,185786,120422,0.0
2006-10-19,2382.0,2399.0,2377.0,2387.0,145438,131678,0.0
2006-10-20,2382.0,2387.0,2370.0,2377.0,107536,125172,0.0
2006-10-23,2367.0,2370.0,2349.0,2353.0,89470,117628,0.0
2006-10-24,2385.0,2394.0,2375.0,2378.0,116780,123110,0.0
2006-10-25,2390.0,2396.0,2375.0,2382.0,191856,140150,0.0
2006-10-26,2364.0,2376.0,2362.0,2371.0,103496,137158,0.0
2006-10-27,2386.0,2434.0,2382.0,2418.0,345214,190818,0.0
2006-10-30,2420.0,2455.0,2408.0,2436.0,367494,208820,0.0
2006-10-31,2426.0,2441.0,2388.0,2393.0,327930,197332,0.0
2006-11-01,2385.0,2398.0,2377.0,2392.0,137934,198388,0.0
2006-11-02,2437.0,2450.0,2426.0,2430.0,76848,205516,0.0
2006-11-03,2406.0,2412.0,2399.0,2408.0,43942,215378,0.0
2006-11-06,2406.0,2423.0,2399.0,2410.0,148820,203586,0.0
2006-11-07,2431.0,2443.0,2426.0,2439.0,42798,216044,0.0
2006-11-08,2437.0,2441.0,2432.0,2437.0,33820,197378,0.0
2006-11-09,2458.0,2466.0,2444.0,2451.0,225872,200364,0.0
2006-11-10,2437.0,2443.0,2426.0,2438.0,109110,200666,0.0
2006-11-13,2423.0,2463.0,2422.0,2452.0,187358,214390,0.0
2006-11-14,2436.0,2449.0,2419.0,2421.0,171364,224136,0.0
2006-11-15,2454.0,2469.0,2447.0,2453.0,207758,221776,0.0
2006-11-16,2440.0,2488.0,2439.0,2474.0,296520,250320,0.0
2006-11-17,2462.0,2473.0,2446.0,2451.0,192630,273842,0.0
2006-11-20,2485.0,2556.0,2480.0,2503.0,318762,320326,0.0
2006-11-21,2499.0,2502.0,2455.0,2457.0,273500,348922,0.0
2006-11-22,2470.0,2473.0,2436.0,2458.0,232346,339626,0.0
2006-11-23,2450.0,2458.0,2424.0,2426.0,180004,316372,0.0
2006-11-24,2428.0,2435.0,2415.0,2432.0,132728,312554,0.0
2006-11-27,2466.0,2478.0,2447.0,2447.0,191572,312068,0.0
2006-11-28,2443.0,2455.0,2428.0,2442.0,121404,311324,0.0
2006-11-29,2450.0,2453.0,2401.0,2409.0,159978,294476,0.0
2006-11-30,2420.0,2422.0,2408.0,2415.0,69442,289650,0.0
2006-12-01,2414.0,2423.0,2374.0,2389.0,147986,281298,0.0
2006-12-04,2360.0,2362.0,2333.0,2336.0,161730,273896,0.0
2006-12-05,2300.0,2319.0,2298.0,2312.0,122564,261796,0.0
2006-12-06,2317.0,2316.0,2288.0,2293.0,120282,260992,0.0
2006-12-07,2288.0,2319.0,2279.0,2318.0,185282,259130,0.0
2006-12-08,2329.0,2330.0,2314.0,2321.0,110778,254886,0.0
2006-12-11,2315.0,2332.0,2313.0,2323.0,97472,254456,0.0
2006-12-12,2328.0,2342.0,2325.0,2327.0,94212,253686,0.0
2006-12-13,2325.0,2325.0,2299.0,2307.0,87170,257796,0.0
2006-12-14,2315.0,2335.0,2309.0,2328.0,116530,259242,0.0
2006-12-15,2325.0,2327.0,2306.0,2313.0,77918,262564,0.0
2006-12-18,2300.0,2300.0,2281.0,2288.0,91032,279188,0.0
2006-12-19,2268.0,2288.0,2268.0,2287.0,93722,280068,0.0
2006-12-20,2296.0,2296.0,2284.0,2286.0,54244,276030,0.0
2006-12-21,2284.0,2314.0,2280.0,2308.0,154772,286230,0.0
2006-12-22,2306.0,2315.0,2297.0,2307.0,127900,286256,0.0
2006-12-25,2318.0,2345.0,2315.0,2343.0,161584,278198,0.0
2006-12-26,2342.0,2368.0,2339.0,2364.0,165102,275772,0.0
2006-12-27,2370.0,2380.0,2352.0,2359.0,140238,265002,0.0
2006-12-28,2355.0,2396.0,2349.0,2388.0,219008,273666,0.0
2006-12-29,2386.0,2402.0,2378.0,2400.0,177530,265156,0.0
2007-01-04,2360.0,2360.0,2321.0,2323.0,146418,247384,0.0
2007-01-05,2325.0,2354.0,2325.0,2349.0,143092,260506,0.0
2007-01-08,2352.0,2355.0,2331.0,2339.0,93764,263084,0.0
2007-01-09,2325.0,2337.0,2318.0,2323.0,94336,262136,0.0
2007-01-10,2310.0,2330.0,2305.0,2329.0,89246,263384,0.0
2007-01-11,2329.0,2347.0,2323.0,2332.0,89186,266590,0.0
2007-01-12,2338.0,2341.0,2318.0,2323.0,66442,263412,0.0
2007-01-15,2420.0,2420.0,2419.0,2420.0,40624,240918,0.0
2007-01-16,2449.0,2449.0,2419.0,2431.0,162884,210146,0.0
2007-01-17,2578.0,2616.0,2566.0,2604.0,126580,93556,0.0
2007-01-18,2490.0,2498.0,2463.0,2467.0,150330,190816,0.0
2007-01-19,2601.0,2605.0,2561.0,2577.0,156824,109832,0.0
2007-01-22,2549.0,2578.0,2537.0,2571.0,98064,115370,0.0
2007-01-23,2578.0,2595.0,2571.0,2586.0,115318,119590,0.0
2007-01-24,2600.0,2608.0,2565.0,2567.0,162092,126194,0.0
2007-01-25,2573.0,2598.0,2566.0,2594.0,193414,142480,0.0
2007-01-26,2589.0,2591.0,2567.0,2574.0,141700,138608,0.0
2007-01-29,2582.0,2590.0,2572.0,2579.0,97058,142528,0.0
2007-01-30,2578.0,2579.0,2545.0,2552.0,123646,142636,0.0
2007-01-31,2576.0,2584.0,2563.0,2580.0,135204,152432,0.0
2007-02-01,2574.0,2589.0,2568.0,2586.0,137222,149022,0.0
2007-02-02,2574.0,2599.0,2566.0,2595.0,194000,157074,0.0
2007-02-05,2640.0,2650.0,2623.0,2626.0,163118,167894,0.0
2007-02-06,2618.0,2646.0,2618.0,2637.0,190258,172158,0.0
2007-02-07,2632.0,2660.0,2626.0,2659.0,192396,193444,0.0
2007-02-08,2650.0,2654.0,2632.0,2635.0,210712,189542,0.0
2007-02-09,2652.0,2668.0,2646.0,2649.0,248332,198082,0.0
2007-02-12,2655.0,2658.0,2637.0,2639.0,150086,203348,0.0
2007-02-13,2635.0,2636.0,2613.0,2616.0,119050,200944,0.0
2007-02-14,2635.0,2639.0,2631.0,2632.0,115000,194340,0.0
2007-02-15,2632.0,2657.0,2626.0,2650.0,127696,190340,0.0
2007-02-16,2653.0,2689.0,2653.0,2689.0,152962,187688,0.0
2007-02-26,2728.0,2778.0,2728.0,2769.0,223514,208370,0.0
2007-02-27,2751.0,2788.0,2748.0,2752.0,304676,219798,0.0
2007-02-28,2710.0,2731.0,2687.0,2724.0,339096,225618,0.0
2007-03-01,2742.0,2754.0,2707.0,2709.0,299306,232204,0.0
2007-03-02,2672.0,2697.0,2672.0,2695.0,293732,239984,0.0
2007-03-05,2681.0,2691.0,2664.0,2678.0,262662,256328,0.0
2007-03-06,2690.0,2709.0,2687.0,2707.0,244886,253400,0.0
2007-03-07,2700.0,2701.0,2684.0,2689.0,124346,256144,0.0
2007-03-08,2700.0,2705.0,2692.0,2697.0,172350,264344,0.0
2007-03-09,2691.0,2697.0,2675.0,2676.0,162028,257036,0.0
2007-03-12,2677.0,2689.0,2670.0,2683.0,124920,257772,0.0
2007-03-13,2691.0,2697.0,2685.0,2686.0,117462,264484,0.0
2007-03-14,2672.0,2677.0,2651.0,2653.0,209410,276252,0.0
2007-03-15,2666.0,2676.0,2665.0,2666.0,155414,272358,0.0
2007-03-16,2650.0,2654.0,2636.0,2648.0,241468,288340,0.0
2007-03-19,2661.0,2667.0,2652.0,2661.0,158178,303878,0.0
2007-03-20,2660.0,2662.0,2653.0,2656.0,120238,318656,0.0
2007-03-21,2670.0,2676.0,2660.0,2660.0,179322,320660,0.0
2007-03-22,2660.0,2666.0,2654.0,2657.0,132366,332154,0.0
2007-03-23,2668.0,2669.0,2658.0,2658.0,96022,331130,0.0
2007-03-26,2653.0,2655.0,2636.0,2641.0,132280,328576,0.0
2007-03-27,2628.0,2640.0,2619.0,2636.0,116616,324602,0.0
2007-03-28,2638.0,2645.0,2636.0,2641.0,63610,326794,0.0
2007-03-29,2655.0,2655.0,2645.0,2646.0,76600,323776,0.0
2007-03-30,2653.0,2680.0,2649.0,2680.0,181330,322526,0.0
2007-04-02,2619.0,2650.0,2610.0,2645.0,211200,348282,0.0
2007-04-03,2670.0,2676.0,2659.0,2672.0,222808,343572,0.0
2007-04-04,2655.0,2664.0,2651.0,2660.0,152298,350140,0.0
2007-04-05,2652.0,2656.0,2645.0,2645.0,135750,365096,0.0
2007-04-06,2645.0,2647.0,2630.0,2635.0,99172,357916,0.0
2007-04-09,2645.0,2662.0,2644.0,2645.0,144786,347352,0.0
2007-04-10,2625.0,2635.0,2603.0,2611.0,133582,350304,0.0
2007-04-11,2609.0,2616.0,2601.0,2611.0,111786,359920,0.0
2007-04-12,2605.0,2623.0,2561.0,2566.0,299046,371204,0.0
2007-04-13,2563.0,2569.0,2506.0,2511.0,296404,352214,0.0
2007-04-16,2501.0,2522.0,2490.0,2510.0,243632,365018,0.0
2007-04-17,2512.0,2525.0,2483.0,2490.0,245634,369446,0.0
2007-04-18,2480.0,2484.0,2434.0,2451.0,359742,344348,0.0
2007-04-19,2454.0,2465.0,2431.0,2462.0,329902,329410,0.0
2007-04-20,2463.0,2475.0,2453.0,2469.0,187084,327082,0.0
2007-04-23,2463.0,2482.0,2453.0,2479.0,63858,328708,0.0
2007-04-24,2475.0,2476.0,2462.0,2470.0,141068,313886,0.0
2007-04-25,2458.0,2500.0,2453.0,2489.0,281834,313548,0.0
2007-04-26,2505.0,2538.0,2505.0,2528.0,308210,310468,0.0
2007-04-27,2517.0,2542.0,2508.0,2535.0,348244,308320,0.0
2007-04-30,2525.0,2543.0,2525.0,2536.0,172342,306382,0.0
2007-05-08,2535.0,2544.0,2520.0,2530.0,143844,301704,0.0
2007-05-09,2532.0,2564.0,2530.0,2557.0,233638,310306,0.0
2007-05-10,2565.0,2566.0,2545.0,2552.0,166210,300402,0.0
2007-05-11,2548.0,2550.0,2525.0,2545.0,196824,302494,0.0
2007-05-14,2574.0,2597.0,2571.0,2591.0,184214,303024,0.0
2007-05-15,2590.0,2592.0,2568.0,2572.0,237694,303506,0.0
2007-05-16,2600.0,2617.0,2595.0,2599.0,197522,309926,0.0
2007-05-17,2630.0,2630.0,2588.0,2589.0,259786,322042,0.0
2007-05-18,2602.0,2616.0,2589.0,2599.0,230670,319168,0.0
2007-05-21,2589.0,2613.0,2573.0,2608.0,257858,332666,0.0
2007-05-22,2606.0,2624.0,2605.0,2607.0,254062,333302,0.0
2007-05-23,2601.0,2627.0,2598.0,2613.0,326702,349218,0.0
2007-05-24,2628.0,2649.0,2627.0,2632.0,286202,345640,0.0
2007-05-25,2635.0,2637.0,2610.0,2612.0,320870,377248,0.0
2007-05-28,2635.0,2637.0,2610.0,2617.0,312090,383126,0.0
2007-05-29,2635.0,2637.0,2566.0,2570.0,280276,388442,0.0
2007-05-30,2635.0,2637.0,2518.0,2523.0,284448,384722,0.0
2007-05-31,2548.0,2564.0,2537.0,2547.0,236022,375580,0.0
2007-06-01,2556.0,2561.0,2535.0,2549.0,199194,367722,0.0
2007-06-04,2571.0,2588.0,2561.0,2575.0,287102,347814,0.0
2007-06-05,2575.0,2581.0,2565.0,2575.0,136268,346300,0.0
2007-06-06,2589.0,2595.0,2554.0,2555.0,217472,350822,0.0
2007-06-07,2552.0,2556.0,2519.0,2550.0,331088,345244,0.0
2007-06-08,2565.0,2568.0,2510.0,2512.0,262336,338768,0.0
2007-06-11,2530.0,2547.0,2514.0,2543.0,294430,325932,0.0
2007-06-12,2531.0,2538.0,2522.0,2525.0,146304,315130,0.0
2007-06-13,2520.0,2521.0,2474.0,2483.0,202052,304658,0.0
2007-06-14,2500.0,2505.0,2480.0,2490.0,149918,299566,0.0
2007-06-15,2495.0,2495.0,2475.0,2482.0,84132,303982,0.0
2007-06-18,2520.0,2550.0,2516.0,2546.0,147696,280698,0.0
2007-06-19,2530.0,2547.0,2520.0,2528.0,157234,283430,0.0
2007-06-20,2490.0,2503.0,2484.0,2502.0,107162,277422,0.0
2007-06-21,2520.0,2523.0,2501.0,2513.0,74642,271424,0.0
2007-06-22,2607.0,2611.0,2580.0,2587.0,94834,74312,0.0
2007-06-25,2560.0,2575.0,2548.0,2574.0,93304,82186,0.0
2007-06-26,2579.0,2579.0,2524.0,2535.0,170596,105292,0.0
2007-06-27,2540.0,2566.0,2518.0,2556.0,276442,134940,0.0
2007-06-28,2551.0,2567.0,2533.0,2553.0,250730,150740,0.0
2007-06-29,2542.0,2569.0,2542.0,2563.0,154142,145124,0.0
2007-07-02,2662.0,2662.0,2630.0,2662.0,193194,161448,0.0
2007-07-03,2663.0,2669.0,2623.0,2625.0,368480,184942,0.0
2007-07-04,2615.0,2617.0,2593.0,2610.0,318844,201652,0.0
2007-07-05,2625.0,2625.0,2602.0,2618.0,219320,220450,0.0
2007-07-06,2610.0,2623.0,2602.0,2621.0,175208,231858,0.0
2007-07-09,2604.0,2608.0,2562.0,2563.0,306774,242018,0.0
2007-07-10,2575.0,2582.0,2553.0,2564.0,297822,232802,0.0
2007-07-11,2590.0,2668.0,2585.0,2631.0,530938,250084,0.0
2007-07-12,2638.0,2706.0,2631.0,2704.0,621532,280450,0.0
2007-07-13,2720.0,2735.0,2683.0,2699.0,705756,270754,0.0
2007-07-16,2720.0,2735.0,2683.0,2699.0,705756,270754,0.0
2007-07-18,2720.0,2735.0,2620.0,2623.0,466862,282060,0.0
2007-07-19,2622.0,2626.0,2585.0,2588.0,516552,283152,0.0
2007-07-20,2596.0,2635.0,2588.0,2630.0,532322,265092,0.0
2007-07-23,2605.0,2609.0,2586.0,2595.0,394956,277296,0.0
2007-07-24,2564.0,2568.0,2554.0,2560.0,364454,285466,0.0
2007-07-25,2560.0,2566.0,2550.0,2564.0,309060,289076,0.0
2007-07-26,2556.0,2580.0,2541.0,2572.0,354278,291934,0.0
2007-07-27,2565.0,2571.0,2548.0,2553.0,301852,304786,0.0
2007-07-30,2560.0,2602.0,2560.0,2595.0,336636,276426,0.0
2007-07-31,2599.0,2635.0,2596.0,2627.0,461224,285262,0.0
2007-08-01,2650.0,2654.0,2605.0,2613.0,421592,274216,0.0
2007-08-02,2608.0,2623.0,2601.0,2617.0,300978,293582,0.0
2007-08-03,2620.0,2650.0,2620.0,2644.0,306694,285622,0.0
2007-08-06,2620.0,2665.0,2618.0,2638.0,426768,290558,0.0
2007-08-07,2644.0,2661.0,2638.0,2645.0,253778,304790,0.0
2007-08-08,2660.0,2691.0,2660.0,2689.0,486948,307044,0.0
2007-08-09,2705.0,2710.0,2684.0,2691.0,405554,297336,0.0
2007-08-10,2695.0,2749.0,2685.0,2748.0,694454,309084,0.0
2007-08-13,2771.0,2828.0,2760.0,2820.0,658226,329720,0.0
2007-08-14,2805.0,2838.0,2798.0,2829.0,1111262,343868,0.0
2007-08-15,2800.0,2832.0,2800.0,2825.0,853262,351098,0.0
2007-08-16,2799.0,2805.0,2752.0,2760.0,614550,301464,0.0
2007-08-17,2699.0,2735.0,2690.0,2698.0,739446,273510,0.0
2007-08-20,2699.0,2746.0,2690.0,2744.0,225072,270684,0.0
2007-08-21,2835.0,2886.0,2830.0,2885.0,385854,197002,0.0
2007-08-22,2888.0,2897.0,2865.0,2873.0,576340,236284,0.0
2007-08-23,2922.0,2938.0,2907.0,2909.0,700948,283794,0.0
2007-08-24,2926.0,2929.0,2885.0,2897.0,696542,298234,0.0
2007-08-27,2878.0,2908.0,2875.0,2884.0,545068,309318,0.0
2007-08-28,2910.0,2958.0,2899.0,2956.0,757474,351880,0.0
2007-08-29,2948.0,2964.0,2938.0,2952.0,1002924,385776,0.0
2007-08-30,2970.0,3028.0,2966.0,3004.0,1049020,405012,0.0
2007-08-31,3030.0,3043.0,3011.0,3017.0,874234,391564,0.0
2007-09-03,3011.0,3033.0,3000.0,3021.0,646430,409306,0.0
2007-09-04,3036.0,3130.0,3033.0,3044.0,1421986,432912,0.0
2007-09-05,3101.0,3105.0,3038.0,3068.0,1254572,451762,0.0
2007-09-06,3038.0,3085.0,3038.0,3073.0,977038,460262,0.0
2007-09-07,3066.0,3097.0,3061.0,3084.0,937042,462480,0.0
2007-09-10,3120.0,3164.0,3119.0,3162.0,841656,489922,0.0
2007-09-11,3166.0,3190.0,3122.0,3137.0,997420,481500,0.0
2007-09-12,3155.0,3156.0,3117.0,3142.0,969914,528282,0.0
2007-09-13,3169.0,3170.0,3086.0,3099.0,1189768,487576,0.0
2007-09-14,3100.0,3113.0,3078.0,3109.0,819408,504052,0.0
2007-09-17,3177.0,3195.0,3153.0,3188.0,777372,475406,0.0
2007-09-18,3182.0,3250.0,3173.0,3239.0,1066862,488150,0.0
2007-09-19,3252.0,3279.0,3166.0,3209.0,1563464,527332,0.0
2007-09-20,3220.0,3234.0,3168.0,3184.0,959662,517186,0.0
2007-09-21,3230.0,3245.0,3166.0,3171.0,907286,511178,0.0
2007-09-24,3181.0,3183.0,3124.0,3134.0,659694,500756,0.0
2007-09-25,3106.0,3152.0,3106.0,3143.0,703934,488422,0.0
2007-09-26,3135.0,3202.0,3135.0,3200.0,894526,516418,0.0
2007-09-27,3238.0,3240.0,3204.0,3230.0,838588,507508,0.0
2007-09-28,3247.0,3250.0,3197.0,3224.0,639390,481270,0.0
2007-10-08,3092.0,3138.0,3092.0,3092.0,568760,495250,0.0
2007-10-09,3068.0,3106.0,3061.0,3105.0,584658,497026,0.0
2007-10-10,3132.0,3193.0,3121.0,3186.0,808640,535510,0.0
2007-10-11,3200.0,3200.0,3155.0,3161.0,611406,513226,0.0
2007-10-12,3165.0,3188.0,3148.0,3185.0,453704,506200,0.0
2007-10-15,3171.0,3240.0,3171.0,3239.0,561214,505010,0.0
2007-10-16,3244.0,3268.0,3216.0,3246.0,580246,492914,0.0
2007-10-17,3228.0,3249.0,3199.0,3203.0,756442,521266,0.0
2007-10-18,3215.0,3258.0,3210.0,3251.0,689362,512664,0.0
2007-10-19,3266.0,3295.0,3266.0,3283.0,645978,514386,0.0
2007-10-22,3235.0,3245.0,3201.0,3211.0,438502,485794,0.0
2007-10-23,3245.0,3282.0,3240.0,3277.0,525734,471008,0.0
2007-10-24,3278.0,3289.0,3266.0,3268.0,537670,478770,0.0
2007-10-25,3266.0,3278.0,3226.0,3244.0,518458,471306,0.0
2007-10-26,3297.0,3315.0,3282.0,3293.0,549396,443888,0.0
2007-10-29,3291.0,3368.0,3291.0,3346.0,569558,443286,0.0
2007-10-30,3340.0,3354.0,3301.0,3337.0,661020,493628,0.0
2007-10-31,3303.0,3365.0,3302.0,3317.0,1081192,517086,0.0
2007-11-01,3354.0,3367.0,3314.0,3334.0,501080,491172,0.0
2007-11-02,3305.0,3309.0,3267.0,3285.0,471658,485226,0.0
2007-11-05,3275.0,3313.0,3258.0,3277.0,463110,488532,0.0
2007-11-06,3295.0,3352.0,3289.0,3351.0,488394,488838,0.0
2007-11-07,3388.0,3395.0,3350.0,3354.0,609066,471134,0.0
2007-11-08,3335.0,3363.0,3335.0,3358.0,329184,466368,0.0
2007-11-09,3355.0,3393.0,3340.0,3389.0,500682,468072,0.0
2007-11-12,3395.0,3431.0,3382.0,3408.0,906620,508062,0.0
2007-11-13,3402.0,3466.0,3383.0,3463.0,775534,515602,0.0
2007-11-14,3497.0,3502.0,3465.0,3485.0,720922,531536,0.0
2007-11-15,3502.0,3525.0,3486.0,3508.0,589558,498440,0.0
2007-11-16,3525.0,3565.0,3485.0,3538.0,1071566,528646,0.0
2007-11-19,3567.0,3567.0,3412.0,3467.0,635770,245062,0.0
2007-11-20,3481.0,3487.0,3385.0,3385.0,794962,481046,0.0
2007-11-21,3440.0,3453.0,3337.0,3398.0,808954,448188,0.0
2007-11-22,3386.0,3435.0,3373.0,3422.0,495566,436320,0.0
2007-11-23,3310.0,3349.0,3285.0,3334.0,473776,214642,0.0
2007-11-26,3376.0,3400.0,3363.0,3375.0,435228,249820,0.0
2007-11-27,3335.0,3353.0,3309.0,3317.0,327886,271372,0.0
2007-11-28,3300.0,3312.0,3234.0,3234.0,502840,286104,0.0
2007-11-29,3269.0,3280.0,3210.0,3220.0,763696,276370,0.0
2007-11-30,3200.0,3208.0,3115.0,3129.0,610246,281804,0.0
2007-12-03,3130.0,3164.0,3099.0,3122.0,720916,289058,0.0
2007-12-04,3140.0,3155.0,3087.0,3109.0,827296,290138,0.0
2007-12-05,3144.0,3192.0,3126.0,3189.0,894202,296736,0.0
2007-12-06,3165.0,3190.0,3143.0,3149.0,875056,271098,0.0
2007-12-07,3188.0,3245.0,3160.0,3234.0,986128,262004,0.0
2007-12-10,3265.0,3337.0,3242.0,3336.0,914140,293924,0.0
2007-12-11,3333.0,3349.0,3304.0,3338.0,1293266,315248,0.0
2007-12-12,3330.0,3338.0,3287.0,3297.0,965408,320334,0.0
2007-12-13,3345.0,3405.0,3343.0,3362.0,1006150,342588,0.0
2007-12-14,3370.0,3382.0,3345.0,3375.0,891354,344642,0.0
2007-12-17,3425.0,3446.0,3391.0,3394.0,765192,351956,0.0
2007-12-18,3370.0,3377.0,3291.0,3300.0,836230,339194,0.0
2007-12-19,3303.0,3324.0,3276.0,3307.0,1225956,358242,0.0
2007-12-20,3308.0,3319.0,3279.0,3307.0,1007450,370824,0.0
2007-12-21,3281.0,3318.0,3257.0,3295.0,1010448,364954,0.0
2007-12-24,3315.0,3355.0,3303.0,3313.0,1120582,390362,0.0
2007-12-25,3315.0,3326.0,3294.0,3324.0,722682,392326,0.0
2007-12-26,3335.0,3395.0,3335.0,3386.0,917554,390466,0.0
2007-12-27,3447.0,3448.0,3366.0,3370.0,915826,362428,0.0
2007-12-28,3386.0,3415.0,3366.0,3412.0,648988,324458,0.0
2007-12-31,3386.0,3415.0,3366.0,3412.0,648988,324458,0.0
2008-01-01,3386.0,3415.0,3366.0,3412.0,648988,324458,0.0
2008-01-02,3399.0,3434.0,3385.0,3408.0,554242,331984,0.0
2008-01-03,3440.0,3477.0,3429.0,3442.0,787032,344822,0.0
2008-01-04,3467.0,3488.0,3429.0,3437.0,811322,335072,0.0
2008-01-07,3418.0,3440.0,3393.0,3438.0,428004,340250,0.0
2008-01-08,3429.0,3464.0,3405.0,3414.0,861382,375914,0.0
2008-01-09,3450.0,3464.0,3430.0,3450.0,807334,335136,0.0
2008-01-10,3420.0,3435.0,3415.0,3426.0,410694,315656,0.0
2008-01-11,3431.0,3464.0,3427.0,3463.0,408406,304564,0.0
2008-01-14,3500.0,3581.0,3493.0,3572.0,889004,332164,0.0
2008-01-15,3542.0,3565.0,3491.0,3510.0,687432,321574,0.0
2008-01-16,3512.0,3520.0,3404.0,3432.0,902390,326564,0.0
2008-01-17,3415.0,3448.0,3360.0,3434.0,792216,327734,0.0
2008-01-18,3371.0,3389.0,3281.0,3308.0,908888,330986,0.0
2008-01-21,3310.0,3350.0,3274.0,3341.0,583134,313960,0.0
2008-01-22,3250.0,3255.0,3200.0,3209.0,564982,302456,0.0
2008-01-23,3290.0,3297.0,3216.0,3264.0,524756,299096,0.0
2008-01-24,3200.0,3226.0,3168.0,3220.0,595536,298032,0.0
2008-01-25,3256.0,3288.0,3249.0,3281.0,431554,289106,0.0
2008-01-28,3260.0,3316.0,3260.0,3284.0,548944,306664,0.0
2008-01-29,3318.0,3332.0,3306.0,3318.0,432050,304796,0.0
2008-01-31,3268.0,3281.0,3238.0,3271.0,581974,286796,0.0
2008-02-01,3301.0,3311.0,3280.0,3295.0,485744,265828,0.0
2008-02-04,3302.0,3335.0,3299.0,3333.0,318986,255154,0.0
2008-02-05,3355.0,3396.0,3350.0,3373.0,353682,237290,0.0
2008-02-13,3370.0,3376.0,3317.0,3355.0,315024,251602,0.0
2008-02-14,3370.0,3480.0,3369.0,3479.0,597562,284584,0.0
2008-02-15,3522.0,3538.0,3468.0,3484.0,765460,302858,0.0
2008-02-18,3480.0,3605.0,3472.0,3596.0,959410,333922,0.0
2008-02-19,3600.0,3645.0,3537.0,3573.0,1025792,324742,0.0
2008-02-20,3575.0,3605.0,3520.0,3523.0,1155654,315612,0.0
2008-02-21,3572.0,3598.0,3563.0,3596.0,778826,318558,0.0
2008-02-22,3554.0,3567.0,3517.0,3548.0,706360,304676,0.0
2008-02-25,3604.0,3661.0,3588.0,3620.0,847656,322130,0.0
2008-02-26,3631.0,3646.0,3507.0,3538.0,1012006,351110,0.0
2008-02-27,3598.0,3599.0,3536.0,3550.0,891256,365944,0.0
2008-02-28,3540.0,3553.0,3510.0,3537.0,677736,372722,0.0
2008-02-29,3578.0,3635.0,3571.0,3633.0,841654,395998,0.0
2008-03-03,3661.0,3744.0,3660.0,3744.0,847546,398030,0.0
2008-03-04,3701.0,3749.0,3564.0,3606.0,1041136,378914,0.0
2008-03-05,3560.0,3593.0,3514.0,3567.0,873756,410326,0.0
2008-03-06,3590.0,3680.0,3542.0,3669.0,1325772,458276,0.0
2008-03-07,3551.0,3623.0,3545.0,3592.0,1472590,412330,0.0
2008-03-10,3449.0,3495.0,3449.0,3449.0,475670,405398,0.0
2008-03-11,3511.0,3544.0,3496.0,3539.0,785640,366974,0.0
2008-03-12,3539.0,3539.0,3395.0,3450.0,856410,336764,0.0
2008-03-13,3468.0,3515.0,3398.0,3511.0,1090242,345052,0.0
2008-03-14,3505.0,3525.0,3480.0,3502.0,678386,340596,0.0
2008-03-17,3401.0,3463.0,3401.0,3426.0,674136,338814,0.0
2008-03-18,3296.0,3315.0,3296.0,3296.0,59988,323598,0.0
2008-03-19,3315.0,3366.0,3288.0,3330.0,880784,317574,0.0
2008-03-20,3201.0,3225.0,3201.0,3201.0,309812,309996,0.0
2008-03-21,3180.0,3225.0,3138.0,3149.0,667370,301972,0.0
2008-03-24,3200.0,3225.0,3183.0,3201.0,620666,298618,0.0
2008-03-25,3290.0,3310.0,3252.0,3290.0,528936,277840,0.0
2008-03-26,3350.0,3360.0,3314.0,3318.0,365676,260150,0.0
2008-03-27,3301.0,3320.0,3270.0,3272.0,313428,259310,0.0
2008-03-28,3284.0,3291.0,3207.0,3231.0,251460,252482,0.0
2008-03-31,3203.0,3237.0,3189.0,3234.0,252024,247442,0.0
2008-04-01,3057.0,3057.0,3057.0,3057.0,9092,242756,0.0
2008-04-02,3077.0,3087.0,2983.0,3001.0,486694,247826,0.0
2008-04-03,3040.0,3048.0,3007.0,3025.0,357946,227378,0.0
2008-04-04,3040.0,3048.0,3007.0,3025.0,357946,227378,0.0
2008-04-07,3052.0,3176.0,3042.0,3170.0,489118,226214,0.0
2008-04-08,3150.0,3159.0,3108.0,3130.0,360644,212396,0.0
2008-04-09,3118.0,3190.0,3118.0,3156.0,462882,201202,0.0
2008-04-10,3259.0,3276.0,3233.0,3253.0,436442,198484,0.0
2008-04-11,3252.0,3279.0,3217.0,3265.0,440600,188226,0.0
2008-04-14,3250.0,3336.0,3235.0,3313.0,539004,170962,0.0
2008-04-15,3320.0,3408.0,3320.0,3400.0,569764,172846,0.0
2008-04-16,3381.0,3394.0,3343.0,3366.0,398392,171132,0.0
2008-04-17,3336.0,3365.0,3325.0,3349.0,328002,173810,0.0
2008-04-18,3355.0,3430.0,3347.0,3415.0,466592,173560,0.0
2008-04-21,3405.0,3418.0,3237.0,3308.0,610414,185266,0.0
2008-04-22,3290.0,3328.0,3263.0,3282.0,444276,172242,0.0
2008-04-23,3380.0,3395.0,3359.0,3394.0,334330,169630,0.0
2008-04-24,3373.0,3381.0,3351.0,3375.0,242166,159962,0.0
2008-04-25,3310.0,3328.0,3298.0,3311.0,204000,154962,0.0
2008-04-28,3313.0,3360.0,3310.0,3354.0,157440,153432,0.0
2008-04-29,3301.0,3329.0,3275.0,3310.0,236206,151872,0.0
2008-04-30,3306.0,3327.0,3303.0,3324.0,152266,134422,0.0
2008-05-01,3306.0,3327.0,3303.0,3324.0,152266,134422,0.0
2008-05-02,3306.0,3327.0,3303.0,3324.0,152266,134422,0.0
2008-05-05,3312.0,3404.0,3312.0,3397.0,270776,154396,0.0
2008-05-06,3391.0,3463.0,3388.0,3457.0,385908,180170,0.0
2008-05-07,3461.0,3469.0,3426.0,3429.0,352248,176104,0.0
2008-05-08,3474.0,3484.0,3405.0,3449.0,366880,166852,0.0
2008-05-09,3450.0,3457.0,3425.0,3448.0,263610,153650,0.0
2008-05-12,3500.0,3608.0,3496.0,3567.0,405024,161626,0.0
2008-05-13,3562.0,3577.0,3532.0,3561.0,337536,166250,0.0
2008-05-14,3602.0,3618.0,3579.0,3600.0,354990,161974,0.0
2008-05-15,3595.0,3628.0,3575.0,3601.0,341710,161450,0.0
2008-05-16,3586.0,3642.0,3585.0,3633.0,298334,158466,0.0
2008-05-19,3638.0,3648.0,3609.0,3625.0,219804,161838,0.0
2008-05-20,3605.0,3679.0,3592.0,3655.0,296348,176092,0.0
2008-05-21,3650.0,3677.0,3613.0,3640.0,401626,173144,0.0
2008-05-22,3685.0,3720.0,3659.0,3675.0,244164,161536,0.0
2008-05-23,3638.0,3680.0,3627.0,3679.0,175246,165016,0.0
2008-05-26,3720.0,3791.0,3711.0,3764.0,403878,193946,0.0
2008-05-27,3760.0,3777.0,3723.0,3725.0,361390,180326,0.0
2008-05-28,3680.0,3744.0,3680.0,3734.0,248058,158776,0.0
2008-05-29,3728.0,3747.0,3715.0,3731.0,241464,161134,0.0
2008-05-30,3685.0,3710.0,3650.0,3663.0,243510,156486,0.0
2008-06-02,3720.0,3747.0,3707.0,3708.0,169892,151944,0.0
2008-06-03,3584.0,3628.0,3570.0,3627.0,170864,76392,0.0
2008-06-04,3720.0,3728.0,3676.0,3680.0,169688,148404,0.0
2008-06-05,3739.0,3752.0,3709.0,3748.0,220742,150852,0.0
2008-06-06,3849.0,3885.0,3848.0,3871.0,136906,137224,0.0
2008-06-09,3849.0,3885.0,3848.0,3871.0,136906,137224,0.0
2008-06-10,3891.0,3955.0,3870.0,3946.0,186292,149020,0.0
2008-06-11,3948.0,4061.0,3932.0,3990.0,473812,142560,0.0
2008-06-12,4099.0,4154.0,4051.0,4060.0,355826,123964,0.0
2008-06-13,4080.0,4085.0,4026.0,4035.0,198072,119240,0.0
2008-06-16,4086.0,4219.0,4082.0,4199.0,357664,143386,0.0
2008-06-17,4166.0,4211.0,4131.0,4210.0,329050,140398,0.0
2008-06-18,4268.0,4291.0,4235.0,4253.0,345462,148050,0.0
2008-06-19,4280.0,4288.0,4226.0,4235.0,375704,153076,0.0
2008-06-20,4218.0,4220.0,4161.0,4195.0,309916,149162,0.0
2008-06-23,4150.0,4169.0,4121.0,4149.0,198334,138952,0.0
2008-06-24,3818.0,3890.0,3818.0,3888.0,207214,106152,0.0
2008-06-25,3873.0,3988.0,3862.0,3980.0,477954,148410,0.0
2008-06-26,4015.0,4077.0,3979.0,4003.0,594866,160288,0.0
2008-06-27,4033.0,4148.0,4033.0,4146.0,563974,192354,0.0
2008-06-30,4166.0,4166.0,4039.0,4049.0,701578,175904,0.0
2008-07-01,4099.0,4117.0,4039.0,4093.0,734206,175554,0.0
2008-07-02,4166.0,4198.0,4134.0,4194.0,864416,194740,0.0
2008-07-03,4218.0,4222.0,4012.0,4088.0,1170582,186886,0.0
2008-07-04,4135.0,4227.0,4112.0,4227.0,1091126,219608,0.0
2008-07-07,4170.0,4183.0,4051.0,4090.0,1159234,214394,0.0
2008-07-08,3950.0,3967.0,3898.0,3900.0,679250,196040,0.0
2008-07-09,3936.0,3988.0,3905.0,3940.0,1241556,204108,0.0
2008-07-10,4019.0,4019.0,3936.0,3942.0,1415818,228668,0.0
2008-07-11,4014.0,4057.0,3973.0,4044.0,1106340,222666,0.0
2008-07-14,3961.0,3991.0,3942.0,3963.0,870262,203698,0.0
2008-07-15,3980.0,4011.0,3964.0,4002.0,855080,217130,0.0
2008-07-16,3925.0,3948.0,3912.0,3939.0,709170,207848,0.0
2008-07-17,3987.0,3994.0,3975.0,3980.0,231830,220544,0.0
2008-07-20,3897.0,3925.0,3877.0,3925.0,567382,194354,0.0
2008-07-21,3820.0,3830.0,3744.0,3780.0,767962,198248,0.0
2008-07-22,3759.0,3819.0,3747.0,3818.0,781034,218574,0.0
2008-07-23,3798.0,3809.0,3687.0,3722.0,1073274,204534,0.0
2008-07-24,3721.0,3770.0,3712.0,3747.0,679186,200454,0.0
2008-07-25,3753.0,3763.0,3688.0,3726.0,803890,176670,0.0
2008-07-28,3779.0,3810.0,3766.0,3792.0,484460,177450,0.0
2008-07-29,3775.0,3776.0,3658.0,3680.0,646732,177536,0.0
2008-07-30,3746.0,3756.0,3686.0,3737.0,749006,177498,0.0
2008-07-31,3750.0,3772.0,3737.0,3748.0,433824,170456,0.0
2008-08-01,3710.0,3718.0,3606.0,3638.0,602758,161264,0.0
2008-08-04,3570.0,3575.0,3467.0,3513.0,976290,182250,0.0
2008-08-05,3450.0,3450.0,3356.0,3356.0,616316,196710,0.0
2008-08-06,3335.0,3405.0,3308.0,3350.0,1128228,200180,0.0
2008-08-07,3290.0,3385.0,3288.0,3383.0,863488,206196,0.0
2008-08-08,3380.0,3390.0,3316.0,3330.0,798316,189696,0.0
2008-08-11,3245.0,3254.0,3176.0,3176.0,652792,181692,0.0
2008-08-12,3201.0,3309.0,3176.0,3281.0,1116796,209842,0.0
2008-08-13,3330.0,3408.0,3321.0,3408.0,854730,213478,0.0
2008-08-14,3549.0,3549.0,3440.0,3490.0,1020672,223660,0.0
2008-08-15,3381.0,3437.0,3319.0,3346.0,1359606,227098,0.0
2008-08-18,3460.0,3545.0,3450.0,3522.0,951652,240422,0.0
2008-08-19,3500.0,3528.0,3469.0,3493.0,1027152,247194,0.0
2008-08-20,3530.0,3609.0,3530.0,3586.0,1007502,253518,0.0
2008-08-21,3578.0,3602.0,3525.0,3568.0,994370,260714,0.0
2008-08-22,3601.0,3620.0,3556.0,3572.0,906816,259494,0.0
2008-08-25,3630.0,3690.0,3615.0,3681.0,991326,285526,0.0
2008-08-26,3640.0,3676.0,3531.0,3582.0,1323720,268770,0.0
2008-08-27,3666.0,3777.0,3661.0,3698.0,1058452,271044,0.0
2008-08-28,3650.0,3676.0,3627.0,3670.0,785366,282542,0.0
2008-08-29,3635.0,3655.0,3616.0,3646.0,701488,261316,0.0
2008-09-01,3645.0,3696.0,3635.0,3690.0,572784,273256,0.0
2008-09-02,3550.0,3593.0,3545.0,3566.0,554208,257018,0.0
2008-09-03,3598.0,3598.0,3569.0,3570.0,476672,261214,0.0
2008-09-04,3536.0,3547.0,3486.0,3518.0,749166,262542,0.0
2008-09-05,3460.0,3480.0,3426.0,3473.0,620400,253842,0.0
2008-09-08,3424.0,3469.0,3421.0,3435.0,697154,265958,0.0
2008-09-09,3416.0,3427.0,3326.0,3356.0,1097656,269298,0.0
2008-09-10,3351.0,3411.0,3351.0,3392.0,861012,286640,0.0
2008-09-11,3350.0,3384.0,3340.0,3363.0,803060,257002,0.0
2008-09-12,3410.0,3487.0,3404.0,3486.0,709496,256572,0.0
2008-09-15,3410.0,3498.0,3404.0,3489.0,727298,253936,0.0
2008-09-16,3440.0,3440.0,3282.0,3311.0,1103848,261662,0.0
2008-09-17,3330.0,3357.0,3276.0,3338.0,1260044,271888,0.0
2008-09-18,3399.0,3402.0,3291.0,3307.0,1298378,267108,0.0
2008-09-19,3318.0,3341.0,3283.0,3329.0,954120,267956,0.0
2008-09-22,3380.0,3476.0,3380.0,3465.0,1218910,280360,0.0
2008-09-23,3500.0,3520.0,3422.0,3443.0,986510,240216,0.0
2008-09-24,3450.0,3473.0,3421.0,3472.0,954860,248122,0.0
2008-09-25,3430.0,3460.0,3426.0,3449.0,626132,196550,0.0
2008-09-26,3428.0,3445.0,3401.0,3429.0,439006,165112,0.0
2008-10-06,3259.0,3259.0,3259.0,3259.0,2726,158954,0.0
2008-10-07,3097.0,3097.0,3097.0,3097.0,6144,154676,0.0
2008-10-08,2943.0,2990.0,2943.0,2943.0,331694,117234,0.0
2008-10-09,2976.0,2980.0,2823.0,2904.0,1119070,132242,0.0
2008-10-10,2796.0,2796.0,2751.0,2751.0,60406,120906,0.0
2008-10-13,2625.0,2777.0,2625.0,2714.0,899774,117032,0.0
2008-10-14,2809.0,2827.0,2740.0,2779.0,618266,115742,0.0
2008-10-15,2652.0,2699.0,2640.0,2680.0,765502,135596,0.0
2008-10-16,2535.0,2600.0,2535.0,2535.0,474214,129684,0.0
2008-10-17,2697.0,2697.0,2601.0,2697.0,525436,116702,0.0
2008-10-20,2756.0,2785.0,2733.0,2785.0,176444,121870,0.0
2008-10-21,2797.0,2818.0,2674.0,2725.0,763330,114516,0.0
2008-10-22,2719.0,2781.0,2611.0,2651.0,1400182,147260,0.0
2008-10-23,2630.0,2714.0,2562.0,2700.0,873816,143114,0.0
2008-10-24,2727.0,2727.0,2672.0,2727.0,466368,122546,0.0
2008-10-27,2768.0,2845.0,2650.0,2698.0,772750,111948,0.0
2008-10-28,2868.0,2868.0,2792.0,2868.0,449774,104662,0.0
2008-10-29,2820.0,2875.0,2778.0,2842.0,544822,94104,0.0
2008-10-30,2910.0,2928.0,2858.0,2890.0,467946,101630,0.0
2008-10-31,2680.0,2719.0,2668.0,2674.0,303472,99394,0.0
2008-11-03,2685.0,2717.0,2658.0,2681.0,668064,138968,0.0
2008-11-04,2660.0,2673.0,2557.0,2557.0,661762,181982,0.0
2008-11-05,2570.0,2613.0,2531.0,2545.0,1123214,226824,0.0
2008-11-06,2471.0,2507.0,2448.0,2452.0,682114,247902,0.0
2008-11-07,2453.0,2550.0,2442.0,2533.0,1092492,191062,0.0
2008-11-10,2563.0,2598.0,2558.0,2587.0,622088,180004,0.0
2008-11-11,2560.0,2560.0,2497.0,2514.0,737530,193646,0.0
2008-11-12,2521.0,2564.0,2505.0,2547.0,931508,190562,0.0
2008-11-13,2512.0,2548.0,2496.0,2540.0,785938,197100,0.0
2008-11-14,2560.0,2563.0,2520.0,2532.0,592284,170820,0.0
2008-11-17,2541.0,2551.0,2530.0,2539.0,321538,169318,0.0
2008-11-18,2531.0,2540.0,2485.0,2503.0,490652,190372,0.0
2008-11-19,2515.0,2549.0,2492.0,2545.0,516118,185590,0.0
2008-11-20,2500.0,2510.0,2467.0,2485.0,571630,179646,0.0
2008-11-21,2383.0,2413.0,2366.0,2383.0,409026,186646,0.0
2008-11-24,2381.0,2415.0,2358.0,2366.0,437178,212638,0.0
2008-11-25,2405.0,2417.0,2375.0,2381.0,335432,214230,0.0
2008-11-26,2385.0,2409.0,2372.0,2381.0,441438,211288,0.0
2008-11-27,2395.0,2412.0,2383.0,2384.0,345620,217100,0.0
2008-11-28,2402.0,2406.0,2324.0,2327.0,507790,245208,0.0
2008-12-01,2301.0,2330.0,2288.0,2319.0,431256,243154,0.0
2008-12-02,2273.0,2286.0,2231.0,2241.0,396074,247846,0.0
2008-12-03,2241.0,2254.0,2222.0,2231.0,337146,269392,0.0
2008-12-04,2238.0,2251.0,2197.0,2214.0,695806,236472,0.0
2008-12-05,2200.0,2209.0,2113.0,2135.0,731812,263660,0.0
2008-12-08,2140.0,2210.0,2140.0,2190.0,705162,227568,0.0
2008-12-09,2180.0,2192.0,2141.0,2149.0,444642,228492,0.0
2008-12-10,2159.0,2188.0,2148.0,2180.0,370156,213402,0.0
2008-12-11,2180.0,2202.0,2167.0,2179.0,367700,215266,0.0
2008-12-12,2191.0,2218.0,2164.0,2184.0,317292,205244,0.0
2008-12-15,2235.0,2295.0,2227.0,2283.0,501674,217354,0.0
2008-12-16,2265.0,2284.0,2236.0,2275.0,419930,228532,0.0
2008-12-17,2290.0,2319.0,2279.0,2304.0,562040,238052,0.0
2008-12-18,2282.0,2323.0,2267.0,2289.0,623996,244378,0.0
2008-12-19,2275.0,2284.0,2238.0,2247.0,621970,251618,0.0
2008-12-22,2260.0,2356.0,2260.0,2310.0,1066636,251410,0.0
2008-12-23,2310.0,2311.0,2281.0,2291.0,494842,238100,0.0
2008-12-24,2335.0,2339.0,2313.0,2322.0,327802,232816,0.0
2008-12-25,2337.0,2352.0,2324.0,2332.0,322626,224214,0.0
2008-12-26,2338.0,2342.0,2306.0,2339.0,268780,218136,0.0
2008-12-29,2438.0,2439.0,2403.0,2439.0,219888,210988,0.0
2008-12-30,2418.0,2451.0,2412.0,2438.0,427458,200864,0.0
2008-12-31,2430.0,2480.0,2428.0,2479.0,380732,191284,0.0
2009-01-05,2500.0,2574.0,2494.0,2568.0,578608,209878,0.0
2009-01-06,2560.0,2632.0,2525.0,2609.0,778132,217790,0.0
2009-01-07,2628.0,2674.0,2616.0,2621.0,751362,210822,0.0
2009-01-08,2561.0,2598.0,2540.0,2588.0,471122,214536,0.0
2009-01-09,2640.0,2700.0,2627.0,2699.0,537302,247716,0.0
2009-01-12,2720.0,2800.0,2687.0,2736.0,783830,254764,0.0
2009-01-13,2613.0,2658.0,2613.0,2613.0,428248,252320,0.0
2009-01-14,2637.0,2674.0,2604.0,2651.0,862872,261788,0.0
2009-01-15,2615.0,2638.0,2605.0,2619.0,398598,260860,0.0
2009-01-16,2675.0,2703.0,2665.0,2689.0,401758,258058,0.0
2009-01-19,2724.0,2734.0,2696.0,2697.0,355940,251860,0.0
2009-01-20,2719.0,2722.0,2613.0,2656.0,591318,255330,0.0
2009-01-21,2639.0,2653.0,2607.0,2644.0,401126,216288,0.0
2009-01-22,2688.0,2694.0,2642.0,2671.0,373272,221384,0.0
2009-01-23,2639.0,2724.0,2631.0,2719.0,258136,211876,0.0
2009-02-02,2670.0,2724.0,2661.0,2714.0,330598,229236,0.0
2009-02-03,2708.0,2738.0,2676.0,2729.0,584836,259044,0.0
2009-02-04,2719.0,2748.0,2698.0,2704.0,583930,252454,0.0
2009-02-05,2702.0,2718.0,2670.0,2699.0,478000,229696,0.0
2009-02-06,2725.0,2823.0,2722.0,2810.0,576568,244154,0.0
2009-02-09,2821.0,2875.0,2809.0,2838.0,639718,255812,0.0
2009-02-10,2820.0,2864.0,2805.0,2829.0,469150,248454,0.0
2009-02-11,2790.0,2845.0,2752.0,2778.0,478874,220466,0.0
2009-02-12,2786.0,2826.0,2776.0,2817.0,411432,214748,0.0
2009-02-13,2815.0,2845.0,2805.0,2829.0,355292,220624,0.0
2009-02-16,2800.0,2813.0,2690.0,2697.0,497228,224436,0.0
2009-02-17,2698.0,2710.0,2654.0,2659.0,536116,218912,0.0
2009-02-18,2582.0,2585.0,2548.0,2548.0,352928,203378,0.0
2009-02-19,2553.0,2605.0,2538.0,2575.0,560328,201756,0.0
2009-02-20,2578.0,2590.0,2550.0,2564.0,394106,177806,0.0
2009-02-23,2513.0,2592.0,2480.0,2585.0,401808,165406,0.0
2009-02-24,2554.0,2565.0,2489.0,2500.0,459794,175758,0.0
2009-02-25,2535.0,2574.0,2527.0,2534.0,553702,197236,0.0
2009-02-26,2545.0,2553.0,2486.0,2501.0,493520,223144,0.0
2009-02-27,2489.0,2491.0,2398.0,2398.0,642514,310442,0.0
2009-03-02,2410.0,2474.0,2400.0,2447.0,1109600,307336,0.0
2009-03-03,2400.0,2438.0,2391.0,2431.0,685356,310740,0.0
2009-03-04,2425.0,2497.0,2423.0,2496.0,814866,336282,0.0
2009-03-05,2519.0,2529.0,2464.0,2469.0,773142,315012,0.0
2009-03-06,2445.0,2493.0,2439.0,2481.0,689560,308156,0.0
2009-03-09,2510.0,2518.0,2486.0,2487.0,632354,292198,0.0
2009-03-10,2485.0,2536.0,2481.0,2527.0,737746,284094,0.0
2009-03-11,2535.0,2539.0,2500.0,2501.0,574474,268568,0.0
2009-03-12,2500.0,2525.0,2492.0,2512.0,527606,266826,0.0
2009-03-13,2536.0,2574.0,2524.0,2557.0,725414,261294,0.0
2009-03-16,2551.0,2602.0,2544.0,2594.0,614214,269896,0.0
2009-03-17,2616.0,2647.0,2607.0,2619.0,643650,264040,0.0
2009-03-18,2628.0,2648.0,2605.0,2610.0,646458,263880,0.0
2009-03-19,2645.0,2679.0,2635.0,2672.0,695620,274110,0.0
2009-03-20,2675.0,2709.0,2668.0,2708.0,640886,277666,0.0
2009-03-23,2756.0,2825.0,2740.0,2825.0,812898,312982,0.0
2009-03-24,2780.0,2793.0,2719.0,2764.0,999348,323248,0.0
2009-03-25,2769.0,2801.0,2732.0,2735.0,1178410,346336,0.0
2009-03-26,2740.0,2765.0,2721.0,2748.0,875482,310774,0.0
2009-03-27,2733.0,2756.0,2661.0,2669.0,1089346,318930,0.0
2009-03-30,2668.0,2674.0,2620.0,2631.0,1000844,309458,0.0
2009-03-31,2630.0,2675.0,2630.0,2660.0,946018,332456,0.0
2009-04-01,2717.0,2779.0,2715.0,2742.0,1061236,348500,0.0
2009-04-02,2760.0,2778.0,2746.0,2777.0,1012034,364234,0.0
2009-04-03,2800.0,2815.0,2771.0,2778.0,956056,326702,0.0
2009-04-07,2808.0,2883.0,2784.0,2875.0,1395530,375184,0.0
2009-04-08,2858.0,2889.0,2827.0,2838.0,1713424,383804,0.0
2009-04-09,2885.0,2931.0,2885.0,2925.0,1651306,415080,0.0
2009-04-10,2912.0,2935.0,2897.0,2923.0,1112218,421446,0.0
2009-04-13,2901.0,2962.0,2855.0,2865.0,1436642,401024,0.0
2009-04-14,2881.0,2888.0,2835.0,2854.0,1110074,388648,0.0
2009-04-15,2875.0,2893.0,2852.0,2865.0,936324,369748,0.0
2009-04-16,2879.0,2938.0,2878.0,2920.0,1208764,383568,0.0
2009-04-17,2975.0,2984.0,2938.0,2942.0,1042926,376152,0.0
2009-04-20,2935.0,2939.0,2850.0,2856.0,1014770,395076,0.0
2009-04-21,2827.0,2827.0,2763.0,2793.0,1545084,407352,0.0
2009-04-22,2848.0,2857.0,2810.0,2825.0,938824,370798,0.0
2009-04-23,2829.0,2831.0,2778.0,2815.0,920376,367506,0.0
2009-04-24,2801.0,2806.0,2740.0,2742.0,1034352,406934,0.0
2009-04-27,2680.0,2687.0,2632.0,2632.0,256172,391262,0.0
2009-04-28,2638.0,2653.0,2594.0,2610.0,1606688,433020,0.0
2009-04-29,2625.0,2666.0,2621.0,2662.0,1147106,417658,0.0
2009-04-30,2715.0,2735.0,2699.0,2720.0,1134672,395946,0.0
2009-05-01,2715.0,2735.0,2699.0,2720.0,1134672,395946,0.0
2009-05-04,2851.0,2851.0,2820.0,2850.0,957204,371596,0.0
2009-05-05,2830.0,2836.0,2795.0,2824.0,1064744,373352,0.0
2009-05-06,2820.0,2876.0,2820.0,2876.0,1009186,379370,0.0
2009-05-07,2878.0,2884.0,2835.0,2860.0,1098452,361926,0.0
2009-05-08,2860.0,2877.0,2845.0,2859.0,693162,361826,0.0
2009-05-11,2820.0,2820.0,2721.0,2735.0,994148,376330,0.0
2009-05-12,2782.0,2796.0,2763.0,2788.0,756186,359484,0.0
2009-05-13,2812.0,2835.0,2782.0,2829.0,877792,355004,0.0
2009-05-14,2795.0,2841.0,2770.0,2832.0,1231434,400782,0.0
2009-05-15,2870.0,2935.0,2868.0,2894.0,1498824,387842,0.0
2009-05-18,2840.0,2878.0,2823.0,2855.0,1205602,374120,0.0
2009-05-19,2900.0,2921.0,2886.0,2916.0,1049444,387112,0.0
2009-05-20,2925.0,2955.0,2919.0,2922.0,1147330,386536,0.0
2009-05-21,2920.0,2952.0,2917.0,2926.0,1039876,392590,0.0
2009-05-22,2956.0,2978.0,2947.0,2965.0,728684,394326,0.0
2009-05-25,2950.0,2965.0,2937.0,2960.0,580618,396978,0.0
2009-05-26,2885.0,2897.0,2835.0,2839.0,562818,159406,0.0
2009-05-27,2897.0,2898.0,2848.0,2862.0,396920,147348,0.0
2009-06-01,2891.0,2948.0,2881.0,2937.0,437050,148388,0.0
2009-06-02,3094.0,3130.0,3083.0,3116.0,687074,409834,0.0
2009-06-03,3120.0,3194.0,3117.0,3190.0,950764,475672,0.0
2009-06-04,2958.0,3027.0,2951.0,3020.0,1607692,325832,0.0
2009-06-05,3070.0,3104.0,3033.0,3047.0,1672516,316088,0.0
2009-06-08,3048.0,3077.0,3012.0,3014.0,1249996,340054,0.0
2009-06-09,3032.0,3040.0,2965.0,3000.0,1643438,329688,0.0
2009-06-10,3027.0,3033.0,2955.0,2961.0,1721156,370194,0.0
2009-06-11,2977.0,2996.0,2948.0,2959.0,1651406,355034,0.0
2009-06-12,2990.0,2995.0,2909.0,2914.0,1648304,386640,0.0
2009-06-15,2903.0,2936.0,2875.0,2917.0,1877540,393556,0.0
2009-06-16,2880.0,2924.0,2880.0,2918.0,1755322,412250,0.0
2009-06-17,2913.0,2918.0,2892.0,2911.0,1276398,401796,0.0
2009-06-18,2915.0,2933.0,2891.0,2904.0,1408008,384328,0.0
2009-06-19,2920.0,2925.0,2905.0,2917.0,915506,363150,0.0
2009-06-22,2851.0,2867.0,2828.0,2833.0,1017528,408770,0.0
2009-06-23,2817.0,2861.0,2807.0,2860.0,1302514,436518,0.0
2009-06-24,2847.0,2865.0,2836.0,2846.0,1228232,427684,0.0
2009-06-25,2842.0,2875.0,2836.0,2867.0,1001768,433370,0.0
2009-06-26,2865.0,2924.0,2864.0,2916.0,1401860,478598,0.0
2009-06-29,2900.0,2928.0,2879.0,2884.0,1341962,478160,0.0
2009-06-30,2895.0,2908.0,2885.0,2888.0,931148,473204,0.0
2009-07-01,2904.0,2968.0,2902.0,2967.0,1451274,557066,0.0
2009-07-02,2994.0,3003.0,2940.0,2949.0,1697460,513908,0.0
2009-07-03,2940.0,2973.0,2893.0,2925.0,2131690,489962,0.0
2009-07-06,2900.0,2918.0,2867.0,2877.0,1698238,492760,0.0
2009-07-07,2877.0,2900.0,2872.0,2888.0,1312360,539484,0.0
2009-07-08,2780.0,2793.0,2745.0,2767.0,1304994,531270,0.0
2009-07-09,2783.0,2790.0,2768.0,2776.0,949616,552790,0.0
2009-07-10,2792.0,2822.0,2765.0,2814.0,1375636,570650,0.0
2009-07-13,2826.0,2836.0,2782.0,2782.0,1280192,570206,0.0
2009-07-14,2803.0,2803.0,2779.0,2794.0,1147398,581926,0.0
2009-07-15,2790.0,2833.0,2790.0,2828.0,1122230,576948,0.0
2009-07-16,2810.0,2823.0,2765.0,2790.0,1667862,615452,0.0
2009-07-17,2770.0,2789.0,2762.0,2781.0,1264346,624222,0.0
2009-07-20,2820.0,2860.0,2814.0,2859.0,1385282,627662,0.0
2009-07-21,2847.0,2853.0,2826.0,2832.0,1163202,598054,0.0
2009-07-22,2820.0,2848.0,2812.0,2833.0,1007268,599888,0.0
2009-07-23,2843.0,2854.0,2832.0,2837.0,879934,593410,0.0
2009-07-24,2857.0,2860.0,2822.0,2832.0,716956,560306,0.0
2009-07-27,2810.0,2828.0,2804.0,2810.0,561086,546508,0.0
2009-07-28,2727.0,2788.0,2722.0,2781.0,723600,346862,0.0
2009-07-29,2779.0,2834.0,2763.0,2788.0,1639956,440666,0.0
2009-07-30,2810.0,2843.0,2800.0,2840.0,1581054,535500,0.0
2009-07-31,2910.0,2953.0,2881.0,2938.0,2092720,686388,0.0
2009-08-03,2998.0,3031.0,2975.0,3019.0,1985416,799576,0.0
2009-08-04,3013.0,3022.0,2950.0,2962.0,1923972,792758,0.0
2009-08-05,2997.0,3028.0,2973.0,2979.0,1986990,846424,0.0
2009-08-06,2980.0,2980.0,2895.0,2930.0,2263158,833812,0.0
2009-08-07,2915.0,2948.0,2894.0,2916.0,2051376,855524,0.0
2009-08-10,2927.0,2988.0,2925.0,2985.0,1865728,994784,0.0
2009-08-11,2952.0,2984.0,2942.0,2976.0,1837200,1064258,0.0
2009-08-12,2988.0,3027.0,2960.0,2969.0,2113662,1080620,0.0
2009-08-13,3002.0,3055.0,2985.0,3010.0,2286232,1093044,0.0
2009-08-14,2990.0,2994.0,2920.0,2930.0,1857298,1132042,0.0
2009-08-17,2851.0,2867.0,2811.0,2811.0,1454444,1104602,0.0
2009-08-18,2835.0,2848.0,2807.0,2842.0,1361290,1099382,0.0
2009-08-19,2843.0,2862.0,2753.0,2781.0,2048128,1134518,0.0
2009-08-20,2806.0,2834.0,2785.0,2832.0,1438944,1086888,0.0
2009-08-21,2809.0,2856.0,2803.0,2839.0,1641696,1066784,0.0
2009-08-24,2916.0,2926.0,2895.0,2917.0,1361288,1085884,0.0
2009-08-25,2921.0,2925.0,2883.0,2898.0,1221176,1072066,0.0
2009-08-26,2898.0,2916.0,2893.0,2912.0,790114,1076428,0.0
2009-08-27,2910.0,2913.0,2875.0,2889.0,879052,1089566,0.0
2009-08-28,2900.0,2944.0,2893.0,2941.0,1378202,1129356,0.0
2009-08-31,2965.0,2968.0,2879.0,2883.0,1681494,1138622,0.0
2009-09-01,2880.0,2902.0,2865.0,2879.0,1247190,1122216,0.0
2009-09-02,2818.0,2837.0,2755.0,2764.0,1542362,1061920,0.0
2009-09-03,2777.0,2812.0,2765.0,2805.0,1660638,963216,0.0
2009-09-04,2780.0,2788.0,2740.0,2758.0,1616742,987942,0.0
2009-09-07,2728.0,2758.0,2722.0,2735.0,1099414,994152,0.0
2009-09-08,2720.0,2790.0,2712.0,2785.0,1345916,1034524,0.0
2009-09-09,2786.0,2808.0,2761.0,2774.0,1283508,1010356,0.0
2009-09-10,2780.0,2790.0,2766.0,2776.0,1094246,996710,0.0
2009-09-11,2778.0,2783.0,2740.0,2746.0,829224,1006840,0.0
2009-09-14,2690.0,2716.0,2650.0,2701.0,1129972,1010040,0.0
2009-09-15,2715.0,2735.0,2704.0,2711.0,892346,1015606,0.0
2009-09-16,2800.0,2806.0,2772.0,2786.0,1054430,975164,0.0
2009-09-17,2780.0,2811.0,2763.0,2810.0,1001862,1004052,0.0
2009-09-18,2800.0,2824.0,2780.0,2790.0,1550490,1002222,0.0
2009-09-21,2765.0,2791.0,2765.0,2776.0,846332,1016218,0.0
2009-09-22,2760.0,2785.0,2752.0,2758.0,912960,1010572,0.0
2009-09-23,2774.0,2776.0,2736.0,2738.0,713700,997198,0.0
2009-09-24,2746.0,2748.0,2696.0,2709.0,881770,968442,0.0
2009-09-25,2709.0,2725.0,2699.0,2709.0,809912,950516,0.0
2009-09-28,2721.0,2722.0,2658.0,2679.0,886726,851460,0.0
2009-09-29,2689.0,2706.0,2668.0,2703.0,764404,815004,0.0
2009-09-30,2696.0,2716.0,2680.0,2705.0,604470,796506,0.0
2009-10-09,2750.0,2768.0,2730.0,2759.0,582810,806548,0.0
2009-10-12,2807.0,2847.0,2796.0,2843.0,1201784,861482,0.0
2009-10-13,2847.0,2857.0,2819.0,2822.0,1206598,865446,0.0
2009-10-14,2830.0,2882.0,2821.0,2865.0,1832730,931848,0.0
2009-10-15,2860.0,2880.0,2845.0,2849.0,1443326,920480,0.0
2009-10-16,2836.0,2869.0,2830.0,2867.0,1728034,965322,0.0
2009-10-19,2847.0,2889.0,2840.0,2866.0,1769058,1028516,0.0
2009-10-20,2880.0,2891.0,2841.0,2847.0,1362760,977888,0.0
2009-10-21,2840.0,2855.0,2828.0,2847.0,1391208,976450,0.0
2009-10-22,2862.0,2868.0,2836.0,2837.0,1112754,949026,0.0
2009-10-23,2859.0,2884.0,2855.0,2876.0,1240728,911912,0.0
2009-10-26,2870.0,2895.0,2863.0,2887.0,1119554,907682,0.0
2009-10-27,2849.0,2856.0,2841.0,2846.0,785628,913640,0.0
2009-10-28,2830.0,2844.0,2798.0,2810.0,1130876,934364,0.0
2009-10-29,2800.0,2810.0,2791.0,2803.0,839230,901132,0.0
2009-10-30,2825.0,2828.0,2811.0,2813.0,586112,876636,0.0
2009-11-02,2782.0,2822.0,2782.0,2818.0,736512,909874,0.0
2009-11-03,2830.0,2845.0,2825.0,2840.0,609372,879898,0.0
2009-11-04,2858.0,2862.0,2848.0,2853.0,468670,861810,0.0
2009-11-05,2839.0,2863.0,2838.0,2856.0,503960,871814,0.0
2009-11-06,2839.0,2858.0,2838.0,2855.0,442754,908680,0.0
2009-11-09,2835.0,2860.0,2834.0,2859.0,448070,921190,0.0
2009-11-10,2803.0,2815.0,2788.0,2790.0,600740,608936,0.0
2009-11-11,2792.0,2815.0,2791.0,2805.0,657518,644912,0.0
2009-11-12,2885.0,2912.0,2882.0,2911.0,664486,887614,0.0
2009-11-13,2920.0,2939.0,2917.0,2922.0,775984,887860,0.0
2009-11-16,2845.0,2871.0,2837.0,2861.0,927006,703272,0.0
2009-11-17,2871.0,2876.0,2850.0,2851.0,685592,702048,0.0
2009-11-18,2871.0,2900.0,2867.0,2895.0,1230982,736584,0.0
2009-11-19,2887.0,2938.0,2884.0,2930.0,1644598,823338,0.0
2009-11-20,2944.0,2968.0,2926.0,2946.0,1638298,882424,0.0
2009-11-23,2962.0,2999.0,2952.0,2998.0,1485102,928370,0.0
2009-11-24,2969.0,3003.0,2943.0,2954.0,1711894,941142,0.0
2009-11-25,2975.0,2992.0,2966.0,2989.0,1518516,980596,0.0
2009-11-26,2999.0,3020.0,2985.0,2999.0,1947522,985060,0.0
2009-11-27,2976.0,2985.0,2888.0,2906.0,1991808,885356,0.0
2009-11-30,2975.0,3016.0,2965.0,3014.0,2075012,919812,0.0
2009-12-01,3011.0,3030.0,3004.0,3023.0,2290752,984936,0.0
2009-12-02,3020.0,3033.0,3004.0,3021.0,1655180,979866,0.0
2009-12-03,3001.0,3015.0,2997.0,3007.0,1440246,993950,0.0
2009-12-04,3000.0,3033.0,2999.0,3031.0,1699918,1017564,0.0
2009-12-07,3030.0,3098.0,3026.0,3060.0,2374434,1079608,0.0
2009-12-08,3073.0,3081.0,3043.0,3060.0,1244002,1113916,0.0
2009-12-09,3031.0,3038.0,2969.0,2980.0,1692692,1059786,0.0
2009-12-10,2964.0,2987.0,2919.0,2947.0,1456176,1026866,0.0
2009-12-11,2957.0,2964.0,2944.0,2950.0,933210,1036776,0.0
2009-12-14,2955.0,2960.0,2903.0,2938.0,1298264,1008128,0.0
2009-12-15,2974.0,2992.0,2963.0,2981.0,1241142,954832,0.0
2009-12-16,2981.0,3013.0,2978.0,3007.0,1295772,996656,0.0
2009-12-17,3020.0,3033.0,2982.0,3003.0,1529582,1008388,0.0
2009-12-18,2950.0,2964.0,2933.0,2962.0,1006412,974468,0.0
2009-12-21,2958.0,2976.0,2948.0,2965.0,1164092,1003782,0.0
2009-12-22,2949.0,2969.0,2940.0,2951.0,976690,1007318,0.0
2009-12-23,2945.0,2960.0,2921.0,2944.0,1080228,992196,0.0
2009-12-24,2960.0,2978.0,2952.0,2973.0,941986,975944,0.0
2009-12-25,2970.0,2986.0,2963.0,2969.0,850400,992998,0.0
2009-12-28,2978.0,3011.0,2973.0,3008.0,1052262,1023780,0.0
2009-12-29,3020.0,3026.0,2993.0,2996.0,914104,1016986,0.0
2009-12-30,3003.0,3008.0,2980.0,2988.0,698642,997900,0.0
2009-12-31,2998.0,3021.0,2996.0,3020.0,1039824,1035794,0.0
2010-01-04,3050.0,3055.0,3024.0,3033.0,996272,1064048,0.0
2010-01-05,3035.0,3051.0,3032.0,3032.0,966822,1072058,0.0
2010-01-06,3035.0,3082.0,3030.0,3058.0,1301166,1101624,0.0
2010-01-07,3065.0,3080.0,2936.0,2988.0,1524266,1053354,0.0
2010-01-08,2980.0,2986.0,2930.0,2962.0,1081884,1041282,0.0
2010-01-11,2984.0,2998.0,2980.0,2985.0,579852,1036886,0.0
2010-01-12,2958.0,2967.0,2941.0,2955.0,640288,1069506,0.0
2010-01-13,2890.0,2898.0,2860.0,2869.0,843484,1047434,0.0
2010-01-14,2889.0,2898.0,2880.0,2881.0,620724,1065782,0.0
2010-01-15,2875.0,2905.0,2870.0,2886.0,1040630,1035494,0.0
2010-01-18,2892.0,2909.0,2888.0,2904.0,732728,1032604,0.0
2010-01-19,2912.0,2923.0,2906.0,2910.0,455936,1029274,0.0
2010-01-20,2906.0,2913.0,2863.0,2870.0,744150,1057972,0.0
2010-01-21,2866.0,2885.0,2856.0,2885.0,600812,1056538,0.0
2010-01-22,2872.0,2878.0,2838.0,2870.0,667210,1061352,0.0
2010-01-25,2866.0,2882.0,2864.0,2870.0,421144,1065198,0.0
2010-01-26,2864.0,2868.0,2841.0,2843.0,598096,1093680,0.0
2010-01-27,2854.0,2861.0,2848.0,2852.0,430520,1095140,0.0
2010-01-28,2827.0,2829.0,2802.0,2807.0,548034,1103750,0.0
2010-01-29,2805.0,2815.0,2782.0,2788.0,452370,1105410,0.0
2010-02-01,2765.0,2780.0,2716.0,2721.0,833580,1087088,0.0
2010-02-02,2735.0,2739.0,2683.0,2698.0,778620,1048406,0.0
2010-02-03,2730.0,2742.0,2710.0,2742.0,602922,1020170,0.0
2010-02-04,2710.0,2729.0,2691.0,2718.0,689204,1018600,0.0
2010-02-05,2702.0,2740.0,2693.0,2730.0,841546,1001438,0.0
2010-02-08,2743.0,2759.0,2742.0,2756.0,472148,991290,0.0
2010-02-09,2756.0,2762.0,2742.0,2758.0,432064,995408,0.0
2010-02-10,2753.0,2760.0,2721.0,2742.0,679908,1000772,0.0
2010-02-11,2772.0,2795.0,2762.0,2780.0,582192,932412,0.0
2010-02-12,2784.0,2787.0,2768.0,2776.0,263136,931364,0.0
2010-02-22,2810.0,2820.0,2792.0,2813.0,549288,908702,0.0
2010-02-23,2821.0,2878.0,2816.0,2868.0,1244932,996588,0.0
2010-02-24,2850.0,2860.0,2847.0,2854.0,762190,997644,0.0
2010-02-25,2856.0,2864.0,2824.0,2832.0,850620,1000890,0.0
2010-02-26,2828.0,2829.0,2807.0,2814.0,543582,983676,0.0
2010-03-01,2841.0,2857.0,2831.0,2851.0,907538,1008070,0.0
2010-03-02,2851.0,2852.0,2818.0,2821.0,669456,994454,0.0
2010-03-03,2828.0,2840.0,2826.0,2831.0,573710,1010382,0.0
2010-03-04,2825.0,2825.0,2777.0,2783.0,947158,1059436,0.0
2010-03-05,2765.0,2779.0,2752.0,2777.0,703664,1065496,0.0
2010-03-08,2779.0,2800.0,2774.0,2797.0,588242,1049370,0.0
2010-03-09,2794.0,2804.0,2781.0,2794.0,714548,1077636,0.0
2010-03-10,2788.0,2797.0,2784.0,2787.0,409042,1082394,0.0
2010-03-11,2801.0,2809.0,2760.0,2784.0,834180,1069536,0.0
2010-03-12,2756.0,2761.0,2738.0,2749.0,714486,1085436,0.0
2010-03-15,2745.0,2754.0,2736.0,2749.0,563556,1075596,0.0
2010-03-16,2760.0,2796.0,2755.0,2792.0,610808,1040668,0.0
2010-03-17,2809.0,2810.0,2793.0,2798.0,725426,1086502,0.0
2010-03-18,2802.0,2808.0,2782.0,2790.0,597874,1050828,0.0
2010-03-19,2804.0,2843.0,2797.0,2833.0,1111696,1054268,0.0
2010-03-22,2829.0,2839.0,2821.0,2828.0,477048,1017154,0.0
2010-03-23,2843.0,2847.0,2823.0,2827.0,425284,994840,0.0
2010-03-24,2826.0,2829.0,2806.0,2813.0,403578,985578,0.0
2010-03-25,2810.0,2830.0,2810.0,2824.0,466984,986628,0.0
2010-03-26,2806.0,2818.0,2796.0,2814.0,597074,962972,0.0
2010-03-29,2829.0,2838.0,2819.0,2832.0,370804,957108,0.0
2010-03-30,2840.0,2866.0,2835.0,2844.0,1195850,951536,0.0
2010-03-31,2850.0,2860.0,2845.0,2849.0,647836,934048,0.0
2010-04-01,2801.0,2819.0,2801.0,2818.0,541064,992506,0.0
2010-04-02,2820.0,2831.0,2818.0,2830.0,291720,999428,0.0
2010-04-06,2819.0,2837.0,2817.0,2823.0,356676,1028116,0.0
2010-04-07,2830.0,2842.0,2824.0,2840.0,452518,1031338,0.0
2010-04-08,2840.0,2844.0,2824.0,2826.0,347728,1021868,0.0
2010-04-09,2826.0,2832.0,2823.0,2829.0,272928,1043558,0.0
2010-04-12,2839.0,2862.0,2838.0,2853.0,360934,394272,0.0
2010-04-13,2850.0,2870.0,2838.0,2870.0,630530,485990,0.0
2010-04-14,2880.0,2887.0,2864.0,2867.0,807658,558412,0.0
2010-04-15,2869.0,2876.0,2858.0,2863.0,504052,588980,0.0
2010-04-16,2880.0,2885.0,2870.0,2881.0,523424,576440,0.0
2010-04-19,2873.0,2875.0,2845.0,2853.0,562156,548304,0.0
2010-04-20,2870.0,2901.0,2867.0,2897.0,1218116,661124,0.0
2010-04-21,2899.0,2906.0,2889.0,2892.0,663114,668172,0.0
2010-04-22,2900.0,2905.0,2890.0,2893.0,574370,674536,0.0
2010-04-23,2900.0,2925.0,2898.0,2919.0,965700,678912,0.0
2010-04-26,2925.0,2942.0,2923.0,2937.0,816718,677270,0.0
2010-04-27,2929.0,2936.0,2919.0,2930.0,868550,704188,0.0
2010-04-28,2900.0,2915.0,2886.0,2903.0,813416,700996,0.0
2010-04-29,2909.0,2918.0,2900.0,2903.0,489550,688682,0.0
2010-04-30,2907.0,2950.0,2895.0,2944.0,817070,744346,0.0
2010-05-04,2925.0,2930.0,2912.0,2920.0,890022,828084,0.0
2010-05-05,2913.0,2940.0,2908.0,2937.0,1146090,931198,0.0
2010-05-06,2929.0,2933.0,2886.0,2892.0,1601130,824322,0.0
2010-05-07,2861.0,2871.0,2842.0,2854.0,1211318,758392,0.0
2010-05-10,2871.0,2901.0,2871.0,2898.0,963282,709896,0.0
2010-05-11,2894.0,2899.0,2879.0,2881.0,640302,719968,0.0
2010-05-12,2889.0,2920.0,2889.0,2911.0,1040450,759362,0.0
2010-05-13,2910.0,2919.0,2902.0,2914.0,798498,794406,0.0
2010-05-14,2910.0,2913.0,2878.0,2884.0,747060,766268,0.0
2010-05-17,2870.0,2878.0,2822.0,2838.0,1190716,742504,0.0
2010-05-18,2842.0,2868.0,2836.0,2855.0,809114,728704,0.0
2010-05-19,2836.0,2853.0,2825.0,2835.0,806210,738876,0.0
2010-05-20,2851.0,2862.0,2834.0,2839.0,684070,778316,0.0
2010-05-21,2838.0,2853.0,2810.0,2846.0,1018440,744736,0.0
2010-05-24,2851.0,2863.0,2840.0,2852.0,812376,757644,0.0
2010-05-25,2836.0,2844.0,2818.0,2823.0,946580,760248,0.0
2010-05-26,2837.0,2839.0,2822.0,2834.0,632112,756076,0.0
2010-05-27,2836.0,2840.0,2824.0,2838.0,592980,777030,0.0
2010-05-28,2850.0,2852.0,2825.0,2828.0,644560,781454,0.0
2010-05-31,2812.0,2812.0,2795.0,2796.0,780858,821630,0.0
2010-06-01,2803.0,2806.0,2787.0,2792.0,724876,811362,0.0
2010-06-02,2790.0,2804.0,2783.0,2798.0,620006,783150,0.0
2010-06-03,2801.0,2809.0,2793.0,2805.0,515994,772926,0.0
2010-06-04,2826.0,2826.0,2813.0,2818.0,434754,751566,0.0
2010-06-07,2773.0,2776.0,2760.0,2771.0,620686,731784,0.0
2010-06-08,2773.0,2778.0,2768.0,2775.0,286514,723804,2772.0
2010-06-09,2766.0,2772.0,2748.0,2765.0,533764,729658,2758.0
2010-06-10,2774.0,2775.0,2762.0,2765.0,420748,697880,2767.0
2010-06-11,2766.0,2766.0,2748.0,2752.0,334736,687868,2757.0
2010-06-17,2788.0,2788.0,2771.0,2777.0,328838,631486,2777.0
2010-06-18,2780.0,2801.0,2777.0,2794.0,526006,642646,2788.0
2010-06-21,2813.0,2860.0,2810.0,2854.0,890016,671700,2837.0
2010-06-22,2841.0,2852.0,2835.0,2848.0,425380,649530,2842.0
2010-06-23,2832.0,2862.0,2828.0,2846.0,688476,685698,2846.0
2010-06-24,2840.0,2851.0,2839.0,2840.0,397454,675802,2844.0
2010-06-25,2830.0,2838.0,2823.0,2831.0,418544,672732,2830.0
2010-06-28,2829.0,2839.0,2828.0,2829.0,293634,653022,2833.0
2010-06-29,2835.0,2848.0,2810.0,2831.0,693210,635606,2830.0
2010-06-30,2823.0,2828.0,2805.0,2812.0,607758,664454,2812.0
2010-07-01,2806.0,2819.0,2803.0,2814.0,386518,641830,2812.0
2010-07-02,2818.0,2837.0,2815.0,2832.0,510606,684988,2825.0
2010-07-05,2833.0,2833.0,2821.0,2824.0,316572,690010,2825.0
2010-07-06,2818.0,2834.0,2810.0,2830.0,467068,707316,2822.0
2010-07-07,2828.0,2841.0,2823.0,2833.0,474328,745302,2831.0
2010-07-08,2871.0,2874.0,2862.0,2866.0,539316,706562,2867.0
2010-07-09,2880.0,2903.0,2876.0,2899.0,825474,644250,2889.0
2010-07-12,2903.0,2912.0,2883.0,2887.0,566614,588240,2898.0
2010-07-13,2892.0,2898.0,2880.0,2884.0,451492,557406,2889.0
2010-07-14,2892.0,2894.0,2882.0,2891.0,295504,538560,2887.0
2010-07-15,2893.0,2915.0,2889.0,2898.0,596158,548380,2903.0
2010-07-16,2930.0,2948.0,2927.0,2946.0,602876,546786,2938.0
2010-07-19,2911.0,2934.0,2905.0,2928.0,662648,664290,0.0
2010-07-20,2912.0,2917.0,2898.0,2911.0,697656,760064,0.0
2010-07-21,2913.0,2921.0,2901.0,2907.0,683212,820606,0.0
2010-07-22,2910.0,2914.0,2889.0,2904.0,768084,853070,0.0
2010-07-23,2905.0,2916.0,2895.0,2909.0,760746,883496,0.0
2010-07-26,2907.0,2934.0,2898.0,2926.0,1125216,1008056,0.0
2010-07-27,2906.0,2907.0,2870.0,2873.0,952082,999178,0.0
2010-07-28,2879.0,2902.0,2875.0,2897.0,607966,1025100,0.0
2010-07-29,2918.0,2925.0,2903.0,2921.0,761600,1020194,0.0
2010-07-30,2930.0,2959.0,2930.0,2952.0,922898,1062180,0.0
2010-08-02,2981.0,3042.0,2981.0,3026.0,1155712,1143100,0.0
2010-08-03,3015.0,3020.0,2995.0,3004.0,861074,1123000,0.0
2010-08-04,3014.0,3035.0,2998.0,3013.0,996130,1120700,0.0
2010-08-05,3031.0,3041.0,2960.0,2970.0,1171546,1068400,0.0
2010-08-06,2985.0,3012.0,2960.0,3007.0,1183308,1097100,0.0
2010-08-09,3010.0,3065.0,2992.0,3039.0,2033800,1202900,0.0
2010-08-10,3016.0,3028.0,2997.0,3005.0,1012100,1188300,0.0
2010-08-11,2995.0,3030.0,2989.0,2997.0,1743700,1231000,0.0
2010-08-12,2994.0,3012.0,2977.0,3002.0,1448000,1246400,0.0
2010-08-13,3042.0,3054.0,3026.0,3051.0,1427200,1307300,0.0
2010-08-16,3051.0,3071.0,3042.0,3053.0,1380300,1313700,0.0
2010-08-17,3037.0,3043.0,3030.0,3042.0,805378,1324300,0.0
2010-08-18,3066.0,3077.0,3020.0,3028.0,1256900,1270700,0.0
2010-08-19,3033.0,3039.0,3003.0,3021.0,842766,1259000,0.0
2010-08-20,2996.0,2996.0,2967.0,2969.0,768902,1234700,0.0
2010-08-23,2980.0,2989.0,2971.0,2985.0,728154,1230700,0.0
2010-08-24,2976.0,2992.0,2966.0,2967.0,721440,1235700,0.0
2010-08-25,2971.0,2975.0,2948.0,2951.0,678024,1225600,0.0
2010-08-26,2961.0,2975.0,2958.0,2974.0,518400,1214600,0.0
2010-08-27,2988.0,3001.0,2981.0,3000.0,730824,1221500,0.0
2010-08-30,3022.0,3036.0,3015.0,3025.0,597768,1228200,0.0
2010-08-31,3000.0,3000.0,2972.0,2975.0,592512,1203200,0.0
2010-09-01,2981.0,2992.0,2968.0,2985.0,547598,1190300,0.0
2010-09-02,2985.0,2990.0,2975.0,2984.0,472150,1177800,0.0
2010-09-03,2987.0,3034.0,2985.0,3027.0,1293700,1284800,0.0
2010-09-06,3062.0,3066.0,3043.0,3057.0,798468,798468,0.0
2010-09-07,3065.0,3092.0,3048.0,3089.0,1482200,1372900,0.0
2010-09-08,3106.0,3109.0,3062.0,3069.0,943344,1318608,0.0
2010-09-09,3076.0,3084.0,2977.0,3042.0,1245432,1227800,0.0
2010-09-10,3048.0,3054.0,3030.0,3044.0,711374,1218600,0.0
2010-09-13,3022.0,3050.0,3019.0,3049.0,787572,1229100,0.0
2010-09-14,3042.0,3052.0,3034.0,3046.0,765048,1239000,0.0
2010-09-15,3058.0,3104.0,3054.0,3093.0,1579870,1265898,0.0
2010-09-16,3100.0,3128.0,3085.0,3106.0,1643398,1279194,0.0
2010-09-17,3116.0,3122.0,3092.0,3110.0,1111592,1205418,0.0
2010-09-20,3190.0,3230.0,3181.0,3230.0,532728,1233792,0.0
2010-09-21,3228.0,3263.0,3202.0,3247.0,2146292,1351684,0.0
2010-09-24,3228.0,3263.0,3202.0,3247.0,2146292,1351684,0.0
2010-09-27,3350.0,3380.0,3276.0,3283.0,1306900,1328800,0.0
2010-09-28,3266.0,3311.0,3256.0,3302.0,1001446,1378100,0.0
2010-09-29,3260.0,3274.0,3188.0,3227.0,1552008,1394620,0.0
2010-09-30,3218.0,3258.0,3210.0,3258.0,1135056,1423274,0.0
2010-10-07,3218.0,3258.0,3210.0,3258.0,1135056,1423274,3238.0
2010-10-08,3198.0,3225.0,3179.0,3184.0,1191518,1526974,0.0
2010-10-11,3336.0,3336.0,3336.0,3336.0,47414,1485586,0.0
2010-10-12,3366.0,3412.0,3311.0,3391.0,2384372,1603356,0.0
2010-10-13,3400.0,3430.0,3381.0,3413.0,1703484,1488076,0.0
2010-10-14,3425.0,3433.0,3405.0,3409.0,1230500,1402400,0.0
2010-10-15,3420.0,3434.0,3386.0,3418.0,1139800,1336800,0.0
2010-10-18,3400.0,3419.0,3362.0,3401.0,984060,879910,3399.0
2010-10-19,3415.0,3443.0,3400.0,3415.0,1036900,1037000,3425.0
2010-10-20,3364.0,3434.0,3339.0,3411.0,1418400,1418600,3402.0
2010-10-21,3459.0,3492.0,3418.0,3418.0,1665300,1122100,3460.0
2010-10-22,3401.0,3431.0,3381.0,3394.0,1132500,1127400,3409.0
2010-10-25,3408.0,3467.0,3406.0,3447.0,1957200,1257900,3441.0
2010-10-26,3450.0,3455.0,3360.0,3385.0,1729602,1273164,3407.0
2010-10-27,3417.0,3429.0,3295.0,3322.0,1617000,1165800,3358.0
2010-10-28,3357.0,3388.0,3328.0,3386.0,1481818,1229666,3362.0
2010-10-29,3370.0,3400.0,3321.0,3341.0,1844790,1240288,3367.0
2010-11-01,3372.0,3417.0,3365.0,3404.0,1361186,1293180,3400.0
2010-11-02,3398.0,3398.0,3360.0,3368.0,1102900,1291600,3375.0
2010-11-03,3375.0,3386.0,3333.0,3340.0,1300300,1312800,3360.0
2010-11-04,3365.0,3388.0,3348.0,3384.0,1295318,1352630,3370.0
2010-11-05,3441.0,3498.0,3435.0,3481.0,2269136,2269100,3473.0
2010-11-08,3455.0,3518.0,3413.0,3488.0,3263706,3263700,3470.0
2010-11-09,3470.0,3518.0,3462.0,3503.0,2522872,2522800,3491.0
2010-11-10,3570.0,3588.0,3480.0,3511.0,2266400,1559500,3547.0
2010-11-11,3515.0,3539.0,3483.0,3499.0,1729312,1586796,3516.0
2010-11-12,3500.0,3500.0,3376.0,3376.0,2119808,1358500,3415.0
2010-11-15,3353.0,3424.0,3280.0,3378.0,2663802,1356410,3370.0
2010-11-16,3391.0,3398.0,3338.0,3347.0,1535312,1535300,3364.0
2010-11-17,3233.0,3260.0,3230.0,3230.0,452150,1268852,3233.0
2010-11-18,3261.0,3266.0,3158.0,3242.0,1911436,1248584,3218.0
2010-11-19,3261.0,3280.0,3203.0,3254.0,1398694,1217798,3244.0
2010-11-22,3223.0,3242.0,3206.0,3208.0,1000186,1214646,3223.0
2010-11-23,3230.0,3252.0,3199.0,3216.0,1621682,1177800,3229.0
2010-11-24,3253.0,3268.0,3242.0,3260.0,1080670,1172000,3254.0
2010-11-25,3261.0,3282.0,3247.0,3249.0,855660,1173620,3267.0
2010-11-26,3263.0,3264.0,3197.0,3206.0,1050016,1137532,3220.0
2010-11-29,3177.0,3207.0,3155.0,3207.0,807146,1079608,3183.0
2010-11-30,3208.0,3210.0,3165.0,3195.0,580156,1060256,3189.0
2010-12-01,3190.0,3225.0,3177.0,3218.0,608504,1028930,3208.0
2010-12-02,3260.0,3270.0,3241.0,3256.0,560460,993952,3257.0
2010-12-03,3247.0,3270.0,3242.0,3265.0,459956,984828,3256.0
2010-12-06,3283.0,3296.0,3264.0,3281.0,535152,925742,3281.0
2010-12-07,3265.0,3283.0,3259.0,3283.0,422622,910872,3270.0
2010-12-08,3251.0,3264.0,3231.0,3238.0,416640,903300,3251.0
2010-12-09,3268.0,3274.0,3256.0,3261.0,341152,866040,3263.0
2010-12-10,3251.0,3264.0,3250.0,3258.0,197838,863930,3257.0
2010-12-13,3242.0,3306.0,3235.0,3292.0,557170,885140,3279.0
2010-12-14,3300.0,3358.0,3300.0,3348.0,891064,924386,3336.0
2010-12-15,3340.0,3353.0,3301.0,3304.0,686420,970224,3325.0
2010-12-16,3310.0,3338.0,3306.0,3326.0,519108,977944,3324.0
2010-12-17,3321.0,3347.0,3319.0,3338.0,478180,998292,3336.0
2010-12-20,3360.0,3380.0,3320.0,3344.0,578630,974360,3352.0
2010-12-21,3360.0,3367.0,3347.0,3362.0,344706,961890,3356.0
2010-12-22,3365.0,3376.0,3342.0,3348.0,347560,917734,3357.0
2010-12-23,3355.0,3378.0,3350.0,3371.0,424620,932850,3363.0
2010-12-24,3388.0,3418.0,3380.0,3399.0,730566,941272,3399.0
2010-12-27,3385.0,3404.0,3378.0,3386.0,456320,934838,3390.0
2010-12-28,3420.0,3438.0,3415.0,3417.0,491230,925132,3426.0
2010-12-29,3417.0,3421.0,3373.0,3385.0,429384,881578,3394.0
2010-12-30,3417.0,3427.0,3358.0,3421.0,461772,854968,3395.0
2010-12-31,3400.0,3454.0,3400.0,3440.0,568450,886202,3439.0
2011-01-04,3439.0,3448.0,3423.0,3432.0,454046,875650,3434.0
2011-01-05,3406.0,3411.0,3375.0,3386.0,377990,862902,3391.0
2011-01-06,3411.0,3430.0,3411.0,3424.0,374444,852438,3422.0
2011-01-07,3395.0,3396.0,3360.0,3361.0,456964,816626,3381.0
2011-01-10,3375.0,3415.0,3370.0,3390.0,459470,815652,3394.0
2011-01-11,3413.0,3418.0,3394.0,3405.0,271212,808406,3403.0
2011-01-12,3381.0,3421.0,3380.0,3403.0,712110,848168,3402.0
2011-01-13,3500.0,3500.0,3455.0,3456.0,550464,806888,3470.0
2011-01-14,3451.0,3506.0,3451.0,3497.0,599986,845706,3485.0
2011-01-17,3500.0,3550.0,3496.0,3531.0,754220,870052,3529.0
2011-01-18,3515.0,3543.0,3503.0,3538.0,564928,894632,3523.0
2011-01-19,3543.0,3545.0,3520.0,3526.0,429066,865804,3528.0
2011-01-20,3504.0,3518.0,3488.0,3491.0,429840,829690,3502.0
2011-01-21,3487.0,3510.0,3480.0,3487.0,373672,813034,3498.0
2011-01-24,3493.0,3540.0,3490.0,3523.0,548730,820118,3519.0
2011-01-25,3510.0,3527.0,3466.0,3472.0,411740,812354,3503.0
2011-01-26,3440.0,3455.0,3405.0,3419.0,390080,793712,3421.0
2011-01-27,3443.0,3466.0,3426.0,3455.0,391972,806344,3447.0
2011-01-28,3455.0,3475.0,3445.0,3452.0,244932,798042,3459.0
2011-01-31,3460.0,3488.0,3457.0,3484.0,217212,801260,3478.0
2011-02-01,3490.0,3519.0,3486.0,3516.0,233436,810464,3502.0
2011-02-09,3535.0,3568.0,3521.0,3560.0,382886,805462,3552.0
2011-02-10,3568.0,3604.0,3542.0,3545.0,496258,779874,3574.0
2011-02-11,3542.0,3560.0,3525.0,3543.0,354558,742756,3547.0
2011-02-14,3542.0,3554.0,3530.0,3541.0,215852,748932,3541.0
2011-02-15,3520.0,3527.0,3480.0,3486.0,282368,751058,3504.0
2011-02-16,3441.0,3467.0,3433.0,3461.0,253934,736666,3449.0
2011-02-17,3472.0,3478.0,3428.0,3438.0,238386,469190,3459.0
2011-02-18,3484.0,3492.0,3458.0,3458.0,277410,422024,3475.0
2011-02-21,3432.0,3455.0,3426.0,3446.0,142126,657396,3442.0
2011-02-22,3474.0,3491.0,3436.0,3484.0,266032,443304,3471.0
2011-02-23,3385.0,3390.0,3357.0,3368.0,262100,472014,3375.0
2011-02-24,3364.0,3366.0,3298.0,3310.0,196788,568078,3324.0
2011-02-25,3324.0,3362.0,3321.0,3360.0,143722,542032,3344.0
2011-02-28,3385.0,3423.0,3383.0,3406.0,190138,509906,3405.0
2011-03-01,3411.0,3417.0,3403.0,3413.0,112728,442766,3410.0
2011-03-02,3416.0,3458.0,3408.0,3453.0,216266,455040,3434.0
2011-03-03,3454.0,3457.0,3428.0,3433.0,136354,458208,3444.0
2011-03-04,3457.0,3474.0,3436.0,3452.0,194414,460096,3455.0
2011-03-07,3440.0,3455.0,3431.0,3445.0,127142,467124,3445.0
2011-03-08,3415.0,3430.0,3380.0,3393.0,187096,460888,3404.0
2011-03-09,3400.0,3401.0,3383.0,3389.0,101164,460638,3391.0
2011-03-10,3360.0,3368.0,3342.0,3346.0,141960,454666,3354.0
2011-03-11,3359.0,3367.0,3331.0,3347.0,138790,464756,3351.0
2011-03-14,3320.0,3355.0,3307.0,3315.0,203868,482204,3323.0
2011-03-15,3330.0,3342.0,3308.0,3339.0,236546,489190,3328.0
2011-03-16,3296.0,3297.0,3257.0,3272.0,356352,510708,3272.0
2011-03-17,3259.0,3298.0,3252.0,3285.0,344010,517948,3276.0
2011-03-18,3319.0,3328.0,3303.0,3305.0,235520,502426,3311.0
2011-03-21,3332.0,3339.0,3317.0,3331.0,289500,455366,3329.0
2011-03-22,3325.0,3336.0,3320.0,3330.0,154166,443826,3330.0
2011-03-23,3330.0,3384.0,3328.0,3382.0,297724,416558,3363.0
2011-03-24,3368.0,3377.0,3352.0,3358.0,188702,411478,3364.0
2011-03-25,3371.0,3403.0,3369.0,3399.0,275640,421808,3393.0
2011-03-28,3389.0,3408.0,3363.0,3392.0,325544,402982,3388.0
2011-03-29,3375.0,3417.0,3366.0,3404.0,397798,441308,3394.0
2011-03-30,3410.0,3420.0,3396.0,3406.0,254000,427680,3407.0
2011-03-31,3412.0,3422.0,3396.0,3410.0,242634,429584,3408.0
2011-04-01,3438.0,3445.0,3426.0,3427.0,239084,425626,3435.0
2011-04-06,3400.0,3433.0,3399.0,3427.0,237918,447586,3419.0
2011-04-07,3424.0,3437.0,3417.0,3423.0,180202,466054,3424.0
2011-04-08,3415.0,3417.0,3389.0,3414.0,336654,496540,3405.0
2011-04-11,3434.0,3462.0,3429.0,3439.0,384016,503350,3445.0
2011-04-12,3403.0,3415.0,3381.0,3386.0,287386,531214,3402.0
2011-04-13,3358.0,3380.0,3355.0,3376.0,243188,554318,3367.0
2011-04-14,3360.0,3374.0,3340.0,3344.0,257172,569812,3360.0
2011-04-15,3362.0,3362.0,3333.0,3338.0,210582,566872,3345.0
2011-04-18,3330.0,3352.0,3320.0,3346.0,211914,582978,3339.0
2011-04-19,3353.0,3357.0,3336.0,3340.0,240476,569968,3346.0
2011-04-20,3349.0,3376.0,3348.0,3374.0,233688,576554,3365.0
2011-04-21,3378.0,3381.0,3362.0,3365.0,171856,573208,3370.0
2011-04-22,3385.0,3393.0,3376.0,3392.0,234360,543704,3385.0
2011-04-25,3402.0,3408.0,3380.0,3387.0,158496,539452,3391.0
2011-04-26,3370.0,3375.0,3352.0,3359.0,150602,527798,3368.0
2011-04-27,3370.0,3379.0,3357.0,3360.0,162880,516986,3369.0
2011-04-28,3370.0,3392.0,3367.0,3389.0,172620,516642,3378.0
2011-04-29,3340.0,3350.0,3302.0,3316.0,298580,556958,3328.0
2011-05-03,3355.0,3356.0,3333.0,3342.0,148670,511942,3341.0
2011-05-04,3324.0,3332.0,3316.0,3322.0,137744,510082,3323.0
2011-05-05,3305.0,3342.0,3302.0,3328.0,328484,545328,3326.0
2011-05-06,3292.0,3298.0,3276.0,3279.0,287162,553552,3286.0
2011-05-09,3290.0,3298.0,3286.0,3292.0,127588,553902,3292.0
2011-05-10,3293.0,3316.0,3293.0,3310.0,249090,564762,3305.0
2011-05-11,3310.0,3319.0,3293.0,3294.0,231622,595936,3306.0
2011-05-12,3293.0,3311.0,3282.0,3282.0,295780,569400,3296.0
2011-05-13,3298.0,3336.0,3295.0,3323.0,251380,566664,3310.0
2011-05-16,3304.0,3322.0,3304.0,3310.0,227962,580010,3311.0
2011-05-17,3309.0,3310.0,3253.0,3270.0,488552,624068,3270.0
2011-05-18,3285.0,3290.0,3275.0,3276.0,263168,602132,3282.0
2011-05-19,3309.0,3316.0,3298.0,3303.0,269484,553402,3306.0
2011-05-20,3306.0,3345.0,3303.0,3344.0,355364,584786,3326.0
2011-05-23,3356.0,3361.0,3327.0,3334.0,289970,571102,3344.0
2011-05-24,3339.0,3346.0,3329.0,3344.0,223622,568006,3335.0
2011-05-25,3340.0,3343.0,3332.0,3335.0,144346,558448,3336.0
2011-05-26,3347.0,3367.0,3341.0,3362.0,258802,591044,3358.0
2011-05-27,3370.0,3373.0,3351.0,3359.0,180220,567460,3359.0
2011-05-30,3350.0,3367.0,3348.0,3361.0,233230,544828,3359.0
2011-05-31,3365.0,3368.0,3338.0,3345.0,202026,538144,3348.0
2011-06-01,3350.0,3362.0,3345.0,3348.0,225966,555442,3353.0
2011-06-02,3355.0,3385.0,3350.0,3380.0,602354,607352,3373.0
2011-06-03,3395.0,3400.0,3384.0,3399.0,356644,580946,3391.0
2011-06-07,3366.0,3376.0,3358.0,3366.0,257152,557306,3368.0
2011-06-08,3380.0,3382.0,3358.0,3363.0,201964,551084,3368.0
2011-06-09,3380.0,3380.0,3363.0,3366.0,154056,525158,3372.0
2011-06-10,3368.0,3370.0,3344.0,3358.0,198934,493610,3356.0
2011-06-13,3352.0,3384.0,3352.0,3374.0,326042,533226,3371.0
2011-06-14,3366.0,3376.0,3365.0,3375.0,205048,543556,3370.0
2011-06-15,3363.0,3369.0,3355.0,3363.0,207458,550940,3361.0
2011-06-16,3357.0,3377.0,3342.0,3344.0,378420,560186,3363.0
2011-06-17,3326.0,3340.0,3304.0,3312.0,290128,512894,3319.0
2011-06-20,3303.0,3311.0,3288.0,3307.0,263256,517988,3302.0
2011-06-21,3318.0,3318.0,3305.0,3316.0,166784,523378,3312.0
2011-06-22,3320.0,3323.0,3310.0,3316.0,101838,518546,3316.0
2011-06-23,3295.0,3313.0,3285.0,3310.0,216218,524206,3299.0
2011-06-24,3295.0,3333.0,3293.0,3325.0,336634,558230,3321.0
2011-06-27,3308.0,3312.0,3265.0,3279.0,386382,598744,3288.0
2011-06-28,3299.0,3302.0,3281.0,3288.0,215246,570656,3290.0
2011-06-29,3301.0,3325.0,3296.0,3315.0,222436,567854,3311.0
2011-06-30,3311.0,3332.0,3310.0,3324.0,196102,575168,3322.0
2011-07-01,3298.0,3310.0,3287.0,3304.0,242624,609518,3297.0
2011-07-04,3318.0,3323.0,3298.0,3314.0,349070,655582,3310.0
2011-07-05,3312.0,3315.0,3290.0,3303.0,271770,626488,3304.0
2011-07-06,3302.0,3312.0,3281.0,3292.0,220400,604444,3294.0
2011-07-07,3246.0,3260.0,3241.0,3258.0,204536,688174,3251.0
2011-07-08,3275.0,3285.0,3271.0,3284.0,242814,736740,3277.0
2011-07-11,3289.0,3307.0,3283.0,3300.0,340544,798524,3296.0
2011-07-12,3296.0,3296.0,3280.0,3287.0,253762,785834,3288.0
2011-07-13,3310.0,3360.0,3308.0,3359.0,611316,948060,3339.0
2011-07-14,3374.0,3393.0,3366.0,3380.0,548434,1002700,3378.0
2011-07-15,3376.0,3391.0,3365.0,3385.0,430540,1030400,3380.0
2011-07-18,3387.0,3413.0,3369.0,3372.0,650986,1113100,3393.0
2011-07-19,3380.0,3390.0,3366.0,3389.0,400410,1125500,3381.0
2011-07-20,3388.0,3406.0,3375.0,3393.0,666110,1173000,3392.0
2011-07-21,3385.0,3415.0,3377.0,3409.0,671410,1287100,3400.0
2011-07-22,3416.0,3419.0,3401.0,3405.0,344876,1303618,3408.0
2011-07-25,3390.0,3397.0,3360.0,3361.0,526314,1274934,3378.0
2011-07-26,3362.0,3393.0,3361.0,3392.0,365120,1334780,3380.0
2011-07-27,3405.0,3433.0,3402.0,3429.0,599696,1429854,3423.0
2011-07-28,3402.0,3415.0,3396.0,3402.0,432318,1417490,3404.0
2011-07-29,3392.0,3407.0,3373.0,3375.0,551960,1434644,3394.0
2011-08-01,3380.0,3395.0,3380.0,3394.0,407272,1509832,3388.0
2011-08-02,3388.0,3396.0,3371.0,3373.0,460840,1492152,3382.0
2011-08-03,3386.0,3395.0,3373.0,3373.0,375466,1480042,3385.0
2011-08-04,3365.0,3373.0,3340.0,3342.0,505264,1438500,3352.0
2011-08-05,3299.0,3300.0,3185.0,3264.0,763208,1273100,3257.0
2011-08-08,3245.0,3271.0,3234.0,3252.0,515420,1197100,3253.0
2011-08-09,3190.0,3235.0,3150.0,3226.0,778704,1046812,3197.0
2011-08-10,3248.0,3267.0,3245.0,3260.0,410986,1041780,3259.0
2011-08-11,3241.0,3279.0,3241.0,3277.0,511010,1123094,3266.0
2011-08-12,3302.0,3309.0,3280.0,3282.0,343364,1088000,3293.0
2011-08-15,3307.0,3318.0,3301.0,3308.0,360014,1109598,3309.0
2011-08-16,3315.0,3318.0,3285.0,3288.0,283296,1089600,3301.0
2011-08-17,3299.0,3313.0,3295.0,3307.0,253924,1080800,3306.0
2011-08-18,3318.0,3320.0,3305.0,3307.0,192384,1062500,3311.0
2011-08-19,3281.0,3312.0,3281.0,3306.0,322440,1033200,3300.0
2011-08-22,3325.0,3343.0,3322.0,3327.0,370000,1014500,3332.0
2011-08-23,3359.0,3370.0,3346.0,3369.0,393580,1039600,3354.0
2011-08-24,3372.0,3375.0,3348.0,3355.0,338328,1037286,3358.0
2011-08-25,3349.0,3353.0,3335.0,3349.0,267128,1042032,3343.0
2011-08-26,3358.0,3358.0,3330.0,3337.0,268714,1036500,3343.0
2011-08-29,3385.0,3425.0,3378.0,3416.0,845450,1118300,3402.0
2011-08-30,3419.0,3427.0,3401.0,3408.0,595428,1036388,3414.0
2011-08-31,3416.0,3444.0,3411.0,3423.0,645146,1076800,3431.0
2011-09-01,3423.0,3426.0,3402.0,3407.0,425350,1089100,3413.0
2011-09-02,3399.0,3409.0,3385.0,3406.0,348654,1074700,3400.0
2011-09-05,3407.0,3436.0,3396.0,3400.0,664826,1063900,3416.0
2011-09-06,3390.0,3395.0,3360.0,3378.0,549430,1052300,3375.0
2011-09-07,3380.0,3404.0,3376.0,3402.0,410378,1094208,3389.0
2011-09-08,3391.0,3395.0,3371.0,3373.0,443954,1132600,3380.0
2011-09-09,3370.0,3386.0,3366.0,3385.0,362188,0,3378.0
2011-09-13,3350.0,3352.0,3315.0,3318.0,539126,1128900,3326.0
2011-09-14,3320.0,3329.0,3271.0,3277.0,566336,1064400,3297.0
2011-09-15,3283.0,3290.0,3268.0,3284.0,322826,1066100,3282.0
2011-09-16,3252.0,3272.0,3251.0,3270.0,338882,1061874,3261.0
2011-09-19,3255.0,3258.0,3218.0,3221.0,365548,1067300,3233.0
2011-09-20,3238.0,3248.0,3230.0,3234.0,404834,1100070,3240.0
2011-09-21,3221.0,3237.0,3203.0,3228.0,381608,1130502,3222.0
2011-09-22,3174.0,3187.0,3130.0,3162.0,507444,1136678,3168.0
2011-09-23,3110.0,3133.0,3015.0,3079.0,864288,971414,3085.0
2011-09-26,3066.0,3083.0,2990.0,3012.0,831574,872218,3039.0
2011-09-27,3079.0,3088.0,3059.0,3082.0,449726,857302,3073.0
2011-09-28,3052.0,3055.0,3017.0,3041.0,404660,826642,3039.0
2011-09-29,2950.0,2997.0,2927.0,2987.0,487140,716906,2970.0
2011-09-30,3001.0,3036.0,3001.0,3030.0,300284,711774,3023.0
2011-10-10,2935.0,2982.0,2932.0,2954.0,598528,858690,2960.0
2011-10-11,2968.0,2985.0,2922.0,2929.0,666018,948682,2959.0
2011-10-12,2989.0,3020.0,2964.0,3010.0,893144,833964,2993.0
2011-10-13,3020.0,3035.0,3005.0,3025.0,552994,850242,3021.0
2011-10-14,3055.0,3058.0,3036.0,3048.0,425284,823656,3047.0
2011-10-17,3058.0,3060.0,3038.0,3042.0,309556,805526,3046.0
2011-10-18,3022.0,3023.0,2982.0,2988.0,420230,771256,3001.0
2011-10-19,3010.0,3022.0,2988.0,3007.0,402946,753410,3008.0
2011-10-20,2961.0,2965.0,2929.0,2959.0,581690,715832,2945.0
2011-10-21,2976.0,3009.0,2975.0,3006.0,342452,712782,2992.0
2011-10-24,2996.0,3047.0,2981.0,3027.0,675954,736076,3013.0
2011-10-25,3026.0,3044.0,3015.0,3021.0,475998,740204,3028.0
2011-10-26,3013.0,3027.0,3003.0,3018.0,286866,727678,3015.0
2011-10-27,3000.0,3046.0,3000.0,3041.0,633022,853948,3029.0
2011-10-28,3060.0,3066.0,3014.0,3016.0,504480,846080,3036.0
2011-10-31,3010.0,3013.0,2966.0,2970.0,382790,848116,2984.0
2011-11-01,2983.0,2993.0,2968.0,2973.0,325686,831036,2979.0
2011-11-02,2950.0,2992.0,2947.0,2992.0,394638,832346,2965.0
2011-11-03,2968.0,2986.0,2960.0,2966.0,434774,856362,2970.0
2011-11-04,2999.0,3007.0,2987.0,2996.0,411652,873220,2997.0
2011-11-07,2992.0,2995.0,2959.0,2968.0,311202,821728,2970.0
2011-11-08,2965.0,2968.0,2940.0,2953.0,276682,827206,2953.0
2011-11-09,2964.0,2968.0,2948.0,2949.0,213784,823402,2957.0
2011-11-10,2918.0,2918.0,2873.0,2892.0,421080,805760,2898.0
2011-11-11,2888.0,2906.0,2881.0,2890.0,354018,877284,2893.0
2011-11-14,2910.0,2923.0,2899.0,2915.0,452950,897502,2911.0
2011-11-15,2898.0,2928.0,2886.0,2908.0,342962,886938,2903.0
2011-11-16,2922.0,2925.0,2884.0,2887.0,302672,898296,2901.0
2011-11-17,2884.0,2903.0,2876.0,2889.0,298272,898860,2889.0
2011-11-18,2851.0,2869.0,2850.0,2863.0,192110,889386,2861.0
2011-11-21,2859.0,2871.0,2848.0,2850.0,212142,881342,2859.0
2011-11-22,2829.0,2838.0,2796.0,2800.0,468174,910026,2812.0
2011-11-23,2807.0,2811.0,2784.0,2795.0,354264,852056,2796.0
2011-11-24,2780.0,2780.0,2738.0,2758.0,462914,811236,2759.0
2011-11-25,2740.0,2767.0,2740.0,2757.0,336802,785210,2757.0
2011-11-28,2775.0,2787.0,2772.0,2781.0,245476,751534,2779.0
2011-11-29,2785.0,2799.0,2780.0,2794.0,221286,728948,2789.0
2011-11-30,2798.0,2799.0,2770.0,2771.0,167770,713058,2781.0
2011-12-01,2818.0,2840.0,2813.0,2830.0,278596,674206,2823.0
2011-12-05,2823.0,2823.0,2814.0,2816.0,95054,684100,2817.0
2011-12-06,2800.0,2804.0,2784.0,2792.0,116916,694384,2791.0
2011-12-07,2802.0,2810.0,2795.0,2808.0,99568,679466,2802.0
2011-12-08,2800.0,2801.0,2776.0,2792.0,169696,683772,2788.0
2011-12-09,2815.0,2846.0,2811.0,2832.0,224746,472194,2835.0
2011-12-12,2812.0,2824.0,2788.0,2789.0,219846,502638,2808.0
2011-12-13,2794.0,2804.0,2786.0,2787.0,192790,500100,2795.0
2011-12-14,2788.0,2802.0,2787.0,2800.0,122672,490814,2796.0
2011-12-15,2774.0,2820.0,2772.0,2813.0,291618,508880,2800.0
2011-12-16,2816.0,2832.0,2813.0,2832.0,225038,511382,2821.0
2011-12-19,2846.0,2874.0,2841.0,2869.0,414386,531366,2857.0
2011-12-20,2869.0,2872.0,2853.0,2865.0,279316,540576,2863.0
2011-12-21,2876.0,2884.0,2857.0,2858.0,268422,547714,2869.0
2011-12-22,2866.0,2878.0,2864.0,2877.0,242276,534358,2872.0
2011-12-23,2880.0,2895.0,2877.0,2892.0,208764,526582,2888.0
2011-12-26,2894.0,2896.0,2879.0,2883.0,177988,525038,2886.0
2011-12-27,2885.0,2891.0,2879.0,2884.0,173780,533026,2884.0
2011-12-28,2915.0,2950.0,2911.0,2948.0,445308,552604,2935.0
2011-12-29,2937.0,2957.0,2935.0,2944.0,329594,533466,2948.0
2011-12-30,2943.0,2951.0,2937.0,2951.0,204226,495042,2945.0
2012-01-04,2972.0,2980.0,2964.0,2970.0,227352,510456,2971.0
2012-01-05,2975.0,2975.0,2954.0,2963.0,275404,512926,2964.0
2012-01-06,2940.0,2948.0,2935.0,2947.0,211140,521634,2940.0
2012-01-09,2941.0,2949.0,2928.0,2942.0,224392,521452,2938.0
2012-01-10,2969.0,2994.0,2968.0,2983.0,311038,519050,2981.0
2012-01-11,2975.0,2982.0,2965.0,2976.0,163234,517996,2973.0
2012-01-12,2942.0,2948.0,2935.0,2947.0,221864,541124,2941.0
2012-01-13,2921.0,2929.0,2910.0,2913.0,289144,567416,2918.0
2012-01-16,2882.0,2886.0,2870.0,2873.0,255018,590288,2878.0
2012-01-17,2890.0,2909.0,2883.0,2909.0,274952,612538,2893.0
2012-01-18,2908.0,2914.0,2892.0,2893.0,196024,591754,2902.0
2012-01-19,2904.0,2924.0,2896.0,2912.0,176672,562292,2904.0
2012-01-20,2922.0,2950.0,2918.0,2949.0,177668,566712,2932.0
2012-01-30,2953.0,2964.0,2947.0,2956.0,195850,557848,2955.0
2012-01-31,2933.0,2946.0,2930.0,2943.0,188454,592306,2940.0
2012-02-01,2951.0,2982.0,2949.0,2970.0,383130,639476,2967.0
2012-02-02,2979.0,2993.0,2968.0,2975.0,334920,672984,2980.0
2012-02-03,2981.0,2987.0,2969.0,2971.0,250072,673376,2977.0
2012-02-06,2995.0,3034.0,2992.0,3032.0,495018,730932,3018.0
2012-02-07,3024.0,3043.0,3010.0,3015.0,438000,709522,3026.0
2012-02-08,3022.0,3039.0,3013.0,3038.0,510496,760520,3025.0
2012-02-09,3023.0,3030.0,3012.0,3017.0,412092,785072,3021.0
2012-02-10,3005.0,3009.0,2976.0,2984.0,384016,790358,2989.0
2012-02-13,3000.0,3021.0,2997.0,3018.0,407776,805634,3010.0
2012-02-14,3041.0,3051.0,3028.0,3029.0,474862,796614,3039.0
2012-02-15,3040.0,3045.0,3025.0,3025.0,325758,774540,3034.0
2012-02-16,3035.0,3038.0,3008.0,3025.0,506434,744586,3021.0
2012-02-17,3036.0,3069.0,3033.0,3067.0,699098,811528,3058.0
2012-02-20,3088.0,3095.0,3067.0,3072.0,418966,817220,3077.0
2012-02-21,3073.0,3086.0,3055.0,3082.0,431348,814228,3070.0
2012-02-22,3073.0,3079.0,3061.0,3068.0,346470,798720,3068.0
2012-02-23,3071.0,3078.0,3058.0,3077.0,284436,815642,3065.0
2012-02-24,3075.0,3086.0,3068.0,3078.0,386252,805468,3077.0
2012-02-27,3080.0,3111.0,3079.0,3106.0,439986,847480,3101.0
2012-02-28,3120.0,3136.0,3116.0,3135.0,412646,862734,3124.0
2012-02-29,3144.0,3145.0,3131.0,3138.0,394670,873724,3137.0
2012-03-01,3130.0,3153.0,3116.0,3117.0,632522,812498,3133.0
2012-03-02,3135.0,3160.0,3132.0,3158.0,569264,860822,3148.0
2012-03-05,3166.0,3190.0,3166.0,3184.0,657680,905672,3180.0
2012-03-06,3174.0,3187.0,3170.0,3181.0,535238,923688,3178.0
2012-03-07,3186.0,3194.0,3155.0,3158.0,1027704,918524,3174.0
2012-03-08,3156.0,3171.0,3134.0,3140.0,1124322,861550,3153.0
2012-03-09,3159.0,3198.0,3155.0,3193.0,914452,837914,3176.0
2012-03-12,3173.0,3179.0,3151.0,3174.0,800182,877450,3165.0
2012-03-13,3171.0,3187.0,3168.0,3186.0,689374,883578,3179.0
2012-03-14,3198.0,3221.0,3191.0,3204.0,890826,930764,3208.0
2012-03-15,3215.0,3218.0,3196.0,3209.0,717426,938290,3207.0
2012-03-16,3222.0,3225.0,3194.0,3204.0,667680,939440,3209.0
2012-03-19,3221.0,3225.0,3207.0,3214.0,529510,894226,3215.0
2012-03-20,3205.0,3205.0,3169.0,3170.0,696360,884232,3182.0
2012-03-21,3160.0,3178.0,3160.0,3168.0,480978,861472,3167.0
2012-03-22,3180.0,3188.0,3173.0,3180.0,662296,906514,3180.0
2012-03-23,3198.0,3242.0,3194.0,3240.0,1299288,1111666,3219.0
2012-03-26,3255.0,3263.0,3242.0,3260.0,951856,1127300,3252.0
2012-03-27,3263.0,3281.0,3252.0,3279.0,980782,1234158,3268.0
2012-03-28,3265.0,3299.0,3262.0,3277.0,1486784,1308328,3280.0
2012-03-29,3284.0,3287.0,3256.0,3266.0,1182612,1238510,3270.0
2012-03-30,3255.0,3258.0,3229.0,3244.0,949536,1086190,3240.0
2012-04-05,3318.0,3389.0,3309.0,3384.0,1427086,1285884,3352.0
2012-04-06,3388.0,3414.0,3382.0,3400.0,1629400,1321500,3396.0
2012-04-09,3411.0,3419.0,3386.0,3392.0,1182000,1302900,3398.0
2012-04-10,3388.0,3404.0,3373.0,3401.0,956452,1253800,3390.0
2012-04-11,3370.0,3375.0,3344.0,3350.0,848300,1190246,3356.0
2012-04-12,3345.0,3360.0,3342.0,3356.0,574630,1165334,3352.0
2012-04-13,3400.0,3403.0,3375.0,3382.0,611410,1177400,3386.0
2012-04-16,3345.0,3355.0,3335.0,3347.0,573136,1134800,3343.0
2012-04-17,3347.0,3385.0,3344.0,3384.0,1107570,1304822,3372.0
2012-04-18,3396.0,3403.0,3324.0,3351.0,1878268,1253602,3359.0
2012-04-19,3343.0,3358.0,3335.0,3356.0,872626,1208116,3348.0
2012-04-20,3307.0,3309.0,3282.0,3301.0,876034,777322,3297.0
2012-04-23,3337.0,3354.0,3333.0,3341.0,1026700,853712,3342.0
2012-04-24,3318.0,3352.0,3308.0,3332.0,1627300,994386,3329.0
2012-04-25,3375.0,3378.0,3344.0,3348.0,1426000,1098700,0.0
2012-04-26,3328.0,3337.0,3315.0,3321.0,880434,1049900,0.0
2012-04-27,3378.0,3435.0,3373.0,3423.0,1579100,1213700,3409.0
2012-05-02,3377.0,3383.0,3355.0,3355.0,956082,978488,3364.0
2012-05-03,3421.0,3444.0,3406.0,3418.0,1733100,1307100,3423.0
2012-05-04,3323.0,3360.0,3317.0,3359.0,1335200,1005000,3336.0
2012-05-07,3441.0,3447.0,3395.0,3409.0,1237400,1184800,3412.0
2012-05-08,3312.0,3324.0,3288.0,3294.0,1694000,979704,3307.0
2012-05-09,3270.0,3274.0,3238.0,3242.0,1658700,990414,3254.0
2012-05-10,3255.0,3271.0,3242.0,3265.0,1461600,983060,3256.0
2012-05-11,3275.0,3277.0,3218.0,3226.0,2211500,1003800,3247.0
2012-05-14,3200.0,3203.0,3118.0,3118.0,1782900,871298,3147.0
2012-05-15,3096.0,3137.0,3066.0,3134.0,2249600,865000,3115.0
2012-05-16,3128.0,3144.0,3068.0,3082.0,2826600,1002500,3108.0
2012-05-17,3140.0,3155.0,3102.0,3146.0,2639000,886612,3131.0
2012-05-18,3120.0,3146.0,3106.0,3129.0,2607600,950322,3125.0
2012-05-21,3130.0,3165.0,3118.0,3152.0,2379700,982102,3146.0
2012-05-22,3140.0,3145.0,3126.0,3137.0,1964700,994146,3136.0
2012-05-23,3073.0,3084.0,3058.0,3079.0,2034900,1009700,3073.0
2012-05-24,3091.0,3119.0,3086.0,3117.0,1548172,945712,3101.0
2012-05-25,3109.0,3116.0,3089.0,3107.0,1520406,957234,3104.0
2012-05-28,3118.0,3143.0,3104.0,3137.0,1450712,968156,3124.0
2012-05-29,3131.0,3175.0,3126.0,3174.0,1689700,1008800,3149.0
2012-05-30,3160.0,3180.0,3152.0,3156.0,1532700,972472,3164.0
2012-05-31,3140.0,3161.0,3136.0,3145.0,1393700,1025200,3151.0
2012-06-01,3100.0,3128.0,3098.0,3108.0,1208800,974088,3111.0
2012-06-04,3101.0,3121.0,3060.0,3082.0,2625100,1237800,3082.0
2012-06-05,3102.0,3154.0,3091.0,3141.0,2401400,1130000,3124.0
2012-06-06,3135.0,3196.0,3135.0,3179.0,2149900,1052700,3175.0
2012-06-07,3218.0,3231.0,3199.0,3209.0,1487700,1015400,3214.0
2012-06-08,3231.0,3239.0,3191.0,3223.0,1955200,1054900,3217.0
2012-06-11,3242.0,3304.0,3234.0,3302.0,2009800,1132200,3275.0
2012-06-12,3280.0,3296.0,3267.0,3295.0,1901200,1114300,3283.0
2012-06-13,3300.0,3300.0,3263.0,3267.0,1672500,1109800,3275.0
2012-06-14,3242.0,3250.0,3217.0,3224.0,1662100,1090500,3230.0
2012-06-15,3230.0,3266.0,3226.0,3264.0,1532800,1065200,3253.0
2012-06-18,3270.0,3289.0,3243.0,3267.0,1616400,1097500,3261.0
2012-06-19,3306.0,3367.0,3295.0,3361.0,2521100,1251300,3344.0
2012-06-20,3392.0,3426.0,3380.0,3416.0,2045100,1395600,3398.0
2012-06-21,3390.0,3422.0,3382.0,3417.0,2430700,1464700,3403.0
2012-06-25,3449.0,3538.0,3446.0,3491.0,2860400,1464200,3504.0
2012-06-26,3509.0,3513.0,3474.0,3500.0,2227900,1487200,3489.0
2012-06-27,3489.0,3510.0,3479.0,3485.0,1816600,1465500,3490.0
2012-06-28,3487.0,3491.0,3449.0,3454.0,2165000,1369300,3464.0
2012-06-29,3465.0,3483.0,3436.0,3483.0,1795200,1332900,3464.0
2012-07-02,3530.0,3532.0,3461.0,3470.0,1923900,1368800,3486.0
2012-07-03,3480.0,3493.0,3458.0,3491.0,2397400,1407800,3476.0
2012-07-04,3512.0,3555.0,3502.0,3552.0,2712600,1573600,3534.0
2012-07-05,3550.0,3638.0,3543.0,3634.0,3249700,1711700,3595.0
2012-07-06,3650.0,3656.0,3606.0,3621.0,2844354,1716538,3627.0
2012-07-09,3635.0,3754.0,3627.0,3752.0,4307634,1962606,3697.0
2012-07-10,3732.0,3757.0,3704.0,3747.0,3699400,2037200,3734.0
2012-07-11,3745.0,3878.0,3695.0,3721.0,7363376,1882632,3768.0
2012-07-12,3690.0,3702.0,3651.0,3668.0,3895500,1876300,3675.0
2012-07-13,3705.0,3775.0,3702.0,3771.0,4066192,1975760,3732.0
2012-07-16,3881.0,3881.0,3850.0,3881.0,1358656,2109882,3876.0
2012-07-17,3932.0,3952.0,3751.0,3838.0,5107070,1951086,3847.0
2012-07-18,3876.0,3908.0,3837.0,3891.0,4903664,2091592,3868.0
2012-07-19,3934.0,3947.0,3891.0,3945.0,3778866,2037774,3924.0
2012-07-20,3932.0,3999.0,3911.0,3997.0,3812526,2186350,3962.0
2012-07-23,3948.0,3966.0,3873.0,3961.0,4017616,2074366,3935.0
2012-07-24,3778.0,3838.0,3778.0,3791.0,3586408,1843406,3806.0
2012-07-25,3750.0,3831.0,3737.0,3744.0,4772058,1763770,3796.0
2012-07-26,3799.0,3799.0,3752.0,3787.0,3584050,1881122,3777.0
2012-07-27,3768.0,3820.0,3745.0,3813.0,3320266,1924754,3778.0
2012-07-30,3900.0,3929.0,3880.0,3929.0,1551300,2028100,3918.0
2012-07-31,3918.0,4007.0,3910.0,4003.0,3689814,2257532,3968.0
2012-08-01,4002.0,4048.0,3967.0,3974.0,4122746,2221546,4012.0
2012-08-02,3948.0,3982.0,3918.0,3952.0,4863714,2302538,3950.0
2012-08-03,3930.0,3986.0,3888.0,3926.0,5037830,2346640,3939.0
2012-08-06,3900.0,3909.0,3842.0,3869.0,3455168,2270588,3863.0
2012-08-07,3866.0,3914.0,3830.0,3912.0,4475904,2453854,3867.0
2012-08-08,3879.0,3886.0,3830.0,3835.0,3819214,2227580,3857.0
2012-08-09,3865.0,3884.0,3842.0,3861.0,3144608,2138420,3864.0
2012-08-10,3937.0,3942.0,3900.0,3921.0,3047880,2197404,3921.0
2012-08-13,3905.0,3910.0,3868.0,3868.0,2309012,2204600,3887.0
2012-08-14,3842.0,3871.0,3817.0,3870.0,2978500,2241900,3842.0
2012-08-15,3861.0,3938.0,3856.0,3927.0,3520554,2374892,3901.0
2012-08-16,3941.0,3948.0,3884.0,3888.0,2617216,2255654,3908.0
2012-08-17,3896.0,3915.0,3875.0,3900.0,2010334,2217714,3896.0
2012-08-20,3915.0,3969.0,3914.0,3956.0,2860252,2404998,3950.0
2012-08-21,4000.0,4096.0,4000.0,4088.0,3483306,2569800,4057.0
2012-08-22,4111.0,4144.0,4098.0,4134.0,2820540,2532816,4122.0
2012-08-23,4151.0,4185.0,4116.0,4130.0,3298936,2493600,4146.0
2012-08-24,4110.0,4189.0,4105.0,4187.0,2734652,2612452,4157.0
2012-08-27,4230.0,4290.0,4215.0,4237.0,3196404,2545154,4249.0
2012-08-28,4200.0,4230.0,4188.0,4202.0,2693300,2541200,4207.0
2012-08-29,4215.0,4263.0,4196.0,4260.0,2968380,2572396,4227.0
2012-08-30,4270.0,4287.0,4217.0,4262.0,3170010,2520434,4255.0
2012-08-31,4245.0,4253.0,4212.0,4235.0,2967250,2643374,4229.0
2012-09-03,4253.0,4361.0,4244.0,4341.0,3112052,2573612,4313.0
2012-09-04,4336.0,4369.0,4323.0,4366.0,2151336,2485108,4346.0
2012-09-05,4321.0,4335.0,4307.0,4312.0,1727916,2391172,4319.0
2012-09-06,4253.0,4257.0,4201.0,4237.0,1899362,2349262,4237.0
2012-09-07,4255.0,4275.0,4205.0,4212.0,1992032,2322130,4246.0
2012-09-10,4205.0,4251.0,4190.0,4238.0,1574700,2309800,4227.0
2012-09-11,4210.0,4239.0,4152.0,4170.0,2463206,2223028,4185.0
2012-09-12,4159.0,4210.0,4155.0,4201.0,2000566,2226770,4185.0
2012-09-13,4255.0,4275.0,4215.0,4219.0,1696800,2155100,4249.0
2012-09-14,4250.0,4300.0,4231.0,4249.0,1606458,2122522,4254.0
2012-09-17,4203.0,4210.0,4075.0,4083.0,2460894,2186828,4143.0
2012-09-18,4008.0,4050.0,3983.0,4002.0,2713544,2063482,4020.0
2012-09-19,4048.0,4065.0,4010.0,4040.0,2018448,2059056,4032.0
2012-09-20,4052.0,4075.0,4001.0,4037.0,2773738,2087850,4042.0
2012-09-21,3990.0,4020.0,3971.0,4013.0,2356428,2113874,3997.0
2012-09-24,3976.0,3979.0,3897.0,3961.0,3159918,2094940,3936.0
2012-09-25,3990.0,4020.0,3972.0,4000.0,1914810,2053988,3997.0
2012-09-26,3978.0,3995.0,3961.0,3969.0,1358190,2001288,3975.0
2012-09-27,3934.0,3981.0,3934.0,3970.0,1296498,1843012,3956.0
2012-09-28,3978.0,3991.0,3946.0,3984.0,1117478,0,3965.0
2012-10-08,3951.0,3962.0,3877.0,3878.0,1904024,1804112,3904.0
2012-10-09,3905.0,3916.0,3878.0,3897.0,1853574,1801940,3899.0
2012-10-10,3861.0,3865.0,3822.0,3835.0,1779530,1843358,3838.0
2012-10-11,3808.0,3879.0,3808.0,3839.0,2040306,1817070,3848.0
2012-10-12,3851.0,3868.0,3781.0,3782.0,2321642,1767490,3825.0
2012-10-15,3712.0,3759.0,3678.0,3684.0,2030806,1732888,3713.0
2012-10-16,3708.0,3723.0,3686.0,3713.0,1819568,1705322,3706.0
2012-10-17,3680.0,3718.0,3656.0,3712.0,1978450,1816894,3688.0
2012-10-18,3729.0,3773.0,3724.0,3769.0,1795350,1682474,3752.0
2012-10-19,3788.0,3798.0,3756.0,3785.0,1359550,1688342,3775.0
2012-10-22,3788.0,3835.0,3779.0,3828.0,1611354,1648878,3812.0
2012-10-23,3826.0,3831.0,3746.0,3750.0,1968706,1796066,3781.0
2012-10-24,3793.0,3826.0,3782.0,3809.0,1681646,1689478,3805.0
2012-10-25,3810.0,3819.0,3773.0,3790.0,1447610,1691158,3793.0
2012-10-26,3785.0,3807.0,3757.0,3796.0,1164876,1652704,3783.0
2012-10-29,3780.0,3780.0,3726.0,3740.0,1358726,1664774,3742.0
2012-10-30,3728.0,3753.0,3713.0,3745.0,876546,1618322,3730.0
2012-10-31,3745.0,3769.0,3732.0,3768.0,611400,1566700,3747.0
2012-11-01,3770.0,3850.0,3766.0,3845.0,986704,1483000,3813.0
2012-11-02,3820.0,3825.0,3792.0,3808.0,617376,1422300,3807.0
2012-11-05,3743.0,3781.0,3738.0,3767.0,530838,1412550,3760.0
2012-11-06,3382.0,3446.0,3377.0,3434.0,2447962,1423124,3415.0
2012-11-07,3782.0,3797.0,3762.0,3766.0,480512,1376800,3778.0
2012-11-08,3754.0,3769.0,3733.0,3761.0,538926,1371800,3749.0
2012-11-09,3742.0,3763.0,3728.0,3733.0,420210,1346852,3745.0
2012-11-12,3633.0,3648.0,3596.0,3596.0,639266,1278278,3608.0
2012-11-13,3202.0,3215.0,3154.0,3179.0,2889946,1350788,3181.0
2012-11-14,3186.0,3218.0,3173.0,3214.0,1980992,1354890,3198.0
2012-11-15,3204.0,3213.0,3134.0,3141.0,2717968,1541004,3182.0
2012-11-16,3142.0,3164.0,3122.0,3133.0,2982414,1482566,3137.0
2012-11-19,3145.0,3179.0,3143.0,3174.0,1955744,1452130,3166.0
2012-11-20,3176.0,3185.0,3129.0,3142.0,2527456,1451796,3147.0
2012-11-21,3176.0,3192.0,3161.0,3191.0,2399410,1469180,3176.0
2012-11-22,3188.0,3207.0,3170.0,3188.0,2574960,1377134,3188.0
2012-11-23,3184.0,3238.0,3181.0,3234.0,2582644,1441644,3212.0
2012-11-26,3227.0,3240.0,3209.0,3212.0,1669496,1429004,3223.0
2012-11-27,3226.0,3245.0,3223.0,3224.0,1535698,1411854,3232.0
2012-11-28,3245.0,3265.0,3241.0,3257.0,1796400,1400500,3254.0
2012-11-29,3261.0,3266.0,3233.0,3253.0,1877338,1435434,3246.0
2012-11-30,3250.0,3253.0,3212.0,3231.0,2189178,1426132,3233.0
2012-12-03,3246.0,3299.0,3241.0,3285.0,1574978,1438388,3277.0
2012-12-04,3280.0,3285.0,3250.0,3276.0,1382752,1445298,3266.0
2012-12-05,3285.0,3308.0,3279.0,3303.0,1765486,1455802,3294.0
2012-12-06,3329.0,3373.0,3324.0,3352.0,2449584,1384698,3349.0
2012-12-07,3350.0,3399.0,3344.0,3398.0,2036022,1446720,3372.0
2012-12-10,3360.0,3385.0,3352.0,3375.0,1813398,1375114,3366.0
2012-12-11,3390.0,3421.0,3385.0,3413.0,1928540,1318372,3410.0
2012-12-12,3405.0,3419.0,3383.0,3391.0,2133338,1374648,3400.0
2012-12-13,3410.0,3414.0,3379.0,3393.0,1420558,1343058,3394.0
2012-12-14,3403.0,3457.0,3395.0,3456.0,1859516,1363816,3428.0
2012-12-17,3470.0,3525.0,3469.0,3497.0,1798962,1348220,3501.0
2012-12-18,3490.0,3499.0,3455.0,3467.0,1847748,1317380,3471.0
2012-12-19,3433.0,3437.0,3394.0,3419.0,1883460,1264802,3416.0
2012-12-20,3368.0,3371.0,3352.0,3358.0,1537310,1189376,3360.0
2012-12-21,3337.0,3372.0,3334.0,3347.0,1783334,1149434,3354.0
2012-12-24,3365.0,3387.0,3348.0,3349.0,1283354,1169348,3371.0
2012-12-25,3355.0,3357.0,3315.0,3318.0,1948344,1219118,3335.0
2012-12-26,3316.0,3358.0,3309.0,3333.0,2280378,1270114,3339.0
2012-12-27,3315.0,3370.0,3306.0,3368.0,2155590,1391796,3344.0
2012-12-28,3362.0,3374.0,3332.0,3336.0,1649790,1257114,3351.0
2012-12-31,3332.0,3346.0,3272.0,3276.0,1575052,1226466,3308.0
2013-01-04,3240.0,3257.0,3220.0,3248.0,1311346,1201284,3241.0
2013-01-07,3215.0,3285.0,3206.0,3267.0,1810436,1100488,3253.0
2013-01-08,3279.0,3303.0,3260.0,3291.0,1351690,1102400,3279.0
2013-01-09,3296.0,3325.0,3270.0,3272.0,1728826,1120312,3299.0
2013-01-10,3275.0,3295.0,3258.0,3268.0,1051954,1118922,3273.0
2013-01-11,3268.0,3281.0,3247.0,3258.0,1067110,1088094,3261.0
2013-01-14,3302.0,3365.0,3302.0,3361.0,1560488,1074458,3338.0
2013-01-15,3386.0,3396.0,3354.0,3368.0,1293644,1044622,3377.0
2013-01-16,3376.0,3410.0,3358.0,3405.0,1477564,1136056,3384.0
2013-01-17,3425.0,3433.0,3374.0,3381.0,1498400,1040300,3408.0
2013-01-18,3400.0,3400.0,3370.0,3376.0,1466602,1034664,3384.0
2013-01-21,3373.0,3412.0,3373.0,3388.0,1052006,1064476,3392.0
2013-01-22,3390.0,3432.0,3386.0,3426.0,1179240,1096274,3407.0
2013-01-23,3435.0,3440.0,3419.0,3432.0,852302,1050194,3429.0
2013-01-24,3403.0,3407.0,3353.0,3358.0,1062920,971170,3377.0
2013-01-25,3383.0,3395.0,3375.0,3383.0,717742,979808,3386.0
2013-01-28,3407.0,3436.0,3405.0,3429.0,734794,1006064,3421.0
2013-01-29,3425.0,3430.0,3411.0,3419.0,435944,974552,3419.0
2013-01-30,3415.0,3492.0,3415.0,3484.0,1067268,1043732,3464.0
2013-01-31,3520.0,3532.0,3498.0,3508.0,896800,983882,3514.0
2013-02-01,3500.0,3526.0,3473.0,3521.0,804300,974548,3496.0
2013-02-04,3531.0,3531.0,3501.0,3503.0,508602,927216,3512.0
2013-02-05,3517.0,3537.0,3503.0,3512.0,537878,898308,3518.0
2013-02-06,3526.0,3543.0,3518.0,3532.0,519326,894070,3530.0
2013-02-07,3531.0,3533.0,3503.0,3519.0,324298,827840,3513.0
2013-02-08,3366.0,3398.0,3360.0,3374.0,599632,778724,3378.0
2013-02-18,3270.0,3295.0,3236.0,3286.0,674566,835164,3277.0
2013-02-19,3290.0,3314.0,3290.0,3307.0,932602,896256,3304.0
2013-02-20,3338.0,3363.0,3327.0,3344.0,1259694,924068,3344.0
2013-02-21,3335.0,3357.0,3307.0,3351.0,1683078,996568,3330.0
2013-02-22,3359.0,3463.0,3356.0,3452.0,3155576,1334340,3418.0
2013-02-25,3401.0,3411.0,3290.0,3360.0,3839042,1185340,3358.0
2013-02-26,3346.0,3410.0,3313.0,3317.0,4639790,1130848,3356.0
2013-02-27,3347.0,3368.0,3322.0,3337.0,2795144,1153572,3343.0
2013-02-28,3364.0,3377.0,3336.0,3349.0,2226056,1137710,3358.0
2013-03-01,3358.0,3401.0,3352.0,3388.0,3009618,1214038,3377.0
2013-03-04,3373.0,3392.0,3358.0,3365.0,1920954,1135876,3376.0
2013-03-05,3400.0,3431.0,3390.0,3413.0,2839936,1240040,3413.0
2013-03-06,3400.0,3418.0,3377.0,3398.0,2393520,1255170,3395.0
2013-03-07,3398.0,3412.0,3386.0,3402.0,1722716,1257368,3397.0
2013-03-08,3411.0,3435.0,3409.0,3422.0,2087168,1307800,3421.0
2013-03-11,3421.0,3429.0,3386.0,3387.0,2058170,1335808,3410.0
2013-03-12,3404.0,3405.0,3340.0,3343.0,2685556,1394408,3363.0
2013-03-13,3351.0,3356.0,3314.0,3343.0,2447658,1431964,3337.0
2013-03-14,3310.0,3310.0,3261.0,3273.0,2995566,1539114,3283.0
2013-03-15,3290.0,3314.0,3276.0,3288.0,2203366,1475724,3290.0
2013-03-18,3233.0,3236.0,3177.0,3202.0,2283918,1564496,3204.0
2013-03-19,3216.0,3224.0,3200.0,3210.0,1302418,1465724,3210.0
2013-03-20,3201.0,3257.0,3200.0,3253.0,2141134,1519196,3236.0
2013-03-21,3268.0,3298.0,3265.0,3283.0,1185658,1421212,3283.0
2013-03-22,3290.0,3298.0,3262.0,3267.0,1442772,1428132,3276.0
2013-03-25,3260.0,3275.0,3242.0,3258.0,1322614,1481918,3259.0
2013-03-26,3265.0,3282.0,3258.0,3275.0,1214116,1448038,3270.0
2013-03-27,3286.0,3296.0,3274.0,3291.0,1124606,1438246,3283.0
2013-03-28,3305.0,3312.0,3281.0,3285.0,1733102,1412718,3296.0
2013-03-29,3188.0,3233.0,3180.0,3229.0,2116848,1506092,3215.0
2013-04-01,3218.0,3230.0,3189.0,3195.0,1516670,1506912,3208.0
2013-04-02,3202.0,3224.0,3172.0,3205.0,1901296,1498228,3200.0
2013-04-03,3178.0,3178.0,3123.0,3130.0,3072066,1803160,3138.0
2013-04-08,3060.0,3117.0,3051.0,3113.0,2581546,1876026,3088.0
2013-04-09,3110.0,3146.0,3106.0,3114.0,2227414,1961982,3124.0
2013-04-10,3131.0,3145.0,3118.0,3138.0,1757420,1932160,3132.0
2013-04-11,3120.0,3129.0,3092.0,3114.0,2491442,2018508,3110.0
2013-04-12,3128.0,3158.0,3121.0,3157.0,2015636,1869714,3137.0
2013-04-15,3135.0,3144.0,3105.0,3133.0,2317544,1950120,3119.0
2013-04-16,3098.0,3143.0,3076.0,3138.0,2359718,1910324,3113.0
2013-04-17,3150.0,3171.0,3139.0,3167.0,1855232,1865892,3156.0
2013-04-18,3155.0,3206.0,3141.0,3196.0,2532340,1917902,3179.0
2013-04-19,3193.0,3227.0,3184.0,3186.0,2286224,1885714,3208.0
2013-04-22,3172.0,3180.0,3140.0,3143.0,1673838,1835314,3163.0
2013-04-23,3143.0,3157.0,3126.0,3155.0,1759494,1794166,3144.0
2013-04-24,3140.0,3157.0,3097.0,3107.0,2292500,1780400,3123.0
2013-04-25,3099.0,3150.0,3093.0,3149.0,1707264,1744654,3124.0
2013-04-26,3180.0,3194.0,3153.0,3172.0,1483428,1586396,3173.0
2013-05-02,3161.0,3214.0,3156.0,3212.0,1592878,1707692,3190.0
2013-05-03,3205.0,3222.0,3190.0,3193.0,1720054,1688942,3205.0
2013-05-06,3193.0,3215.0,3175.0,3206.0,1964374,1645906,3198.0
2013-05-07,3178.0,3195.0,3176.0,3190.0,947798,1638082,3187.0
2013-05-08,3196.0,3256.0,3196.0,3243.0,2036290,1740700,3235.0
2013-05-09,3240.0,3247.0,3230.0,3246.0,1053548,1693570,3239.0
2013-05-10,3269.0,3278.0,3247.0,3263.0,1322426,1593204,3259.0
2013-05-13,3245.0,3282.0,3216.0,3217.0,1906218,1643470,3254.0
2013-05-14,3249.0,3272.0,3239.0,3265.0,1905386,1643648,3258.0
2013-05-15,3268.0,3278.0,3238.0,3249.0,1307728,1574936,3255.0
2013-05-16,3246.0,3269.0,3223.0,3249.0,1350096,1552522,3248.0
2013-05-17,3275.0,3295.0,3267.0,3282.0,1308260,1532900,3282.0
2013-05-20,3320.0,3322.0,3297.0,3303.0,1077270,1439342,3308.0
2013-05-21,3323.0,3334.0,3303.0,3319.0,1200702,1464884,3320.0
2013-05-22,3326.0,3327.0,3306.0,3321.0,912298,1494406,3318.0
2013-05-23,3345.0,3356.0,3335.0,3336.0,1331846,1484426,3345.0
2013-05-24,3324.0,3342.0,3315.0,3333.0,1084594,1468752,3330.0
2013-05-27,3303.0,3323.0,3303.0,3320.0,711058,1465700,3316.0
2013-05-28,3328.0,3330.0,3310.0,3328.0,567304,1484200,3320.0
2013-05-29,3358.0,3427.0,3350.0,3387.0,2393114,1387368,3396.0
2013-05-30,3171.0,3199.0,3156.0,3192.0,2057378,1382028,3183.0
2013-05-31,3403.0,3435.0,3396.0,3434.0,1077488,1358140,3417.0
2013-06-03,3230.0,3307.0,3230.0,3293.0,3057502,1554684,3281.0
2013-06-04,3548.0,3548.0,3504.0,3527.0,1790312,1285696,3524.0
2013-06-05,3242.0,3280.0,3230.0,3266.0,2399618,1292534,3261.0
2013-06-06,3222.0,3246.0,3202.0,3227.0,1846868,1318482,3226.0
2013-06-07,3246.0,3254.0,3217.0,3233.0,1263910,0,3232.0
2013-06-13,3239.0,3244.0,3202.0,3216.0,1013164,1197192,3218.0
2013-06-14,3200.0,3238.0,3182.0,3238.0,1507298,1380502,3211.0
2013-06-17,3192.0,3233.0,3174.0,3214.0,2431918,1517136,3205.0
2013-06-18,3222.0,3250.0,3213.0,3220.0,2026932,1521864,3231.0
2013-06-19,3210.0,3226.0,3201.0,3210.0,1295616,1487124,3214.0
2013-06-20,3232.0,3239.0,3210.0,3217.0,1547916,1479880,3224.0
2013-06-21,3182.0,3203.0,3138.0,3139.0,2335446,1412386,3168.0
2013-06-24,3121.0,3141.0,3102.0,3114.0,1652830,1296800,3118.0
2013-06-25,3150.0,3165.0,3132.0,3161.0,1889610,1311468,3147.0
2013-06-26,3159.0,3168.0,3139.0,3150.0,1422790,1350788,3153.0
2013-06-27,3150.0,3190.0,3142.0,3178.0,1727662,1434150,3169.0
2013-06-28,3170.0,3190.0,3145.0,3154.0,1611074,1371608,3162.0
2013-07-01,3100.0,3124.0,3092.0,3115.0,1507396,1472060,3113.0
2013-07-02,3094.0,3147.0,3091.0,3139.0,1769924,1544374,3125.0
2013-07-03,3135.0,3177.0,3132.0,3172.0,1426288,1584592,3154.0
2013-07-04,3166.0,3184.0,3159.0,3166.0,1130046,1584614,3171.0
2013-07-05,3164.0,3187.0,3160.0,3181.0,1092752,1536590,3175.0
2013-07-08,3150.0,3161.0,3120.0,3140.0,1431860,1546834,3138.0
2013-07-09,3181.0,3243.0,3179.0,3234.0,2673788,1755090,3217.0
2013-07-10,3258.0,3267.0,3226.0,3241.0,2010824,1654576,3243.0
2013-07-11,3255.0,3264.0,3231.0,3252.0,1482864,1620680,3250.0
2013-07-12,3268.0,3294.0,3254.0,3254.0,1818722,1694358,3270.0
2013-07-15,3209.0,3231.0,3200.0,3230.0,1205818,1648200,3218.0
2013-07-16,3254.0,3268.0,3236.0,3267.0,1290798,1653100,3251.0
2013-07-17,3296.0,3298.0,3270.0,3271.0,1462286,1625392,3283.0
2013-07-18,3250.0,3297.0,3249.0,3295.0,1287182,1727714,3271.0
2013-07-19,3280.0,3292.0,3257.0,3259.0,1829150,1664694,3277.0
2013-07-22,3273.0,3284.0,3235.0,3245.0,1526234,1658868,3252.0
2013-07-23,3279.0,3328.0,3261.0,3324.0,2480026,1855276,3300.0
2013-07-24,3285.0,3305.0,3272.0,3289.0,2241770,1810058,3288.0
2013-07-25,3270.0,3277.0,3245.0,3262.0,1463340,1869200,3260.0
2013-07-26,3200.0,3207.0,3135.0,3156.0,3011344,1796300,3168.0
2013-07-29,3160.0,3164.0,3135.0,3155.0,1521494,1758600,3151.0
2013-07-30,3169.0,3175.0,3146.0,3158.0,1274182,1742000,3162.0
2013-07-31,3120.0,3150.0,3107.0,3148.0,1405364,1736300,3134.0
2013-08-01,3142.0,3170.0,3140.0,3169.0,1278242,1743200,3157.0
2013-08-02,3149.0,3157.0,3137.0,3144.0,1239374,1810400,3146.0
2013-08-05,3123.0,3140.0,3115.0,3136.0,1055900,1832500,3129.0
2013-08-06,3125.0,3150.0,3113.0,3148.0,1527666,1942800,3132.0
2013-08-07,3136.0,3140.0,3116.0,3125.0,1521128,1931300,3129.0
2013-08-08,3132.0,3167.0,3130.0,3154.0,1444490,1852524,3153.0
2013-08-09,3174.0,3201.0,3171.0,3180.0,1566166,1826200,3187.0
2013-08-12,3176.0,3207.0,3175.0,3206.0,1053708,1875200,3193.0
2013-08-13,3260.0,3295.0,3260.0,3282.0,1429252,1822100,3278.0
2013-08-14,3277.0,3295.0,3264.0,3266.0,1073100,1835800,3277.0
2013-08-15,3298.0,3367.0,3297.0,3319.0,2744398,1830700,3333.0
2013-08-16,3366.0,3394.0,3346.0,3356.0,1718362,1784200,3368.0
2013-08-19,3400.0,3411.0,3382.0,3394.0,1287804,1783000,3394.0
2013-08-20,3444.0,3454.0,3386.0,3409.0,2104168,1859600,3413.0
2013-08-21,3402.0,3418.0,3390.0,3408.0,1275442,1905500,3405.0
2013-08-22,3410.0,3444.0,3405.0,3439.0,1718290,1977000,3421.0
2013-08-23,3429.0,3433.0,3408.0,3423.0,1183956,1849600,3419.0
2013-08-26,3555.0,3555.0,3541.0,3555.0,417638,1758300,3554.0
2013-08-27,3620.0,3677.0,3610.0,3676.0,2755632,1801200,3646.0
2013-08-28,3660.0,3686.0,3647.0,3649.0,2106982,1767200,3664.0
2013-08-29,3670.0,3673.0,3561.0,3622.0,2706444,1676800,3630.0
2013-08-30,3599.0,3605.0,3523.0,3556.0,2855704,1560306,3555.0
2013-09-02,3560.0,3660.0,3560.0,3658.0,2061058,1774198,3627.0
2013-09-03,3679.0,3686.0,3612.0,3649.0,2340474,1776470,3642.0
2013-09-04,3612.0,3619.0,3576.0,3609.0,2526334,1695862,3598.0
2013-09-05,3585.0,3628.0,3563.0,3582.0,2720732,1745302,3590.0
2013-09-06,3618.0,3655.0,3609.0,3652.0,2381752,1907200,3627.0
2013-09-09,3658.0,3678.0,3621.0,3636.0,2221350,1889230,3645.0
2013-09-10,3590.0,3615.0,3578.0,3581.0,2166878,1888240,3593.0
2013-09-11,3606.0,3635.0,3574.0,3633.0,2231024,1979726,3604.0
2013-09-12,3636.0,3658.0,3617.0,3628.0,2785280,1969772,3635.0
2013-09-13,3720.0,3738.0,3695.0,3723.0,3105310,2196810,3718.0
2013-09-16,3675.0,3678.0,3625.0,3633.0,1979280,1945660,3651.0
2013-09-17,3611.0,3634.0,3593.0,3633.0,1751822,1966138,3617.0
2013-09-18,3605.0,3639.0,3605.0,3629.0,1319340,1965692,3621.0
2013-09-23,3560.0,3597.0,3550.0,3585.0,1308930,1931900,3579.0
2013-09-24,3605.0,3631.0,3594.0,3630.0,1501870,2033100,3620.0
2013-09-25,3631.0,3669.0,3621.0,3648.0,1354434,2013600,3645.0
2013-09-26,3658.0,3673.0,3642.0,3659.0,1156164,1906400,3656.0
2013-09-27,3656.0,3700.0,3648.0,3692.0,1579366,1918248,3681.0
2013-09-30,3685.0,3716.0,3675.0,3711.0,1047114,1893400,3694.0
2013-10-03,3711.0,3711.0,3711.0,3711.0,1047100,1893400,3694.0
2013-10-08,3720.0,3782.0,3718.0,3757.0,1288402,1978800,3764.0
2013-10-09,3731.0,3765.0,3723.0,3746.0,1229486,2071502,3745.0
2013-10-10,3755.0,3771.0,3708.0,3710.0,1422488,1930500,3741.0
2013-10-11,3699.0,3706.0,3653.0,3655.0,1510140,1882900,3678.0
2013-10-14,3633.0,3660.0,3628.0,3631.0,1302642,1812564,3641.0
2013-10-15,3643.0,3653.0,3605.0,3618.0,1308664,1842400,3629.0
2013-10-16,3619.0,3631.0,3592.0,3624.0,1426140,1829476,3614.0
2013-10-17,3642.0,3654.0,3564.0,3596.0,1564154,1763600,3601.0
2013-10-18,3622.0,3636.0,3607.0,3625.0,1053664,1696500,3622.0
2013-10-21,3630.0,3630.0,3581.0,3614.0,1107318,1660100,3600.0
2013-10-22,3618.0,3626.0,3588.0,3589.0,860250,1620900,3607.0
2013-10-23,3594.0,3619.0,3573.0,3611.0,847780,1582200,3598.0
2013-10-24,3630.0,3640.0,3600.0,3638.0,669332,1564300,3618.0
2013-10-25,3625.0,3653.0,3603.0,3608.0,949742,1490208,3629.0
2013-10-28,3600.0,3604.0,3544.0,3580.0,1317712,1529400,3566.0
2013-10-29,3545.0,3576.0,3544.0,3573.0,792872,1468400,3562.0
2013-10-30,3575.0,3590.0,3549.0,3554.0,939902,1403800,3567.0
2013-10-31,3233.0,3255.0,3217.0,3238.0,776896,1376600,3234.0
2013-11-01,3218.0,3235.0,3215.0,3228.0,944044,1451696,3225.0
2013-11-04,3198.0,3229.0,3188.0,3223.0,1590444,1569800,3207.0
2013-11-05,3225.0,3234.0,3208.0,3223.0,931860,1535300,3219.0
2013-11-06,3205.0,3228.0,3204.0,3224.0,873634,1585700,3217.0
2013-11-07,3229.0,3236.0,3217.0,3222.0,811064,1591400,3227.0
2013-11-08,3235.0,3243.0,3218.0,3221.0,806288,1553300,3229.0
2013-11-11,3296.0,3300.0,3264.0,3265.0,1611590,1639300,3283.0
2013-11-12,3268.0,3284.0,3262.0,3281.0,839882,1645900,3273.0
2013-11-13,3295.0,3307.0,3287.0,3296.0,995086,1626800,3297.0
2013-11-14,3285.0,3296.0,3272.0,3276.0,738256,1611900,3280.0
2013-11-15,3283.0,3291.0,3273.0,3280.0,777470,1564600,3282.0
2013-11-18,3240.0,3248.0,3231.0,3238.0,762936,1585900,3239.0
2013-11-19,3249.0,3252.0,3223.0,3226.0,750704,1653100,3239.0
2013-11-21,3237.0,3245.0,3229.0,3237.0,593684,1675400,3238.0
2013-11-22,3250.0,3263.0,3247.0,3261.0,705930,1663700,3255.0
2013-11-25,3300.0,3306.0,3270.0,3272.0,1003700,1667600,3289.0
2013-11-26,3292.0,3297.0,3278.0,3279.0,711552,1627600,3287.0
2013-11-27,3290.0,3335.0,3282.0,3326.0,1676934,1688800,3316.0
2013-11-28,3310.0,3326.0,3310.0,3323.0,667666,1674200,3318.0
2013-11-29,3324.0,3345.0,3323.0,3338.0,874630,1689592,3337.0
2013-12-02,3350.0,3385.0,3345.0,3376.0,1203782,1699200,3367.0
2013-12-03,3350.0,3368.0,3348.0,3355.0,950878,1804800,3357.0
2013-12-04,3359.0,3374.0,3351.0,3369.0,813394,1825700,3363.0
2013-12-05,3375.0,3390.0,3365.0,3368.0,881760,1779400,3378.0
2013-12-06,3374.0,3374.0,3334.0,3347.0,1018682,1717100,3347.0
2013-12-09,3353.0,3384.0,3349.0,3383.0,1008214,1757000,3369.0
2013-12-10,3400.0,3413.0,3373.0,3378.0,1140252,1743900,3392.0
2013-12-11,3375.0,3380.0,3362.0,3377.0,744320,1734500,3371.0
2013-12-12,3378.0,3388.0,3342.0,3347.0,1058922,1684478,3361.0
2013-12-13,3328.0,3334.0,3314.0,3330.0,828286,1654148,3325.0
2013-12-16,3341.0,3364.0,3335.0,3348.0,938428,1659300,3351.0
2013-12-17,3365.0,3395.0,3362.0,3386.0,1231522,1625200,3378.0
2013-12-18,3400.0,3406.0,3382.0,3393.0,989908,1617380,3391.0
2013-12-19,3371.0,3383.0,3366.0,3381.0,765966,1616592,3375.0
2013-12-20,3376.0,3384.0,3358.0,3378.0,743034,1614800,3367.0
2013-12-23,3385.0,3385.0,3362.0,3368.0,944192,1522000,3373.0
2013-12-24,3358.0,3358.0,3318.0,3331.0,1045088,1576300,3336.0
2013-12-25,3340.0,3370.0,3321.0,3370.0,1115434,1534090,3344.0
2013-12-26,3383.0,3384.0,3364.0,3369.0,742530,1508300,3372.0
2013-12-27,3345.0,3389.0,3342.0,3385.0,976832,1510600,3365.0
2013-12-30,3385.0,3434.0,3349.0,3352.0,2432200,1576900,3387.0
2013-12-31,3352.0,3373.0,3350.0,3368.0,1049534,1556822,3362.0
2014-01-02,3346.0,3356.0,3325.0,3354.0,921104,1578400,3340.0
2014-01-03,3322.0,3341.0,3318.0,3338.0,842146,1586900,3330.0
2014-01-06,3340.0,3352.0,3332.0,3343.0,707612,1571400,3342.0
2014-01-07,3352.0,3360.0,3283.0,3284.0,1696288,1681000,3312.0
2014-01-08,3290.0,3302.0,3281.0,3299.0,910726,1684470,3292.0
2014-01-09,3280.0,3358.0,3276.0,3324.0,1014760,1567900,3322.0
2014-01-10,3319.0,3338.0,3295.0,3319.0,983222,1602900,3316.0
2014-01-13,3316.0,3318.0,3285.0,3288.0,926640,1680600,3295.0
2014-01-14,3313.0,3344.0,3310.0,3340.0,1030220,1542000,3326.0
2014-01-15,3350.0,3374.0,3350.0,3372.0,870256,1545000,3364.0
2014-01-17,3380.0,3399.0,3365.0,3372.0,880034,1572500,3379.0
2014-01-20,3382.0,3392.0,3372.0,3389.0,471366,1546700,3382.0
2014-01-21,3386.0,3388.0,3353.0,3365.0,623846,1547500,3366.0
2014-01-22,3310.0,3320.0,3295.0,3309.0,1025344,1536100,3304.0
2014-01-23,3313.0,3315.0,3299.0,3306.0,423826,1527250,0.0
2014-01-24,3300.0,3304.0,3286.0,3296.0,622776,1542200,3294.0
2014-01-27,3312.0,3324.0,3306.0,3318.0,456590,1459148,3316.0
2014-01-28,3320.0,3326.0,3305.0,3307.0,388376,1429300,3312.0
2014-01-29,3302.0,3314.0,3300.0,3306.0,266140,1370900,3306.0
2014-01-30,3291.0,3308.0,3281.0,3308.0,325574,1361100,3295.0
2014-02-07,3381.0,3419.0,3371.0,3393.0,812784,1335076,3390.0
2014-02-10,3401.0,3414.0,3400.0,3409.0,477666,1367300,3407.0
2014-02-11,3391.0,3399.0,3380.0,3385.0,432030,1388300,3386.0
2014-02-12,3406.0,3433.0,3405.0,3429.0,878060,1463100,3421.0
2014-02-13,3407.0,3422.0,3398.0,3417.0,532156,1434672,3410.0
2014-02-14,3450.0,3450.0,3430.0,3446.0,689180,1393300,3439.0
2014-02-17,3432.0,3461.0,3408.0,3413.0,774570,1408800,3432.0
2014-02-18,3416.0,3432.0,3406.0,3418.0,545676,1382400,3418.0
2014-02-19,3445.0,3450.0,3425.0,3432.0,470908,1362150,3434.0
2014-02-20,3428.0,3431.0,3418.0,3424.0,388428,1368634,3425.0
2014-02-21,3425.0,3429.0,3387.0,3391.0,636360,1406800,3402.0
2014-02-24,3269.0,3308.0,3255.0,3301.0,921262,1359300,3284.0
2014-02-25,3306.0,3320.0,3286.0,3293.0,845756,1408800,3300.0
2014-02-26,3313.0,3338.0,3287.0,3300.0,1420150,1366706,3313.0
2014-02-27,3308.0,3321.0,3289.0,3291.0,701426,1393600,3300.0
2014-02-28,3265.0,3274.0,3253.0,3261.0,667256,1383600,3264.0
2014-03-03,3289.0,3305.0,3278.0,3288.0,675486,1381900,3289.0
2014-03-04,3265.0,3279.0,3262.0,3272.0,464486,1383834,3270.0
2014-03-05,3280.0,3294.0,3265.0,3286.0,660584,1389762,3281.0
2014-03-06,3281.0,3301.0,3281.0,3286.0,616164,1394100,3289.0
2014-03-10,3317.0,3321.0,3275.0,3296.0,1370328,1482628,3296.0
2014-03-11,3256.0,3300.0,3253.0,3300.0,895096,1451500,3276.0
2014-03-12,3286.0,3305.0,3272.0,3278.0,770168,1432400,3284.0
2014-03-14,3258.0,3263.0,3225.0,3230.0,916592,1524800,3241.0
2014-03-17,3230.0,3235.0,3195.0,3210.0,1024052,1545012,3209.0
2014-03-18,3220.0,3233.0,3206.0,3227.0,657304,1552500,3220.0
2014-03-19,3248.0,3298.0,3245.0,3296.0,1542694,1565350,3278.0
2014-03-20,3300.0,3359.0,3288.0,3353.0,2020490,1596152,3331.0
2014-03-21,3350.0,3352.0,3312.0,3349.0,1350682,1558600,3328.0
2014-03-24,3327.0,3341.0,3310.0,3332.0,1068468,1598700,3329.0
2014-03-25,3345.0,3410.0,3342.0,3387.0,1970892,1688600,3385.0
2014-03-26,3382.0,3399.0,3366.0,3379.0,1034792,1648700,3379.0
2014-03-27,3399.0,3428.0,3370.0,3374.0,1733348,1517280,3404.0
2014-03-28,3373.0,3397.0,3356.0,3393.0,1051950,1534200,3382.0
2014-03-31,3392.0,3408.0,3380.0,3394.0,808392,1517400,3391.0
2014-04-01,3437.0,3526.0,3437.0,3507.0,2432374,1441650,3493.0
2014-04-02,3524.0,3541.0,3503.0,3527.0,1419608,1541186,3523.0
2014-04-03,3504.0,3510.0,3472.0,3493.0,1419474,1434300,3491.0
2014-04-04,3497.0,3523.0,3489.0,3520.0,1105812,1484200,3507.0
2014-04-08,3490.0,3504.0,3483.0,3493.0,1010412,1471992,3491.0
2014-04-09,3512.0,3538.0,3492.0,3503.0,1492548,1462228,3518.0
2014-04-10,3500.0,3515.0,3486.0,3493.0,1282516,1478000,3499.0
2014-04-11,3485.0,3488.0,3459.0,3480.0,1318200,1509238,3470.0
2014-04-14,3478.0,3495.0,3454.0,3476.0,1248606,1534500,3476.0
2014-04-15,3495.0,3502.0,3475.0,3477.0,875158,1462500,3486.0
2014-04-16,3510.0,3533.0,3507.0,3524.0,1355144,1490900,3519.0
2014-04-17,3536.0,3572.0,3536.0,3568.0,1492104,1615694,3558.0
2014-04-18,3552.0,3591.0,3549.0,3585.0,1116106,1610400,3571.0
2014-04-21,3580.0,3587.0,3550.0,3553.0,1259288,1597066,3566.0
2014-04-22,3545.0,3577.0,3538.0,3575.0,1061096,1637600,3556.0
2014-04-23,3549.0,3565.0,3538.0,3547.0,1408390,1664072,3549.0
2014-04-24,3564.0,3564.0,3534.0,3553.0,907854,1663730,3547.0
2014-04-25,3564.0,3594.0,3558.0,3574.0,1410450,1666300,3575.0
2014-04-28,3625.0,3678.0,3624.0,3669.0,1509820,1674376,3656.0
2014-04-29,3651.0,3659.0,3637.0,3648.0,722068,1587200,3647.0
2014-04-30,3670.0,3686.0,3654.0,3672.0,879070,1532092,3669.0
2014-05-01,3558.0,3558.0,3558.0,3558.0,50,1102,3561.0
2014-05-05,3621.0,3629.0,3596.0,3617.0,1195934,1553054,3612.0
2014-05-06,3599.0,3617.0,3583.0,3601.0,1027546,1591500,3601.0
2014-05-07,3591.0,3605.0,3578.0,3592.0,831364,1614200,3591.0
2014-05-08,3590.0,3614.0,3583.0,3596.0,1236390,1656676,3599.0
2014-05-09,3616.0,3628.0,3592.0,3593.0,1101758,1581100,3613.0
2014-05-12,3628.0,3638.0,3619.0,3635.0,1031608,1482000,3627.0
2014-05-13,3603.0,3632.0,3600.0,3629.0,687542,1466800,3616.0
2014-05-14,3642.0,3681.0,3637.0,3679.0,1141234,1495024,3662.0
2014-05-15,3680.0,3704.0,3672.0,3701.0,1087580,1500666,3689.0
2014-05-16,3680.0,3694.0,3677.0,3692.0,776160,1465100,3685.0
2014-05-19,3685.0,3715.0,3684.0,3700.0,1009126,1468300,3700.0
2014-05-20,3736.0,3755.0,3720.0,3750.0,994604,1407900,3738.0
2014-05-21,3738.0,3750.0,3727.0,3745.0,886570,1386000,3738.0
2014-05-22,3799.0,3845.0,3789.0,3835.0,1356696,1362614,3816.0
2014-05-23,3834.0,3848.0,3825.0,3847.0,913988,1371400,3838.0
2014-05-26,3847.0,3866.0,3841.0,3866.0,772046,1427900,3852.0
2014-05-27,3860.0,3866.0,3764.0,3792.0,2430968,1355498,3799.0
2014-05-28,3780.0,3813.0,3771.0,3795.0,1543078,1360900,3794.0
2014-05-29,3811.0,3849.0,3804.0,3846.0,1079802,1409000,3826.0
2014-05-30,3846.0,3865.0,3826.0,3854.0,1571628,1420200,3848.0
2014-06-03,3863.0,3876.0,3830.0,3839.0,1088410,1383700,3843.0
2014-06-04,3818.0,3821.0,3788.0,3813.0,1245570,1384800,3807.0
2014-06-05,3808.0,3819.0,3757.0,3762.0,1492128,1349078,3789.0
2014-06-06,3746.0,3753.0,3709.0,3736.0,1338472,1379790,3730.0
2014-06-09,3472.0,3522.0,3465.0,3500.0,703574,1340602,3496.0
2014-06-10,3498.0,3509.0,3483.0,3485.0,492972,1351200,3495.0
2014-06-11,3502.0,3507.0,3484.0,3490.0,428130,1352200,3494.0
2014-06-12,3478.0,3530.0,3471.0,3528.0,648554,1328400,3507.0
2014-06-13,3494.0,3506.0,3481.0,3505.0,565620,1316600,3492.0
2014-06-16,3738.0,3783.0,3724.0,3775.0,1271210,1354858,3755.0
2014-06-17,3762.0,3767.0,3689.0,3697.0,2335880,1473900,3725.0
2014-06-18,3676.0,3684.0,3654.0,3678.0,1671984,1471780,3669.0
2014-06-19,3694.0,3710.0,3672.0,3700.0,1273256,1387000,3690.0
2014-06-20,3714.0,3717.0,3688.0,3696.0,946168,1380642,3703.0
2014-06-23,3715.0,3749.0,3711.0,3735.0,966438,1361400,3730.0
2014-06-24,3719.0,3725.0,3678.0,3684.0,1022800,1402400,3698.0
2014-06-25,3542.0,3560.0,3529.0,3547.0,578450,1437300,3545.0
2014-06-26,3546.0,3556.0,3538.0,3546.0,356456,1421000,3545.0
2014-06-27,3723.0,3753.0,3721.0,3734.0,1076072,1381400,3738.0
2014-06-30,3530.0,3535.0,3503.0,3519.0,686900,1355000,3516.0
2014-07-01,3376.0,3383.0,3376.0,3376.0,135342,1304400,3376.0
2014-07-02,3346.0,3363.0,3328.0,3355.0,1221420,1376258,3344.0
2014-07-03,3351.0,3368.0,3345.0,3355.0,563498,1429600,3357.0
2014-07-04,3340.0,3359.0,3337.0,3348.0,444910,1419700,3350.0
2014-07-07,3340.0,3350.0,3271.0,3284.0,958556,1404992,3299.0
2014-07-08,3302.0,3311.0,3287.0,3306.0,556850,1407600,3300.0
2014-07-09,3291.0,3291.0,3250.0,3252.0,785300,1429100,3265.0
2014-07-10,3248.0,3261.0,3229.0,3244.0,486602,1432200,3247.0
2014-07-11,3228.0,3230.0,3192.0,3229.0,839332,1405600,3211.0
2014-07-14,3188.0,3223.0,3181.0,3217.0,678824,1458192,3205.0
2014-07-15,3230.0,3247.0,3217.0,3220.0,657630,1414300,3233.0
2014-07-16,3236.0,3266.0,3232.0,3259.0,604802,1433610,3251.0
2014-07-17,3280.0,3284.0,3249.0,3251.0,814132,1383032,3266.0
2014-07-18,3251.0,3264.0,3238.0,3243.0,593202,1357700,3250.0
2014-07-21,3217.0,3220.0,3192.0,3193.0,948302,1349300,3205.0
2014-07-22,3191.0,3208.0,3187.0,3205.0,877284,1293490,3197.0
2014-07-23,3180.0,3196.0,3154.0,3156.0,945184,1314974,3175.0
2014-07-24,3085.0,3100.0,3080.0,3092.0,319212,1228344,3091.0
2014-07-25,3101.0,3104.0,3079.0,3086.0,302684,1211638,3087.0
2014-07-28,3128.0,3131.0,3111.0,3127.0,304286,1176400,3121.0
2014-07-29,3297.0,3320.0,3293.0,3315.0,1062012,1239846,3307.0
2014-07-30,3288.0,3311.0,3269.0,3305.0,1091432,1270100,3288.0
2014-07-31,3275.0,3285.0,3268.0,3281.0,663130,1281086,3277.0
2014-08-01,3275.0,3285.0,3243.0,3251.0,1069998,1352090,3256.0
2014-08-04,3236.0,3268.0,3231.0,3264.0,1011980,1413592,3250.0
2014-08-05,3277.0,3290.0,3261.0,3282.0,964212,1443824,3279.0
2014-08-06,3270.0,3301.0,3270.0,3286.0,1468852,1483800,3285.0
2014-08-07,3315.0,3332.0,3310.0,3324.0,1057482,1436300,3321.0
2014-08-08,3320.0,3333.0,3315.0,3331.0,887284,1452700,3324.0
2014-08-11,3340.0,3351.0,3313.0,3314.0,1247008,1506900,3330.0
2014-08-12,3310.0,3312.0,3262.0,3268.0,1092428,1490154,3283.0
2014-08-13,3271.0,3292.0,3232.0,3247.0,1705304,1619318,3266.0
2014-08-14,3238.0,3246.0,3197.0,3214.0,1600994,1507940,3218.0
2014-08-15,3097.0,3102.0,3080.0,3095.0,315308,1544380,3090.0
2014-08-18,3097.0,3108.0,3070.0,3107.0,438724,1530800,3089.0
2014-08-19,3261.0,3287.0,3253.0,3286.0,1126252,1608500,3270.0
2014-08-20,3290.0,3297.0,3254.0,3256.0,1321394,1641300,3270.0
2014-08-21,3230.0,3270.0,3230.0,3270.0,1173400,1575700,3249.0
2014-08-22,3270.0,3279.0,3263.0,3273.0,760182,1533100,3271.0
2014-08-25,3278.0,3292.0,3258.0,3271.0,661080,1524900,3268.0
2014-08-26,3249.0,3256.0,3231.0,3248.0,1141972,1492800,3242.0
2014-08-27,3050.0,3077.0,3045.0,3058.0,438864,1641200,3059.0
2014-08-28,3052.0,3056.0,3038.0,3045.0,357740,1695200,3045.0
2014-08-29,3055.0,3063.0,3042.0,3058.0,399756,1709200,3052.0
2014-09-01,3050.0,3057.0,3032.0,3044.0,371430,1728904,3042.0
2014-09-02,3046.0,3065.0,3040.0,3057.0,420776,1760336,3055.0
2014-09-03,3061.0,3072.0,3042.0,3042.0,368408,1785614,3058.0
2014-09-04,3032.0,3034.0,2995.0,2999.0,660890,1866800,3013.0
2014-09-05,2988.0,2988.0,2946.0,2952.0,673636,1804200,2962.0
2014-09-09,2952.0,2963.0,2930.0,2942.0,407510,1789396,2948.0
2014-09-10,2930.0,2930.0,2897.0,2914.0,585104,1709900,2907.0
2014-09-11,2902.0,2915.0,2899.0,2904.0,398156,1654198,2906.0
2014-09-12,2880.0,2936.0,2876.0,2934.0,628384,1666488,2913.0
2014-09-15,2915.0,2921.0,2904.0,2917.0,456810,1700400,2912.0
2014-09-16,2930.0,2950.0,2917.0,2933.0,693804,1689700,2935.0
2014-09-17,2920.0,2946.0,2917.0,2945.0,465742,1699886,2933.0
2014-09-18,2943.0,2945.0,2924.0,2929.0,396088,1708200,2932.0
2014-09-19,2905.0,2905.0,2861.0,2862.0,722718,1769100,2878.0
2014-09-22,2840.0,2840.0,2766.0,2781.0,1034672,1646676,2796.0
2014-09-23,2755.0,2818.0,2751.0,2795.0,893798,1591610,2794.0
2014-09-24,2795.0,2798.0,2765.0,2770.0,635162,1652400,2787.0
2014-09-25,2785.0,2790.0,2761.0,2769.0,575872,1585700,2775.0
2014-09-26,2740.0,2749.0,2700.0,2732.0,1091594,1553000,2725.0
2014-09-29,2720.0,2728.0,2688.0,2695.0,672664,1489100,2708.0
2014-09-30,2723.0,2733.0,2718.0,2729.0,505702,1390100,2726.0
2014-10-08,3120.0,3131.0,2988.0,3117.0,24,572,3125.0
2014-10-09,2765.0,2795.0,2764.0,2795.0,602332,1403700,2781.0
2014-10-10,2790.0,2793.0,2741.0,2747.0,756494,1398500,2766.0
2014-10-13,2739.0,2787.0,2730.0,2776.0,807402,1511300,2768.0
2014-10-14,2810.0,2845.0,2798.0,2839.0,942860,1520100,2824.0
2014-10-15,2855.0,2859.0,2829.0,2829.0,731580,1588092,2841.0
2014-10-16,2829.0,2855.0,2815.0,2835.0,693626,1615494,2836.0
2014-10-17,2868.0,2875.0,2843.0,2848.0,671968,1632666,2858.0
2014-10-20,2833.0,2841.0,2820.0,2834.0,494922,1648560,2829.0
2014-10-21,2843.0,2871.0,2842.0,2850.0,726572,1743900,2859.0
2014-10-22,2881.0,2890.0,2871.0,2873.0,734382,1776740,2879.0
2014-10-23,2856.0,2868.0,2840.0,2868.0,710560,1832100,2855.0
2014-10-24,2923.0,2951.0,2919.0,2929.0,1187588,1880500,2929.0
2014-10-27,2889.0,2917.0,2878.0,2916.0,893250,1951400,2900.0
2014-10-28,2985.0,2995.0,2953.0,2954.0,1277980,1890000,2973.0
2014-10-29,2960.0,2994.0,2955.0,2993.0,1062706,1957162,2974.0
2014-10-30,3050.0,3055.0,2999.0,3005.0,1725762,1956700,3021.0
2014-10-31,2990.0,3031.0,2981.0,3024.0,1375236,2015400,3003.0
2014-11-03,3022.0,3025.0,2962.0,2965.0,1663322,2127244,3001.0
2014-11-04,2955.0,2955.0,2894.0,2916.0,2140980,2043718,2929.0
2014-11-05,2905.0,2926.0,2873.0,2875.0,1975136,2014526,2902.0
2014-11-06,2912.0,2931.0,2892.0,2928.0,1428860,2002238,2907.0
2014-11-07,2940.0,2982.0,2935.0,2960.0,1879376,2047448,2958.0
2014-11-10,2958.0,2982.0,2938.0,2979.0,1494498,2093932,2961.0
2014-11-11,2943.0,2949.0,2918.0,2930.0,1429636,2069046,2935.0
2014-11-12,3020.0,3021.0,2989.0,3004.0,2060922,2073676,3003.0
2014-11-13,2971.0,2993.0,2970.0,2992.0,917808,2090288,2984.0
2014-11-14,2980.0,2981.0,2926.0,2929.0,1600416,2156482,2948.0
2014-11-17,2902.0,2939.0,2900.0,2912.0,1586612,2148302,2918.0
2014-11-18,2924.0,2930.0,2878.0,2908.0,1493196,2198798,2896.0
2014-11-19,2895.0,2895.0,2851.0,2853.0,1626904,2274526,2862.0
2014-11-20,2832.0,2869.0,2827.0,2856.0,1404010,2223494,2848.0
2014-11-21,2869.0,2883.0,2844.0,2875.0,1365156,2205410,2861.0
2014-11-24,2884.0,2897.0,2850.0,2854.0,1328906,2252818,2872.0
2014-11-25,2863.0,2874.0,2846.0,2872.0,1154238,2260000,2859.0
2014-11-26,2880.0,2887.0,2858.0,2864.0,1347674,2263700,2873.0
2014-11-27,2866.0,2884.0,2855.0,2883.0,940676,2179500,2868.0
2014-11-28,2875.0,2921.0,2863.0,2903.0,1412548,2129068,2892.0
2014-12-01,2843.0,2858.0,2817.0,2837.0,1420760,2108032,2840.0
2014-12-02,2852.0,2877.0,2852.0,2860.0,1133140,2058408,2864.0
2014-12-03,2830.0,2841.0,2801.0,2835.0,1714182,2010764,2822.0
2014-12-04,2836.0,2850.0,2808.0,2809.0,1433676,2096032,2833.0
2014-12-05,2830.0,2845.0,2808.0,2840.0,1260644,2007816,2828.0
2014-12-08,2861.0,2888.0,2857.0,2877.0,1281056,1964712,2872.0
2014-12-09,2880.0,2894.0,2863.0,2887.0,1325160,1969278,2878.0
2014-12-10,2897.0,2981.0,2895.0,2964.0,2135194,2100900,2945.0
2014-12-11,2927.0,2950.0,2916.0,2947.0,1332010,2138804,2933.0
2014-12-12,2942.0,2968.0,2934.0,2944.0,1132910,2132864,2949.0
2014-12-15,2936.0,2965.0,2927.0,2953.0,1209232,2122480,2950.0
2014-12-16,2937.0,2938.0,2899.0,2905.0,1180538,2055002,2917.0
2014-12-17,2880.0,2895.0,2852.0,2866.0,1235302,2086440,2872.0
2014-12-18,2873.0,2891.0,2862.0,2866.0,1021598,2107030,2878.0
2014-12-19,2882.0,2894.0,2879.0,2888.0,337426,2082260,2885.0
2014-12-22,2880.0,2884.0,2858.0,2865.0,792208,2091030,2865.0
2014-12-23,2866.0,2883.0,2845.0,2846.0,1501534,2041928,2864.0
2014-12-24,2850.0,2856.0,2819.0,2832.0,1132992,2138308,2839.0
2014-12-25,2825.0,2841.0,2823.0,2839.0,728700,2100700,2833.0
2014-12-26,2843.0,2867.0,2837.0,2862.0,808728,2018800,2852.0
2014-12-29,2866.0,2919.0,2859.0,2898.0,1588164,1997828,2896.0
2014-12-30,2898.0,2926.0,2871.0,2905.0,1628594,1934826,2895.0
2014-12-31,2900.0,2915.0,2857.0,2869.0,1301172,1985592,2884.0
2015-01-05,2802.0,2828.0,2802.0,2805.0,1133224,2128376,2816.0
2015-01-06,2816.0,2873.0,2811.0,2849.0,1638688,1857150,2848.0
2015-01-07,2860.0,2881.0,2846.0,2858.0,1282780,1842564,2863.0
2015-01-08,2863.0,2873.0,2850.0,2864.0,931688,1879400,2861.0
2015-01-09,2863.0,2873.0,2820.0,2831.0,1413136,1994680,2842.0
2015-01-12,2835.0,2849.0,2826.0,2837.0,836516,1983200,2837.0
2015-01-13,2830.0,2846.0,2770.0,2785.0,1807898,2184950,2797.0
2015-01-14,2782.0,2792.0,2716.0,2719.0,2093774,2281052,2750.0
2015-01-15,2718.0,2755.0,2702.0,2746.0,2024042,2140580,2732.0
2015-01-16,2741.0,2765.0,2692.0,2710.0,2806146,2253938,2720.0
2015-01-19,2713.0,2735.0,2620.0,2681.0,3603260,2048538,2691.0
2015-01-20,2681.0,2683.0,2644.0,2669.0,2109820,2081390,2662.0
2015-01-21,2669.0,2730.0,2645.0,2693.0,2825926,2107458,2682.0
2015-01-22,2690.0,2721.0,2682.0,2698.0,2285610,2187792,2700.0
2015-01-23,2711.0,2711.0,2663.0,2681.0,2016936,2194440,2679.0
2015-01-26,2671.0,2698.0,2658.0,2674.0,2383954,2236424,2679.0
2015-01-27,2670.0,2720.0,2669.0,2695.0,2215258,2181984,2695.0
2015-01-28,2696.0,2702.0,2676.0,2691.0,1573514,2167684,2688.0
2015-01-29,2684.0,2702.0,2673.0,2686.0,1528462,2140312,2685.0
2015-01-30,2682.0,2702.0,2677.0,2694.0,1672080,2102938,2692.0
2015-02-02,2697.0,2697.0,2655.0,2665.0,2221282,2231834,2671.0
2015-02-03,2671.0,2701.0,2663.0,2691.0,1870170,2224246,2682.0
2015-02-04,2699.0,2752.0,2689.0,2720.0,3041890,2117758,2721.0
2015-02-05,2721.0,2727.0,2700.0,2716.0,1539530,2088058,2714.0
2015-02-06,2721.0,2742.0,2716.0,2725.0,1684274,2038138,2727.0
2015-02-09,2731.0,2738.0,2712.0,2737.0,1413060,2008488,2726.0
2015-02-10,2732.0,2759.0,2729.0,2734.0,1591966,1955180,2743.0
2015-02-11,2731.0,2759.0,2724.0,2744.0,1658578,1974310,2740.0
2015-02-12,2738.0,2749.0,2735.0,2742.0,693770,1936714,2741.0
2015-02-13,2745.0,2795.0,2743.0,2794.0,1557154,1848922,2769.0
2015-02-16,2786.0,2819.0,2785.0,2799.0,1128734,1776156,2804.0
2015-02-17,2793.0,2814.0,2789.0,2809.0,446456,1716552,2800.0
2015-02-25,2848.0,2869.0,2831.0,2838.0,597144,1702566,2844.0
2015-02-26,2838.0,2865.0,2832.0,2851.0,979856,1724848,2849.0
2015-02-27,2818.0,2880.0,2808.0,2864.0,2140000,1992600,2843.0
2015-03-02,2869.0,2875.0,2842.0,2861.0,1904162,2182690,2859.0
2015-03-03,2853.0,2864.0,2807.0,2820.0,2058066,2300520,2831.0
2015-03-04,2823.0,2826.0,2795.0,2817.0,1563664,2402506,2811.0
2015-03-05,2805.0,2809.0,2769.0,2781.0,1620220,2386236,2784.0
2015-03-06,2781.0,2801.0,2761.0,2762.0,1734038,2486742,2781.0
2015-03-09,2766.0,2798.0,2754.0,2787.0,1894096,2532186,2780.0
2015-03-10,2782.0,2807.0,2782.0,2786.0,1637750,2526668,2793.0
2015-03-11,2783.0,2844.0,2766.0,2822.0,3597522,2658142,2804.0
2015-03-12,2820.0,2858.0,2811.0,2839.0,2935928,2707320,2833.0
2015-03-13,2838.0,2847.0,2802.0,2810.0,3339740,2731938,2821.0
2015-03-16,2802.0,2809.0,2766.0,2785.0,2193840,2796188,2787.0
2015-03-17,2792.0,2810.0,2778.0,2781.0,2045880,2925680,2792.0
2015-03-18,2775.0,2781.0,2750.0,2752.0,2067994,3033172,2766.0
2015-03-19,2761.0,2797.0,2750.0,2776.0,1863808,3062468,2772.0
2015-03-20,2768.0,2777.0,2756.0,2773.0,1635004,3072698,2766.0
2015-03-23,2775.0,2816.0,2771.0,2806.0,2209604,3181598,2796.0
2015-03-24,2804.0,2827.0,2787.0,2818.0,2408170,3241714,2810.0
2015-03-25,2815.0,2821.0,2795.0,2799.0,2111250,3239636,2806.0
2015-03-26,2803.0,2811.0,2777.0,2780.0,1920590,3272778,2793.0
2015-03-27,2773.0,2784.0,2763.0,2782.0,1588942,3299814,2775.0
2015-03-30,2776.0,2781.0,2757.0,2763.0,1833266,3334668,2768.0
2015-03-31,2760.0,2766.0,2737.0,2753.0,2352584,3359370,2752.0
2015-04-01,2748.0,2822.0,2746.0,2794.0,4194538,3258912,2789.0
2015-04-02,2794.0,2817.0,2787.0,2798.0,2342528,3239996,2803.0
2015-04-03,2790.0,2799.0,2770.0,2773.0,2003270,3219262,2784.0
2015-04-07,2765.0,2789.0,2762.0,2768.0,1015032,3318882,2772.0
2015-04-08,2760.0,2771.0,2750.0,2763.0,1653240,3420206,2761.0
2015-04-09,2763.0,2769.0,2708.0,2708.0,2683294,3605968,2732.0
2015-04-10,2708.0,2715.0,2676.0,2682.0,2819572,3605558,2697.0
2015-04-13,2686.0,2708.0,2674.0,2695.0,2367384,3604210,2690.0
2015-04-14,2691.0,2698.0,2682.0,2696.0,1354824,3603500,2690.0
2015-04-15,2707.0,2719.0,2700.0,2708.0,1671496,3616028,2711.0
2015-04-16,2705.0,2723.0,2690.0,2695.0,2446088,3749874,2705.0
2015-04-17,2698.0,2709.0,2694.0,2707.0,1511298,3740534,2702.0
2015-04-20,2707.0,2731.0,2697.0,2719.0,2038562,3664830,2714.0
2015-04-21,2722.0,2728.0,2711.0,2726.0,1489304,3669178,2720.0
2015-04-22,2723.0,2734.0,2702.0,2709.0,1735768,3767378,2713.0
2015-04-23,2707.0,2728.0,2703.0,2720.0,1464392,3654578,2716.0
2015-04-24,2720.0,2750.0,2720.0,2733.0,2244310,3596618,2737.0
2015-04-27,2733.0,2748.0,2724.0,2741.0,1667272,3712272,2734.0
2015-04-28,2741.0,2780.0,2739.0,2764.0,2643874,3839560,2761.0
2015-04-29,2773.0,2783.0,2740.0,2746.0,2190182,3777730,2761.0
2015-04-30,2752.0,2775.0,2744.0,2772.0,1750846,3789542,2761.0
2015-05-04,2735.0,2740.0,2720.0,2730.0,1257472,3874420,2731.0
2015-05-05,2728.0,2756.0,2713.0,2730.0,2309590,3932496,2737.0
2015-05-06,2730.0,2759.0,2728.0,2748.0,2054582,3987802,2742.0
2015-05-07,2743.0,2769.0,2735.0,2754.0,2942034,4005146,2752.0
2015-05-08,2752.0,2757.0,2725.0,2727.0,1862234,4055578,2736.0
2015-05-11,2729.0,2741.0,2723.0,2733.0,1411918,4101558,2732.0
2015-05-12,2730.0,2737.0,2686.0,2688.0,2577354,4251210,2705.0
2015-05-13,2688.0,2710.0,2670.0,2677.0,2161540,4315196,2687.0
2015-05-14,2681.0,2691.0,2664.0,2672.0,1962450,4381246,2675.0
2015-05-15,2672.0,2684.0,2670.0,2672.0,1292174,4383014,2676.0
2015-05-18,2674.0,2680.0,2653.0,2671.0,1594348,4463942,2665.0
2015-05-19,2676.0,2685.0,2659.0,2662.0,1530002,4481244,2674.0
2015-05-20,2655.0,2656.0,2574.0,2590.0,3398278,4273908,2616.0
2015-05-21,2588.0,2603.0,2581.0,2583.0,1778018,4291252,2593.0
2015-05-22,2584.0,2600.0,2565.0,2587.0,2158036,4356782,2580.0
2015-05-25,2588.0,2600.0,2530.0,2535.0,2138842,4406198,2555.0
2015-05-26,2539.0,2553.0,2526.0,2528.0,2094650,4449180,2541.0
2015-05-27,2520.0,2551.0,2514.0,2533.0,1979394,4464104,2536.0
2015-05-28,2538.0,2569.0,2536.0,2556.0,2369644,4331760,2557.0
2015-05-29,2557.0,2565.0,2544.0,2553.0,1580138,4323452,2553.0
2015-06-01,2547.0,2558.0,2516.0,2519.0,2167382,4520182,2535.0
2015-06-02,2524.0,2562.0,2517.0,2556.0,2926394,4434028,2537.0
2015-06-03,2560.0,2582.0,2559.0,2571.0,2080584,4347564,2567.0
2015-06-04,2569.0,2575.0,2541.0,2566.0,2350754,4329160,2559.0
2015-06-05,2568.0,2578.0,2557.0,2564.0,1691310,4206714,2567.0
2015-06-08,2565.0,2572.0,2541.0,2551.0,1344738,4205952,2555.0
2015-06-09,2558.0,2569.0,2555.0,2561.0,1091082,4128464,2562.0
2015-06-10,2559.0,2571.0,2551.0,2553.0,1104890,4134584,2562.0
2015-06-11,2558.0,2567.0,2553.0,2555.0,1075394,4101636,2560.0
2015-06-12,2549.0,2549.0,2479.0,2490.0,3081766,4117618,2511.0
2015-06-15,2497.0,2498.0,2445.0,2454.0,2397950,4023858,2469.0
2015-06-16,2450.0,2478.0,2440.0,2475.0,1832360,3934114,2460.0
2015-06-17,2474.0,2547.0,2446.0,2522.0,2888848,3836360,2508.0
2015-06-18,2515.0,2531.0,2501.0,2505.0,1220412,3810298,2516.0
2015-06-19,2505.0,2556.0,2495.0,2532.0,2213308,3629792,2529.0
2015-06-23,2435.0,2487.0,2435.0,2484.0,652,1374,2465.0
2015-06-24,2585.0,2595.0,2568.0,2573.0,1555962,3575776,2579.0
2015-06-25,2571.0,2585.0,2559.0,2573.0,1185476,3571822,2573.0
2015-06-26,2590.0,2626.0,2583.0,2604.0,2526050,3411680,2605.0
2015-06-29,2644.0,2649.0,2582.0,2600.0,2705410,3107002,2615.0
2015-06-30,2605.0,2618.0,2548.0,2556.0,2284550,2929526,2574.0
2015-07-01,2565.0,2676.0,2544.0,2676.0,3199970,2695810,2642.0
2015-07-02,2702.0,2705.0,2702.0,2702.0,2486068,2365428,2685.0
2015-07-03,2690.0,2749.0,2685.0,2736.0,2589328,2358742,2720.0
2015-07-06,2732.0,2737.0,2674.0,2700.0,2238886,2163816,2707.0
2015-07-07,2690.0,2753.0,2682.0,2709.0,3007226,2082922,2720.0
2015-07-08,2709.0,2711.0,2612.0,2612.0,2746922,1714962,2640.0
2015-07-09,2563.0,2719.0,2482.0,2663.0,3475602,1531924,2629.0
2015-07-10,2696.0,2734.0,2678.0,2734.0,1845270,1498254,2714.0
2015-07-13,2754.0,2772.0,2690.0,2732.0,1982272,1467390,2735.0
2015-07-14,2717.0,2838.0,2712.0,2806.0,3276754,1402588,2785.0
2015-07-15,2798.0,2821.0,2763.0,2789.0,2772164,1349788,2788.0
2015-07-16,2786.0,2796.0,2728.0,2784.0,2527274,1268096,2761.0
2015-07-17,2793.0,2812.0,2709.0,2720.0,2394846,1237690,2757.0
2015-07-20,2707.0,2737.0,2665.0,2685.0,1779900,1183800,2699.0
2015-07-21,2680.0,2718.0,2671.0,2699.0,1360282,1172700,2698.0
2015-07-22,2700.0,2735.0,2692.0,2735.0,1371202,1132142,2714.0
2015-07-23,2758.0,2794.0,2752.0,2771.0,1858552,1204482,2775.0
2015-07-24,2765.0,2783.0,2723.0,2740.0,1883682,1227372,2751.0
2015-07-27,2732.0,2744.0,2677.0,2678.0,1782920,1252718,2711.0
2015-07-28,2668.0,2688.0,2651.0,2681.0,1861670,1232396,2672.0
2015-07-29,2686.0,2703.0,2662.0,2681.0,1649434,1267494,2683.0
2015-07-30,2677.0,2715.0,2670.0,2687.0,1991642,1264432,2695.0
2015-07-31,2706.0,2714.0,2685.0,2699.0,1706614,1324962,2698.0
2015-08-03,2690.0,2705.0,2656.0,2665.0,1808930,1354194,2681.0
2015-08-04,2659.0,2712.0,2651.0,2707.0,2002744,1383020,2687.0
2015-08-05,2710.0,2734.0,2704.0,2723.0,2337114,1432756,2719.0
2015-08-06,2739.0,2745.0,2708.0,2729.0,1879160,1430484,2724.0
2015-08-07,2722.0,2736.0,2683.0,2703.0,2333798,1355698,2707.0
2015-08-10,2703.0,2784.0,2699.0,2776.0,2772306,1513196,2751.0
2015-08-11,2776.0,2831.0,2772.0,2810.0,3414358,1554668,2801.0
2015-08-12,2808.0,2816.0,2782.0,2810.0,2741426,1559074,2799.0
2015-08-13,2828.0,2847.0,2688.0,2734.0,4239736,1568082,2762.0
2015-08-14,2734.0,2747.0,2721.0,2722.0,1963658,1521288,2731.0
2015-08-17,2714.0,2726.0,2708.0,2719.0,1348100,1524000,2718.0
2015-08-18,2726.0,2737.0,2707.0,2712.0,1553786,1542416,2723.0
2015-08-19,2700.0,2701.0,2658.0,2684.0,2463250,1493088,2676.0
2015-08-20,2699.0,2700.0,2655.0,2666.0,1886438,1545158,2675.0
2015-08-21,2671.0,2706.0,2669.0,2678.0,1713302,1518528,2685.0
2015-08-24,2675.0,2689.0,2606.0,2629.0,2964542,1597658,2641.0
2015-08-25,2603.0,2680.0,2602.0,2671.0,3421584,1571654,2650.0
2015-08-26,2706.0,2721.0,2667.0,2684.0,2279692,1521928,2694.0
2015-08-27,2695.0,2723.0,2675.0,2719.0,2267200,1519000,2696.0
2015-08-28,2727.0,2764.0,2690.0,2704.0,3189120,1418678,2724.0
2015-08-31,2703.0,2725.0,2672.0,2673.0,2736596,1381014,2700.0
2015-09-01,2669.0,2685.0,2659.0,2682.0,1706456,1385856,2672.0
2015-09-02,2674.0,2699.0,2656.0,2698.0,1689576,1358180,2675.0
2015-09-03,2674.0,2699.0,2656.0,2675.0,1689500,1358100,2675.0
2015-09-07,2598.0,2642.0,2592.0,2593.0,1500,4554,2595.0
2015-09-08,2655.0,2675.0,2649.0,2673.0,1187788,1397020,2663.0
2015-09-09,2676.0,2702.0,2672.0,2677.0,1940952,1399188,2686.0
2015-09-10,2685.0,2695.0,2673.0,2688.0,1448658,1398360,2684.0
2015-09-11,2673.0,2697.0,2669.0,2679.0,1754420,1370258,2685.0
2015-09-14,2680.0,2735.0,2665.0,2721.0,2942042,1528294,2711.0
2015-09-15,2721.0,2745.0,2718.0,2733.0,2043938,1539872,2734.0
2015-09-16,2725.0,2747.0,2711.0,2739.0,1980844,1557032,2729.0
2015-09-17,2739.0,2743.0,2715.0,2719.0,1467780,1537798,2728.0
2015-09-18,2713.0,2726.0,2696.0,2697.0,1432890,1536168,2710.0
2015-09-21,2696.0,2697.0,2644.0,2680.0,1743610,1434452,2671.0
2015-09-22,2676.0,2686.0,2668.0,2675.0,970412,1438790,2676.0
2015-09-23,2661.0,2675.0,2657.0,2672.0,1033140,1449814,2665.0
2015-09-24,2674.0,2682.0,2661.0,2669.0,850236,1426604,2670.0
2015-09-25,2660.0,2685.0,2655.0,2675.0,1051774,1381068,2671.0
2015-09-28,2690.0,2699.0,2665.0,2674.0,736652,1339980,2678.0
2015-09-29,2667.0,2673.0,2630.0,2646.0,1399546,1250936,2652.0
2015-09-30,2653.0,2678.0,2651.0,2670.0,890586,1138182,2666.0
2015-10-01,2653.0,2678.0,2651.0,2666.0,0,1138100,2666.0
2015-10-08,2666.0,2686.0,2666.0,2666.0,26,256,2671.0
2015-10-09,2651.0,2670.0,2631.0,2632.0,1700086,1306902,2652.0
2015-10-12,2640.0,2675.0,2634.0,2664.0,1948800,1266900,2652.0
2015-10-13,2664.0,2672.0,2649.0,2659.0,1324338,1317662,2659.0
2015-10-14,2664.0,2706.0,2661.0,2693.0,2013212,1411202,2688.0
2015-10-15,2705.0,2710.0,2683.0,2691.0,1265522,1371286,2695.0
2015-10-16,2687.0,2701.0,2680.0,2685.0,1329018,1402494,2689.0
2015-10-19,2681.0,2683.0,2655.0,2659.0,1121832,1395648,2667.0
2015-10-20,2659.0,2664.0,2613.0,2641.0,1917316,1462126,2640.0
2015-10-21,2643.0,2649.0,2606.0,2609.0,2001784,1466500,2622.0
2015-10-22,2607.0,2634.0,2601.0,2629.0,1321724,1419092,2616.0
2015-10-23,2631.0,2639.0,2568.0,2580.0,2590120,1571018,2592.0
2015-10-26,2588.0,2590.0,2558.0,2580.0,1804124,1503724,2574.0
2015-10-27,2579.0,2586.0,2546.0,2582.0,1498752,1427890,2566.0
2015-10-28,2586.0,2596.0,2572.0,2580.0,1194906,1367882,2582.0
2015-10-29,2575.0,2582.0,2565.0,2575.0,1086326,1348692,2572.0
2015-10-30,2570.0,2575.0,2551.0,2553.0,990046,1385494,2560.0
2015-11-02,2559.0,2567.0,2542.0,2553.0,903520,1407850,2556.0
2015-11-03,2553.0,2557.0,2512.0,2513.0,1448324,1550682,2528.0
2015-11-04,2510.0,2535.0,2507.0,2518.0,1270408,1546678,2521.0
2015-11-05,2515.0,2526.0,2490.0,2491.0,1455916,1648922,2507.0
2015-11-06,2501.0,2501.0,2459.0,2471.0,1755904,1589568,2477.0
2015-11-09,2472.0,2486.0,2456.0,2470.0,1197602,1582476,2470.0
2015-11-10,2475.0,2475.0,2457.0,2465.0,847766,1587864,2464.0
2015-11-11,2461.0,2481.0,2445.0,2471.0,1522140,1499386,2467.0
2015-11-12,2473.0,2488.0,2465.0,2474.0,887140,1477100,2477.0
2015-11-13,2467.0,2481.0,2442.0,2446.0,1015022,1500982,2460.0
2015-11-16,2445.0,2449.0,2421.0,2423.0,875512,1471144,2438.0
2015-11-17,2426.0,2428.0,2405.0,2407.0,879850,1446726,2416.0
2015-11-18,2410.0,2435.0,2406.0,2422.0,1041190,1388396,2421.0
2015-11-19,2430.0,2438.0,2382.0,2392.0,1555598,1292294,2408.0
2015-11-20,2391.0,2398.0,2362.0,2372.0,1064766,1234552,2380.0
2015-11-23,2321.0,2328.0,2250.0,2255.0,1642780,1456918,2288.0
2015-11-24,2255.0,2318.0,2246.0,2313.0,1615930,1538704,2285.0
2015-11-25,2316.0,2341.0,2294.0,2318.0,1666120,1607836,2316.0
2015-11-26,2314.0,2378.0,2300.0,2365.0,1877008,1611402,2343.0
2015-11-27,2361.0,2378.0,2340.0,2363.0,1360946,1631664,2359.0
2015-11-30,2360.0,2365.0,2330.0,2342.0,1219012,1616028,2346.0
2015-12-01,2343.0,2385.0,2340.0,2366.0,1404106,1632446,2363.0
2015-12-02,2380.0,2390.0,2361.0,2380.0,1285790,1689952,2376.0
2015-12-03,2376.0,2379.0,2335.0,2336.0,1420876,1813040,2353.0
2015-12-04,2332.0,2347.0,2313.0,2341.0,1611108,1944754,2330.0
2015-12-07,2335.0,2378.0,2333.0,2371.0,1398232,1838292,2359.0
2015-12-08,2368.0,2371.0,2284.0,2309.0,1929664,1792924,2322.0
2015-12-09,2315.0,2319.0,2289.0,2300.0,1475130,1695990,2304.0
2015-12-10,2305.0,2313.0,2285.0,2294.0,1109462,1749596,2297.0
2015-12-11,2295.0,2341.0,2292.0,2340.0,1391598,1620724,2316.0
2015-12-14,2338.0,2348.0,2321.0,2345.0,1382658,1620036,2336.0
2015-12-15,2338.0,2371.0,2332.0,2344.0,1571534,1579328,2351.0
2015-12-16,2350.0,2361.0,2330.0,2355.0,1322676,1609132,2343.0
2015-12-17,2353.0,2364.0,2311.0,2314.0,1892990,1847328,2336.0
2015-12-18,2317.0,2367.0,2309.0,2365.0,1756952,1706694,2341.0
2015-12-21,2370.0,2419.0,2364.0,2418.0,1784970,1664996,2385.0
2015-12-22,2417.0,2422.0,2398.0,2406.0,1492704,1639428,2410.0
2015-12-23,2409.0,2412.0,2385.0,2397.0,1248652,1620044,2398.0
2015-12-24,2396.0,2402.0,2373.0,2382.0,1265586,1611402,2387.0
2015-12-25,2386.0,2390.0,2361.0,2364.0,1103264,1596112,2375.0
2015-12-28,2366.0,2372.0,2338.0,2345.0,1102178,1594344,2354.0
2015-12-29,2344.0,2371.0,2341.0,2370.0,1133802,1582254,2355.0
2015-12-30,2368.0,2377.0,2350.0,2360.0,1760472,1670914,2363.0
2015-12-31,2359.0,2380.0,2353.0,2380.0,1436936,1511136,2367.0
2016-01-04,2370.0,2377.0,2321.0,2326.0,1335646,1553566,2342.0
2016-01-05,2328.0,2347.0,2325.0,2343.0,1139054,1504576,2336.0
2016-01-06,2344.0,2352.0,2327.0,2347.0,1367216,1514752,2340.0
2016-01-07,2344.0,2386.0,2339.0,2376.0,1975726,1457710,2369.0
2016-01-08,2373.0,2407.0,2363.0,2404.0,1978374,1574678,2391.0
2016-01-11,2406.0,2413.0,2377.0,2383.0,1490070,1470028,2393.0
2016-01-12,2383.0,2397.0,2372.0,2378.0,1498406,1470060,2382.0
2016-01-13,2380.0,2413.0,2376.0,2382.0,1877026,1533138,2392.0
2016-01-14,2386.0,2415.0,2376.0,2406.0,1860008,1576008,2397.0
2016-01-15,2406.0,2416.0,2395.0,2404.0,1355476,1569586,2405.0
2016-01-18,2396.0,2462.0,2394.0,2458.0,2383820,1578096,2433.0
2016-01-19,2458.0,2470.0,2450.0,2462.0,1453138,1558610,2461.0
2016-01-20,2462.0,2471.0,2440.0,2453.0,1575738,1526076,2453.0
2016-01-21,2448.0,2452.0,2419.0,2425.0,1485312,1477962,2436.0
2016-01-22,2428.0,2459.0,2425.0,2452.0,1164004,1417696,2444.0
2016-01-25,2452.0,2463.0,2428.0,2434.0,1147520,1384894,2443.0
2016-01-26,2432.0,2453.0,2423.0,2443.0,839828,1384800,2439.0
2016-01-27,2440.0,2452.0,2428.0,2448.0,1050482,1417870,2441.0
2016-01-28,2446.0,2460.0,2435.0,2443.0,1263326,1381288,2448.0
2016-01-29,2442.0,2444.0,2411.0,2419.0,1063362,1368258,2424.0
2016-02-01,2422.0,2451.0,2416.0,2444.0,822598,1337758,2437.0
2016-02-02,2440.0,2461.0,2437.0,2456.0,675808,1364016,2449.0
2016-02-03,2450.0,2457.0,2439.0,2453.0,738972,1288826,2447.0
2016-02-04,2451.0,2457.0,2437.0,2445.0,746966,1216700,2446.0
2016-02-05,2445.0,2449.0,2425.0,2437.0,630870,1162184,2435.0
2016-02-15,2428.0,2445.0,2417.0,2421.0,390118,1224150,2429.0
2016-02-16,2420.0,2443.0,2405.0,2410.0,1089252,1314846,2424.0
2016-02-17,2410.0,2420.0,2382.0,2383.0,1084588,1399348,2401.0
2016-02-18,2383.0,2399.0,2379.0,2383.0,907500,1463008,2388.0
2016-02-19,2384.0,2404.0,2376.0,2393.0,1213280,1464074,2391.0
2016-02-22,2388.0,2411.0,2387.0,2402.0,825530,1478700,2399.0
2016-02-23,2404.0,2415.0,2382.0,2385.0,843964,1491400,2396.0
2016-02-24,2388.0,2390.0,2340.0,2355.0,1844618,1446970,2360.0
2016-02-25,2351.0,2358.0,2333.0,2344.0,898664,1481626,2345.0
2016-02-26,2347.0,2357.0,2325.0,2330.0,955594,1465600,2339.0
2016-02-29,2330.0,2339.0,2288.0,2301.0,1441490,1437120,2308.0
2016-03-01,2302.0,2316.0,2294.0,2312.0,927854,1427786,2305.0
2016-03-02,2317.0,2335.0,2305.0,2309.0,1262446,1396378,2318.0
2016-03-03,2287.0,2310.0,2280.0,2304.0,531814,1521202,2298.0
2016-03-04,2301.0,2332.0,2300.0,2331.0,677346,1589380,2319.0
2016-03-07,2338.0,2396.0,2334.0,2357.0,1617010,1686570,2362.0
2016-03-08,2357.0,2372.0,2317.0,2323.0,1152860,1718512,2343.0
2016-03-09,2326.0,2337.0,2307.0,2317.0,874140,1713446,2322.0
2016-03-10,2322.0,2329.0,2299.0,2303.0,959714,1815510,2313.0
2016-03-11,2306.0,2317.0,2277.0,2308.0,1168022,1869730,2296.0
2016-03-14,2311.0,2326.0,2307.0,2309.0,940512,1853400,2318.0
2016-03-15,2308.0,2333.0,2297.0,2306.0,1312680,1850914,2313.0
2016-03-16,2301.0,2311.0,2288.0,2295.0,943644,1913300,2299.0
2016-03-17,2293.0,2313.0,2287.0,2311.0,1001444,1908560,2302.0
2016-03-18,2315.0,2340.0,2311.0,2331.0,2073382,1933224,2324.0
2016-03-21,2328.0,2338.0,2310.0,2328.0,1454114,2001788,2325.0
2016-03-22,2329.0,2364.0,2327.0,2355.0,2041412,2021298,2349.0
2016-03-23,2358.0,2391.0,2351.0,2357.0,2439888,2056178,2371.0
2016-03-24,2348.0,2385.0,2341.0,2362.0,2463374,2028854,2362.0
2016-03-25,2360.0,2401.0,2351.0,2399.0,2748008,2157206,2381.0
2016-03-28,2403.0,2407.0,2366.0,2368.0,2350692,2259122,2387.0
2016-03-29,2372.0,2375.0,2346.0,2353.0,2152844,2368614,2359.0
2016-03-30,2354.0,2370.0,2348.0,2363.0,1686342,2361380,2360.0
2016-03-31,2368.0,2371.0,2326.0,2331.0,1930872,2382674,2344.0
2016-04-01,2334.0,2358.0,2324.0,2340.0,1822526,2480262,2342.0
2016-04-05,2299.0,2318.0,2290.0,2316.0,61454,423480,2311.0
2016-04-06,2349.0,2368.0,2337.0,2343.0,1666084,2619440,2350.0
2016-04-07,2340.0,2356.0,2335.0,2342.0,1203654,2650162,2345.0
2016-04-08,2347.0,2351.0,2325.0,2326.0,1254452,2726528,2336.0
2016-04-11,2331.0,2375.0,2330.0,2362.0,2287002,2691866,2356.0
2016-04-12,2366.0,2405.0,2360.0,2404.0,2929244,2814672,2386.0
2016-04-13,2409.0,2470.0,2407.0,2445.0,3955702,2950752,2438.0
2016-04-14,2448.0,2492.0,2443.0,2465.0,3333270,2964050,2471.0
2016-04-15,2461.0,2483.0,2454.0,2473.0,2903132,3249502,2470.0
2016-04-18,2465.0,2535.0,2450.0,2519.0,4196672,3343578,2496.0
2016-04-19,2515.0,2528.0,2502.0,2518.0,2791206,3369478,2513.0
2016-04-20,2526.0,2613.0,2524.0,2586.0,5584146,2986080,2577.0
2016-04-21,2578.0,2680.0,2563.0,2680.0,4500404,2744930,2640.0
2016-04-22,2668.0,2710.0,2573.0,2589.0,5148334,2328510,2635.0
2016-04-25,2591.0,2647.0,2534.0,2571.0,4073896,2306324,2580.0
2016-04-26,2570.0,2643.0,2558.0,2615.0,4014198,2309532,2603.0
2016-04-27,2626.0,2655.0,2598.0,2627.0,4263234,2289796,2627.0
2016-04-28,2632.0,2639.0,2581.0,2629.0,3509610,2223996,2613.0
2016-04-29,2638.0,2680.0,2612.0,2617.0,3743610,2258754,2644.0
2016-05-03,2659.0,2725.0,2659.0,2722.0,2928936,2432840,2696.0
2016-05-04,2716.0,2724.0,2646.0,2677.0,3794162,2352108,2685.0
2016-05-05,2673.0,2709.0,2663.0,2675.0,3154830,2345572,2685.0
2016-05-06,2701.0,2708.0,2586.0,2614.0,4200566,2149450,2636.0
2016-05-09,2612.0,2683.0,2598.0,2666.0,4754466,2127636,2644.0
2016-05-10,2656.0,2669.0,2613.0,2660.0,3797602,2074114,2642.0
2016-05-11,2672.0,2774.0,2652.0,2774.0,2690328,2099210,2692.0
2016-05-12,2802.0,2853.0,2774.0,2833.0,6201144,2299682,2812.0
2016-05-13,2838.0,2855.0,2766.0,2798.0,6289792,2244084,2803.0
2016-05-16,2790.0,2853.0,2773.0,2809.0,5683616,2269100,2811.0
2016-05-17,2807.0,2834.0,2797.0,2828.0,3668392,2177100,2817.0
2016-05-18,2830.0,2928.0,2825.0,2853.0,6973520,2224208,2878.0
2016-05-19,2852.0,2875.0,2816.0,2849.0,4857772,2265332,2843.0
2016-05-20,2830.0,2875.0,2802.0,2870.0,4066198,2292202,2838.0
2016-05-23,2900.0,2917.0,2828.0,2836.0,5001358,2359302,2862.0
2016-05-24,2840.0,2848.0,2719.0,2727.0,6640506,2548324,2774.0
2016-05-25,2718.0,2804.0,2701.0,2790.0,7651616,2583694,2764.0
2016-05-26,2805.0,2898.0,2800.0,2895.0,6704486,2510856,2853.0
2016-05-27,2907.0,2915.0,2838.0,2871.0,6613560,2593636,2869.0
2016-05-30,2862.0,2988.0,2855.0,2974.0,7525820,2773256,2921.0
2016-05-31,2950.0,2971.0,2913.0,2930.0,5196984,2787568,2942.0
2016-06-01,2938.0,2954.0,2866.0,2898.0,6059624,2793706,2905.0
2016-06-02,2899.0,3003.0,2879.0,2977.0,6443822,2838800,2951.0
2016-06-03,2985.0,3058.0,2971.0,3054.0,6229430,2878220,3016.0
2016-06-06,3074.0,3100.0,3025.0,3098.0,5900880,2880470,3062.0
2016-06-07,3104.0,3134.0,3086.0,3130.0,6353176,2935928,3112.0
2016-06-08,3120.0,3176.0,3101.0,3173.0,5348828,2807088,3133.0
2016-06-13,3320.0,3352.0,3255.0,3344.0,4396564,2676094,3316.0
2016-06-14,3333.0,3367.0,3217.0,3234.0,7192348,2432702,3295.0
2016-06-15,3260.0,3293.0,3207.0,3281.0,6571600,2569000,3254.0
2016-06-16,3296.0,3337.0,3187.0,3200.0,7458498,2522394,3255.0
2016-06-17,3205.0,3233.0,3154.0,3230.0,5883334,2392542,3191.0
2016-06-20,3233.0,3274.0,3213.0,3256.0,4926544,2454176,3241.0
2016-06-21,3245.0,3280.0,3224.0,3249.0,4448280,2455736,3248.0
2016-06-22,3210.0,3267.0,3183.0,3263.0,4569932,2417682,3220.0
2016-06-23,3230.0,3294.0,3195.0,3210.0,5609324,2290028,3250.0
2016-06-24,3210.0,3256.0,3171.0,3177.0,7414320,2150624,3217.0
2016-06-27,3160.0,3308.0,3147.0,3301.0,4936632,2283482,3234.0
2016-06-28,3293.0,3425.0,3281.0,3403.0,6783382,2310828,3354.0
2016-06-29,3406.0,3424.0,3335.0,3356.0,5535794,2295352,3381.0
2016-06-30,3352.0,3403.0,3343.0,3394.0,4254466,2256080,3375.0
2016-07-01,3384.0,3577.0,3356.0,3450.0,4812026,2191550,3436.0
2016-07-04,3441.0,3523.0,3436.0,3459.0,4177172,2107068,3472.0
2016-07-05,3462.0,3474.0,3274.0,3360.0,5737236,1933896,3365.0
2016-07-06,3353.0,3395.0,3227.0,3254.0,6335542,1752302,3288.0
2016-07-07,3200.0,3320.0,3106.0,3143.0,6399496,1665496,3199.0
2016-07-08,3174.0,3203.0,3024.0,3075.0,5636438,1385546,3106.0
2016-07-11,3101.0,3193.0,3077.0,3146.0,4082924,1403900,3130.0
2016-07-12,3160.0,3193.0,3130.0,3184.0,3555346,1339000,3168.0
2016-07-13,3175.0,3317.0,3163.0,3294.0,5075350,1331300,3249.0
2016-07-14,3333.0,3353.0,3284.0,3324.0,3415708,1341634,3321.0
2016-07-15,3300.0,3305.0,3138.0,3155.0,1332768,1379000,3201.0
2016-07-18,3138.0,3182.0,3075.0,3081.0,1381568,1337526,3133.0
2016-07-19,3070.0,3157.0,3066.0,3136.0,1204290,1372058,3113.0
2016-07-20,3120.0,3128.0,3013.0,3052.0,1584010,1336970,3062.0
2016-07-21,3035.0,3054.0,2984.0,3028.0,1227760,1316216,3016.0
2016-07-22,3020.0,3043.0,2946.0,2955.0,1391474,1389520,2991.0
2016-07-25,2946.0,2963.0,2893.0,2956.0,1342142,1440100,2937.0
2016-07-26,2969.0,2973.0,2907.0,2948.0,1279408,1448506,2936.0
2016-07-27,2940.0,2980.0,2924.0,2965.0,1274676,1440400,2956.0
2016-07-28,2990.0,3005.0,2966.0,2978.0,1405144,1443832,2988.0
2016-07-29,2968.0,2991.0,2918.0,2923.0,1238278,1458134,2957.0
2016-08-01,2931.0,2990.0,2925.0,2946.0,1092152,1457640,2958.0
2016-08-02,2935.0,2951.0,2870.0,2902.0,1951438,1485150,2903.0
2016-08-03,2896.0,2923.0,2871.0,2890.0,1855024,1521040,2895.0
2016-08-04,2905.0,2917.0,2853.0,2912.0,2331890,1605764,2886.0
2016-08-05,2915.0,2961.0,2894.0,2951.0,2698488,1714838,2928.0
2016-08-08,2946.0,2997.0,2938.0,2962.0,2313384,1691578,2970.0
2016-08-09,2969.0,2993.0,2952.0,2976.0,1900418,1717530,2973.0
2016-08-10,2960.0,3025.0,2960.0,3024.0,2195880,1790200,3002.0
2016-08-11,3015.0,3020.0,2984.0,3003.0,1745224,1797918,3003.0
2016-08-12,3001.0,3033.0,3000.0,3011.0,1988580,1863814,3018.0
2016-08-15,3000.0,3055.0,2960.0,3040.0,2603764,1959766,3011.0
2016-08-16,3035.0,3069.0,3032.0,3049.0,2096696,2006470,3051.0
2016-08-17,3052.0,3058.0,3029.0,3041.0,1355702,1984642,3041.0
2016-08-18,3043.0,3066.0,3006.0,3011.0,2120138,1976352,3038.0
2016-08-19,3012.0,3018.0,2962.0,2986.0,2438362,1959868,2990.0
2016-08-22,2990.0,3024.0,2968.0,3005.0,1780228,1926500,2995.0
2016-08-23,2999.0,3042.0,2989.0,3006.0,1572874,1942840,3014.0
2016-08-24,3014.0,3026.0,2978.0,2981.0,1750772,1956692,3000.0
2016-08-25,2980.0,2989.0,2930.0,2968.0,2108900,1974706,2961.0
2016-08-26,2966.0,2974.0,2909.0,2918.0,2048420,1978524,2937.0
2016-08-29,2925.0,2938.0,2902.0,2921.0,1529138,1958736,2923.0
2016-08-30,2915.0,2934.0,2908.0,2918.0,1247698,1974540,2923.0
2016-08-31,2915.0,2928.0,2858.0,2862.0,2092712,2010574,2886.0
2016-09-01,2862.0,2889.0,2851.0,2881.0,1558684,2032556,2872.0
2016-09-02,2884.0,2914.0,2863.0,2884.0,1631912,2006970,2887.0
2016-09-05,2896.0,2916.0,2861.0,2870.0,1677366,2077400,2891.0
2016-09-06,2870.0,2898.0,2855.0,2886.0,1196644,2041400,2882.0
2016-09-07,2879.0,2949.0,2872.0,2940.0,2104538,2085782,2915.0
2016-09-08,2950.0,2970.0,2938.0,2966.0,1736624,2078460,2957.0
2016-09-09,2971.0,2979.0,2943.0,2947.0,1325468,2051100,2955.0
2016-09-12,2945.0,2984.0,2931.0,2953.0,1804562,1995358,2953.0
2016-09-13,2961.0,2988.0,2914.0,2935.0,2157678,1918792,2951.0
2016-09-14,2920.0,2927.0,2882.0,2895.0,1635030,1819374,2899.0
2016-09-19,2950.0,2992.0,2943.0,2980.0,1253650,1831840,2970.0
2016-09-20,2985.0,2994.0,2958.0,2977.0,1568852,1837598,2974.0
2016-09-21,2980.0,3021.0,2970.0,2990.0,1830986,1884396,2997.0
2016-09-22,2998.0,3009.0,2934.0,2938.0,2240402,1858624,2967.0
2016-09-23,2955.0,2963.0,2904.0,2909.0,1582308,1884594,2934.0
2016-09-26,2907.0,2916.0,2866.0,2866.0,1558894,1901022,2890.0
2016-09-27,2861.0,2879.0,2837.0,2841.0,1876582,1907020,2859.0
2016-09-28,2849.0,2857.0,2819.0,2850.0,1453264,1830002,2840.0
2016-09-29,2846.0,2888.0,2842.0,2883.0,1724468,1588722,2871.0
2016-09-30,2883.0,2897.0,2844.0,2876.0,1492904,1530712,2866.0
2016-10-10,2865.0,2884.0,2829.0,2857.0,873540,1511664,2847.0
2016-10-11,2853.0,2882.0,2840.0,2853.0,1468112,1579622,2859.0
2016-10-12,2851.0,2871.0,2796.0,2815.0,2076340,1669704,2835.0
2016-10-13,2820.0,2846.0,2761.0,2769.0,2478600,1661334,2805.0
2016-10-14,2779.0,2817.0,2747.0,2811.0,2006990,1546944,2784.0
2016-10-17,2818.0,2841.0,2803.0,2827.0,2101752,1617068,2822.0
2016-10-18,2830.0,2863.0,2813.0,2856.0,1829684,1611246,2835.0
2016-10-19,2845.0,2868.0,2823.0,2829.0,1666554,1628644,2845.0
2016-10-20,2825.0,2879.0,2818.0,2874.0,1619802,1671646,2853.0
2016-10-21,2874.0,2894.0,2846.0,2870.0,1661486,1663772,2868.0
2016-10-24,2875.0,2915.0,2862.0,2906.0,1648994,1643918,2887.0
2016-10-25,2912.0,2922.0,2876.0,2884.0,1577640,1598584,2898.0
2016-10-26,2894.0,2931.0,2863.0,2927.0,2216644,1605142,2902.0
2016-10-27,2925.0,2977.0,2911.0,2972.0,2169692,1598100,2949.0
2016-10-28,2960.0,2980.0,2945.0,2959.0,1448396,1597760,2962.0
2016-10-31,2952.0,2966.0,2906.0,2910.0,1392744,1544898,2930.0
2016-11-01,2905.0,2922.0,2891.0,2902.0,1329924,1557248,2908.0
2016-11-02,2907.0,2918.0,2812.0,2819.0,2015560,1471106,2862.0
2016-11-03,2831.0,2834.0,2806.0,2825.0,1096256,1451500,2821.0
2016-11-04,2825.0,2836.0,2798.0,2816.0,1247014,1433840,2819.0
2016-11-07,2822.0,2879.0,2819.0,2865.0,1334596,1387574,2849.0
2016-11-08,2868.0,2910.0,2862.0,2896.0,1303746,1354488,2883.0
2016-11-09,2907.0,2921.0,2861.0,2897.0,1469424,1327882,2894.0
2016-11-10,2915.0,3018.0,2871.0,2995.0,3247576,1487872,2941.0
2016-11-11,2983.0,3038.0,2961.0,3005.0,3603800,1517388,3003.0
2016-11-14,2876.0,2897.0,2733.0,2753.0,1911864,1418890,2802.0
2016-11-15,2751.0,2816.0,2737.0,2766.0,968096,1460664,2783.0
2016-11-16,2772.0,2815.0,2768.0,2814.0,792940,1490000,2798.0
2016-11-17,2806.0,2824.0,2791.0,2807.0,627792,1512236,2807.0
2016-11-18,2806.0,2815.0,2783.0,2798.0,612656,1533100,2798.0
2016-11-21,2805.0,2870.0,2793.0,2855.0,961766,1532500,2833.0
2016-11-22,2857.0,2954.0,2846.0,2925.0,1375784,1645454,2905.0
2016-11-23,2910.0,2980.0,2899.0,2948.0,1465972,1797588,2946.0
2016-11-24,2943.0,2994.0,2922.0,2939.0,1931774,1858216,2955.0
2016-11-25,2940.0,2969.0,2907.0,2928.0,1575230,1885924,2939.0
2016-11-28,2935.0,3024.0,2925.0,3011.0,3228392,2353596,2978.0
2016-11-29,3002.0,3021.0,2956.0,2975.0,2666768,2484760,2994.0
2016-11-30,2960.0,2975.0,2912.0,2936.0,2760452,2356402,2942.0
2016-12-01,2949.0,2982.0,2922.0,2936.0,2544438,2445624,2948.0
2016-12-02,2942.0,2947.0,2873.0,2894.0,2460846,2473292,2902.0
2016-12-05,2898.0,2921.0,2885.0,2916.0,1775874,2549002,2905.0
2016-12-06,2921.0,2954.0,2913.0,2928.0,1834742,2551144,2934.0
2016-12-07,2947.0,2962.0,2928.0,2946.0,1814784,2603702,2945.0
2016-12-08,2945.0,2951.0,2906.0,2913.0,1578560,2560658,2928.0
2016-12-09,2919.0,2922.0,2850.0,2875.0,2007858,2485692,2880.0
2016-12-12,2885.0,2946.0,2877.0,2931.0,1810192,2430948,2919.0
2016-12-13,2919.0,2949.0,2918.0,2948.0,1670636,2482942,2933.0
2016-12-14,2954.0,2960.0,2888.0,2893.0,2186760,2462556,2923.0
2016-12-15,2886.0,2913.0,2876.0,2907.0,1462288,2438398,2894.0
2016-12-16,2900.0,2935.0,2887.0,2909.0,1444496,2393664,2914.0
2016-12-19,2915.0,2936.0,2894.0,2913.0,1732208,2401560,2919.0
2016-12-20,2906.0,2916.0,2831.0,2833.0,2220678,2317256,2871.0
2016-12-21,2839.0,2846.0,2821.0,2825.0,1485620,2334276,2833.0
2016-12-22,2828.0,2841.0,2802.0,2804.0,1316386,2315702,2822.0
2016-12-23,2807.0,2826.0,2784.0,2803.0,1484234,2302816,2803.0
2016-12-26,2806.0,2817.0,2760.0,2769.0,1363484,2293368,2782.0
2016-12-27,2773.0,2818.0,2771.0,2811.0,1082348,2221362,2797.0
2016-12-28,2816.0,2853.0,2811.0,2840.0,1445182,2223984,2834.0
2016-12-29,2848.0,2849.0,2808.0,2832.0,1063462,2213572,2827.0
2016-12-30,2838.0,2845.0,2790.0,2803.0,1122562,2227124,2812.0
2017-01-02,2838.0,2845.0,2790.0,2803.0,1122500,2227100,0.0
2017-01-03,2796.0,2811.0,2769.0,2773.0,809118,2269460,2787.0
2017-01-04,2775.0,2796.0,2756.0,2792.0,1290250,2191136,2780.0
2017-01-05,2790.0,2818.0,2776.0,2786.0,1134786,2204112,2798.0
2017-01-06,2786.0,2802.0,2773.0,2791.0,863538,2197806,2785.0
2017-01-09,2790.0,2807.0,2761.0,2775.0,1293632,2251342,2779.0
2017-01-10,2775.0,2794.0,2754.0,2778.0,1272818,2266272,2772.0
2017-01-11,2774.0,2836.0,2773.0,2824.0,1997404,2287546,2810.0
2017-01-12,2820.0,2832.0,2800.0,2808.0,1103476,2316500,2817.0
2017-01-13,2811.0,2889.0,2809.0,2871.0,1638226,2288442,2859.0
2017-01-16,2873.0,2913.0,2863.0,2909.0,1353330,2245840,2890.0
2017-01-17,2917.0,2952.0,2896.0,2922.0,1493336,2173016,2924.0
2017-01-18,2927.0,2956.0,2909.0,2936.0,1788652,2207064,2931.0
2017-01-19,2933.0,2971.0,2927.0,2967.0,1487892,2199494,2950.0
2017-01-20,2966.0,2967.0,2926.0,2929.0,1081220,2077056,2945.0
2017-01-23,2932.0,2948.0,2915.0,2935.0,967394,2020200,2929.0
2017-01-24,2930.0,2944.0,2917.0,2939.0,795134,2006794,2932.0
2017-01-25,2938.0,2938.0,2881.0,2882.0,1093450,1917380,2901.0
2017-01-26,2885.0,2924.0,2885.0,2913.0,705932,1857500,2908.0
2017-02-03,2887.0,2912.0,2851.0,2889.0,630506,1873050,2889.0
2017-02-06,2888.0,2934.0,2886.0,2921.0,1596652,2157850,2911.0
2017-02-07,2924.0,2936.0,2912.0,2916.0,892698,2201328,2921.0
2017-02-08,2914.0,2967.0,2896.0,2965.0,1437878,2332566,2939.0
2017-02-09,2968.0,2985.0,2955.0,2964.0,1177440,2284898,2970.0
2017-02-10,2963.0,2999.0,2957.0,2997.0,1178690,2323924,2975.0
2017-02-13,2996.0,3028.0,2976.0,2985.0,1524206,2311794,3002.0
2017-02-14,2986.0,3008.0,2951.0,2956.0,1229388,2272244,2980.0
2017-02-15,2964.0,2968.0,2933.0,2937.0,1147160,2258876,2948.0
2017-02-16,2931.0,2990.0,2921.0,2955.0,1507112,2168468,2963.0
2017-02-17,2955.0,2985.0,2892.0,2906.0,2028018,2011988,2938.0
2017-02-20,2907.0,2924.0,2901.0,2916.0,879368,1972062,2912.0
2017-02-21,2917.0,2970.0,2914.0,2955.0,1389894,1966262,2945.0
2017-02-22,2955.0,2962.0,2906.0,2914.0,1152724,1934580,2931.0
2017-02-23,2919.0,2929.0,2877.0,2880.0,1305428,1874894,2904.0
2017-02-24,2880.0,2886.0,2852.0,2878.0,1089774,1834364,2871.0
2017-02-27,2880.0,2895.0,2865.0,2890.0,965244,1848434,2882.0
2017-02-28,2893.0,2899.0,2873.0,2881.0,934378,1841310,2884.0
2017-03-01,2882.0,2932.0,2878.0,2909.0,1570740,1762774,2909.0
2017-03-02,2916.0,2950.0,2909.0,2945.0,1074142,1736892,2930.0
2017-03-03,2940.0,2943.0,2913.0,2933.0,893762,1732534,2926.0
2017-03-06,2934.0,2965.0,2919.0,2962.0,1235364,1791880,2944.0
2017-03-07,2960.0,2970.0,2946.0,2951.0,992444,1752380,2955.0
2017-03-08,2948.0,2951.0,2900.0,2903.0,1220056,1664476,2919.0
2017-03-09,2900.0,2909.0,2887.0,2898.0,985134,1644378,2898.0
2017-03-10,2891.0,2901.0,2857.0,2860.0,1174750,1615210,2877.0
2017-03-13,2863.0,2884.0,2853.0,2874.0,914456,1544800,2868.0
2017-03-14,2872.0,2890.0,2839.0,2844.0,1203478,1530920,2861.0
2017-03-15,2840.0,2886.0,2825.0,2871.0,1161044,1436080,2859.0
2017-03-16,2890.0,2900.0,2872.0,2889.0,553812,1527242,2887.0
2017-03-17,2890.0,2896.0,2857.0,2875.0,612986,1604870,2873.0
2017-03-20,2874.0,2914.0,2861.0,2907.0,959790,1745374,2895.0
2017-03-21,2900.0,2916.0,2872.0,2877.0,1063812,1870528,2894.0
2017-03-22,2881.0,2884.0,2858.0,2875.0,1117262,2002054,2872.0
2017-03-23,2872.0,2882.0,2825.0,2827.0,1781858,2119364,2852.0
2017-03-24,2829.0,2848.0,2806.0,2813.0,1249086,2146658,2821.0
2017-03-27,2815.0,2818.0,2783.0,2807.0,1193478,2107942,2801.0
2017-03-28,2805.0,2813.0,2793.0,2801.0,1060160,2186788,2804.0
2017-03-29,2804.0,2819.0,2788.0,2816.0,1217214,2214330,2803.0
2017-03-30,2815.0,2817.0,2773.0,2785.0,1357636,2245112,2789.0
2017-03-31,2775.0,2800.0,2766.0,2780.0,790108,2212768,2784.0
2017-04-05,2740.0,2762.0,2733.0,2755.0,1049690,2359122,2749.0
2017-04-06,2756.0,2765.0,2743.0,2754.0,1151572,2465404,2753.0
2017-04-07,2755.0,2759.0,2723.0,2729.0,1305006,2406850,2737.0
2017-04-10,2735.0,2774.0,2732.0,2762.0,1442414,2375378,2751.0
2017-04-11,2763.0,2768.0,2745.0,2762.0,1049786,2468820,2757.0
2017-04-12,2757.0,2808.0,2740.0,2783.0,1824958,2444924,2779.0
2017-04-13,2789.0,2838.0,2783.0,2836.0,1558500,2448010,2809.0
2017-04-14,2837.0,2849.0,2824.0,2830.0,1426256,2356906,2835.0
2017-04-17,2835.0,2854.0,2814.0,2825.0,1433722,2473674,2829.0
2017-04-18,2823.0,2835.0,2809.0,2812.0,1340506,2485364,2820.0
2017-04-19,2810.0,2859.0,2793.0,2856.0,1941632,2543530,2820.0
2017-04-20,2834.0,2849.0,2821.0,2844.0,1621148,2510120,2836.0
2017-04-21,2846.0,2849.0,2817.0,2828.0,1170678,2536034,2830.0
2017-04-24,2833.0,2867.0,2817.0,2857.0,1542910,2615406,2846.0
2017-04-25,2858.0,2866.0,2840.0,2851.0,1083314,2611450,2855.0
2017-04-26,2850.0,2857.0,2804.0,2806.0,1614830,2554874,2829.0
2017-04-27,2810.0,2827.0,2790.0,2792.0,1366500,2517108,2805.0
2017-04-28,2796.0,2808.0,2787.0,2799.0,902756,2475800,2799.0
2017-05-02,2825.0,2884.0,2823.0,2879.0,1441082,2515604,2860.0
2017-05-03,2870.0,2873.0,2850.0,2861.0,1024048,2483980,2861.0
2017-05-04,2861.0,2875.0,2848.0,2869.0,1445900,2476900,2863.0
2017-05-05,2865.0,2888.0,2836.0,2841.0,2017480,2454184,2862.0
2017-05-08,2856.0,2868.0,2816.0,2818.0,1784408,2351434,2842.0
2017-05-09,2822.0,2827.0,2808.0,2817.0,1026774,2341432,2817.0
2017-05-10,2819.0,2841.0,2817.0,2838.0,906150,2297200,2831.0
2017-05-11,2837.0,2846.0,2812.0,2835.0,1300712,2346480,2828.0
2017-05-12,2829.0,2833.0,2788.0,2792.0,1545300,2434100,2811.0
2017-05-15,2794.0,2798.0,2778.0,2781.0,1091052,2455252,2787.0
2017-05-16,2791.0,2796.0,2758.0,2772.0,1151504,2509790,2774.0
2017-05-17,2778.0,2814.0,2774.0,2809.0,1127932,2362200,2795.0
2017-05-18,2814.0,2816.0,2755.0,2768.0,1232404,2403338,2778.0
2017-05-19,2751.0,2764.0,2732.0,2737.0,1705320,2529628,2744.0
2017-05-22,2741.0,2764.0,2727.0,2750.0,1534300,2567900,2747.0
2017-05-23,2749.0,2755.0,2734.0,2742.0,873936,2569700,2745.0
2017-05-24,2741.0,2748.0,2710.0,2733.0,1680700,2638900,2728.0
2017-05-25,2739.0,2741.0,2725.0,2732.0,712340,2623800,2733.0
2017-05-26,2730.0,2735.0,2690.0,2700.0,1365200,2712400,2707.0
2017-05-31,2668.0,2672.0,2604.0,2613.0,1518098,2753026,2635.0
2017-06-01,2618.0,2632.0,2614.0,2629.0,951688,2720400,2623.0
2017-06-02,2637.0,2650.0,2610.0,2627.0,1005804,2680396,2630.0
2017-06-05,2633.0,2670.0,2630.0,2650.0,1307918,2631000,2655.0
2017-06-06,2655.0,2665.0,2642.0,2650.0,842032,2614600,2652.0
2017-06-07,2652.0,2685.0,2647.0,2664.0,1282134,2617972,2668.0
2017-06-08,2675.0,2688.0,2668.0,2685.0,1100954,2638308,2679.0
2017-06-09,2690.0,2708.0,2685.0,2686.0,1054008,2584416,2693.0
2017-06-12,2693.0,2697.0,2665.0,2677.0,1291808,2581412,2679.0
2017-06-13,2668.0,2668.0,2647.0,2663.0,1148508,2552284,2656.0
2017-06-14,2664.0,2689.0,2663.0,2680.0,984284,2538772,2676.0
2017-06-15,2680.0,2689.0,2651.0,2664.0,1232390,2594886,2665.0
2017-06-16,2655.0,2705.0,2645.0,2687.0,1379718,2521732,2680.0
2017-06-19,2692.0,2731.0,2677.0,2709.0,1558108,2484560,2704.0
2017-06-20,2708.0,2716.0,2693.0,2711.0,915068,2423700,2705.0
2017-06-21,2700.0,2703.0,2684.0,2696.0,898338,2431078,2693.0
2017-06-22,2696.0,2703.0,2655.0,2658.0,1203530,2457152,2674.0
2017-06-23,2653.0,2661.0,2634.0,2645.0,1026780,2433844,2646.0
2017-06-26,2648.0,2664.0,2633.0,2657.0,877444,2358400,2650.0
2017-06-27,2662.0,2670.0,2651.0,2663.0,691016,2298800,2660.0
2017-06-28,2670.0,2680.0,2647.0,2658.0,970046,2341700,2662.0
2017-06-29,2658.0,2670.0,2653.0,2665.0,931290,2258500,2661.0
2017-06-30,2670.0,2691.0,2643.0,2655.0,1357794,2274202,2665.0
2017-07-03,2658.0,2788.0,2652.0,2780.0,1825034,2080446,2750.0
2017-07-04,2792.0,2804.0,2769.0,2798.0,1570472,2096392,2788.0
2017-07-05,2797.0,2808.0,2775.0,2792.0,895288,2056712,2791.0
2017-07-06,2790.0,2829.0,2789.0,2815.0,1542188,2024462,2812.0
2017-07-07,2810.0,2841.0,2807.0,2834.0,893160,1988100,2826.0
2017-07-10,2844.0,2943.0,2826.0,2919.0,2000796,1959536,2886.0
2017-07-11,2918.0,2948.0,2888.0,2930.0,1597000,1733700,2922.0
2017-07-12,2913.0,2930.0,2907.0,2914.0,1004978,1643514,2917.0
2017-07-13,2909.0,2926.0,2842.0,2849.0,1543238,1608410,2873.0
2017-07-14,2835.0,2849.0,2787.0,2803.0,1316922,1542914,2813.0
2017-07-17,2812.0,2832.0,2802.0,2810.0,905190,1513700,2814.0
2017-07-18,2825.0,2836.0,2808.0,2824.0,818614,1482552,2823.0
2017-07-19,2839.0,2856.0,2821.0,2826.0,795318,1464842,2838.0
2017-07-20,2830.0,2853.0,2826.0,2842.0,712538,1444244,2841.0
2017-07-21,2856.0,2876.0,2851.0,2869.0,917814,1431812,2864.0
2017-07-24,2861.0,2862.0,2789.0,2805.0,987632,1327848,2820.0
2017-07-25,2805.0,2871.0,2802.0,2864.0,838294,1263114,2842.0
2017-07-26,2878.0,2881.0,2819.0,2824.0,654894,1378928,2841.0
2017-07-27,2811.0,2844.0,2776.0,2828.0,530666,1375500,2819.0
2017-07-28,2841.0,2870.0,2833.0,2851.0,826692,1431610,2851.0
2017-07-31,2855.0,2879.0,2829.0,2844.0,736666,1435200,2848.0
2017-08-01,2840.0,2863.0,2835.0,2838.0,945596,1544100,2845.0
2017-08-02,2825.0,2837.0,2786.0,2796.0,1375242,1625138,2803.0
2017-08-03,2800.0,2807.0,2757.0,2760.0,1071826,1679996,2785.0
2017-08-04,2760.0,2774.0,2752.0,2768.0,907282,1713000,2764.0
2017-08-07,2772.0,2795.0,2767.0,2775.0,969450,1737600,2777.0
2017-08-08,2780.0,2825.0,2777.0,2819.0,1178400,1677100,2805.0
2017-08-09,2820.0,2828.0,2809.0,2820.0,905224,1673600,2817.0
2017-08-10,2820.0,2835.0,2810.0,2829.0,1029814,1757888,2822.0
2017-08-11,2836.0,2855.0,2723.0,2725.0,2131214,1583006,2769.0
2017-08-14,2738.0,2742.0,2718.0,2734.0,913516,1550600,2731.0
2017-08-15,2730.0,2740.0,2721.0,2728.0,805784,1540200,2730.0
2017-08-16,2721.0,2727.0,2705.0,2716.0,783802,1564300,2715.0
2017-08-17,2719.0,2734.0,2712.0,2725.0,870850,1565000,2722.0
2017-08-18,2730.0,2735.0,2724.0,2727.0,670208,1578800,2730.0
2017-08-21,2724.0,2737.0,2718.0,2727.0,941288,1648700,2727.0
2017-08-22,2726.0,2744.0,2697.0,2739.0,1444050,1663602,2724.0
2017-08-23,2730.0,2743.0,2728.0,2734.0,1051594,1680570,2734.0
2017-08-24,2737.0,2743.0,2709.0,2724.0,1200884,1767646,2722.0
2017-08-25,2726.0,2738.0,2720.0,2735.0,807670,1714700,2731.0
2017-08-28,2741.0,2754.0,2731.0,2746.0,1009332,1761520,2742.0
2017-08-29,2748.0,2748.0,2720.0,2723.0,912880,1782900,2729.0
2017-08-30,2716.0,2722.0,2703.0,2707.0,890384,1861264,2714.0
2017-08-31,2706.0,2710.0,2692.0,2697.0,791420,1887800,2699.0
2017-09-01,2695.0,2720.0,2690.0,2705.0,1035906,1890296,2708.0
2017-09-04,2708.0,2734.0,2700.0,2726.0,1020340,1889532,2716.0
2017-09-05,2726.0,2735.0,2721.0,2727.0,739104,1873500,2728.0
2017-09-06,2732.0,2750.0,2729.0,2737.0,1091608,1865810,2739.0
2017-09-07,2741.0,2750.0,2730.0,2742.0,943724,1822500,2740.0
2017-09-08,2741.0,2749.0,2710.0,2717.0,1195144,1853534,2731.0
2017-09-11,2718.0,2728.0,2706.0,2725.0,857258,1798100,2720.0
2017-09-12,2722.0,2730.0,2713.0,2722.0,749448,1864600,2721.0
2017-09-13,2722.0,2738.0,2685.0,2690.0,1789078,1958260,2711.0
2017-09-14,2691.0,2719.0,2690.0,2713.0,966532,1842800,2705.0
2017-09-15,2720.0,2743.0,2716.0,2738.0,1386540,1822900,2734.0
2017-09-18,2731.0,2744.0,2710.0,2741.0,1158322,1792144,2730.0
2017-09-19,2735.0,2759.0,2730.0,2730.0,1284218,1877552,2741.0
2017-09-20,2731.0,2737.0,2717.0,2730.0,721788,1834200,2726.0
2017-09-21,2732.0,2748.0,2730.0,2741.0,915492,1883000,2739.0
2017-09-22,2739.0,2800.0,2732.0,2790.0,1811852,2129772,2770.0
2017-09-25,2791.0,2816.0,2788.0,2809.0,1371604,2111194,2803.0
2017-09-26,2806.0,2809.0,2776.0,2787.0,872936,1997300,2789.0
2017-09-27,2780.0,2784.0,2765.0,2783.0,763092,1979400,2774.0
2017-09-28,2779.0,2787.0,2755.0,2762.0,931008,1843200,2771.0
2017-09-29,2763.0,2780.0,2723.0,2729.0,1177762,1642354,2751.0
2017-10-09,2896.0,2896.0,2788.0,2827.0,60,234,2855.0
2017-10-10,2782.0,2794.0,2771.0,2774.0,689826,1626400,2781.0
2017-10-11,2781.0,2791.0,2762.0,2764.0,697172,1651400,2774.0
2017-10-12,2766.0,2778.0,2763.0,2769.0,456060,1595700,2769.0
2017-10-13,2769.0,2855.0,2765.0,2855.0,1226306,1663774,2827.0
2017-10-16,2860.0,2871.0,2846.0,2852.0,888542,1614844,2856.0
2017-10-17,2852.0,2879.0,2836.0,2842.0,804128,1642600,2852.0
2017-10-18,2838.0,2845.0,2829.0,2837.0,635958,1621300,2836.0
2017-10-19,2840.0,2855.0,2835.0,2851.0,678364,1657400,2846.0
2017-10-20,2853.0,2861.0,2844.0,2852.0,594794,1658400,2852.0
2017-10-23,2855.0,2874.0,2816.0,2835.0,1013442,1693784,2843.0
2017-10-24,2830.0,2843.0,2822.0,2822.0,617776,1641200,2831.0
2017-10-25,2820.0,2835.0,2812.0,2830.0,664920,1681100,2825.0
2017-10-26,2832.0,2840.0,2812.0,2817.0,681112,1635700,2825.0
2017-10-27,2822.0,2827.0,2794.0,2797.0,773682,1600232,2809.0
2017-10-30,2801.0,2815.0,2796.0,2803.0,541254,1539164,2805.0
2017-10-31,2803.0,2807.0,2785.0,2792.0,594660,1600062,2795.0
2017-11-01,2792.0,2807.0,2784.0,2797.0,582038,1583462,0.0
2017-11-02,2797.0,2816.0,2787.0,2801.0,748358,1560468,0.0
2017-11-03,2802.0,2818.0,2802.0,2809.0,618700,1551288,0.0
2017-11-06,2806.0,2811.0,2780.0,2784.0,796450,1539296,0.0
2017-11-07,2782.0,2806.0,2781.0,2794.0,548642,1515846,0.0
2017-11-08,2791.0,2807.0,2786.0,2804.0,516462,1527200,0.0
2017-11-09,2804.0,2823.0,2799.0,2819.0,656712,1533650,0.0
2017-11-10,2822.0,2828.0,2783.0,2794.0,771750,1505356,0.0
2017-11-13,2795.0,2834.0,2794.0,2834.0,679160,1476832,0.0
2017-11-14,2828.0,2841.0,2812.0,2820.0,763284,1420900,0.0
2017-11-15,2819.0,2842.0,2808.0,2832.0,1004436,1454372,0.0
2017-11-16,2835.0,2869.0,2827.0,2861.0,995200,1427832,0.0
2017-11-17,2858.0,2869.0,2845.0,2850.0,729410,1452140,0.0
2017-11-20,2855.0,2909.0,2843.0,2897.0,1022534,1410860,0.0
2017-11-21,2897.0,2931.0,2888.0,2921.0,818274,1385472,0.0
2017-11-22,2826.0,2839.0,2814.0,2826.0,483304,1453542,0.0
2017-11-23,2835.0,2855.0,2818.0,2821.0,765862,1521616,0.0
2017-11-24,2822.0,2849.0,2822.0,2842.0,385232,1592312,0.0
2017-11-27,2843.0,2855.0,2820.0,2823.0,793296,1664764,0.0
2017-11-28,2831.0,2845.0,2819.0,2832.0,609122,1689878,0.0
2017-11-29,2828.0,2835.0,2817.0,2822.0,499208,1677694,0.0
2017-11-30,2823.0,2838.0,2810.0,2816.0,675944,1684700,0.0
2017-12-01,2816.0,2816.0,2791.0,2800.0,685906,1645184,0.0
2017-12-04,2801.0,2874.0,2801.0,2871.0,1119594,1824170,0.0
2017-12-05,2870.0,2878.0,2859.0,2864.0,657768,1796226,0.0
2017-12-06,2870.0,2927.0,2870.0,2912.0,1313822,1991050,0.0
2017-12-07,2915.0,2917.0,2871.0,2880.0,1141444,1940536,0.0
2017-12-08,2865.0,2882.0,2855.0,2875.0,903280,1953444,0.0
2017-12-11,2880.0,2885.0,2838.0,2850.0,993028,1895126,0.0
2017-12-12,2840.0,2858.0,2838.0,2844.0,647512,1869982,0.0
2017-12-13,2841.0,2847.0,2829.0,2842.0,686548,1908404,0.0
2017-12-14,2840.0,2852.0,2822.0,2823.0,798108,1877782,0.0
2017-12-15,2822.0,2829.0,2809.0,2811.0,780636,1887940,0.0
2017-12-18,2816.0,2822.0,2805.0,2815.0,639710,1861032,0.0
2017-12-19,2818.0,2834.0,2808.0,2818.0,824612,1926396,0.0
2017-12-20,2818.0,2825.0,2800.0,2804.0,752574,1913522,0.0
2017-12-21,2806.0,2809.0,2787.0,2790.0,770660,1916428,0.0
2017-12-22,2790.0,2800.0,2785.0,2786.0,530614,1896012,0.0
2017-12-25,2791.0,2806.0,2789.0,2794.0,529378,1901608,0.0
2017-12-26,2796.0,2826.0,2794.0,2820.0,665858,1940728,0.0
2017-12-27,2822.0,2830.0,2811.0,2824.0,695078,1938862,0.0
2017-12-28,2822.0,2824.0,2801.0,2806.0,611406,1989890,0.0
2017-12-29,2805.0,2807.0,2756.0,2761.0,997662,1996114,0.0
2018-01-02,2770.0,2777.0,2762.0,2765.0,391182,1964960,0.0
2018-01-03,2767.0,2783.0,2766.0,2773.0,600912,2020708,0.0
2018-01-04,2774.0,2775.0,2761.0,2770.0,494492,1995102,0.0
2018-01-05,2767.0,2780.0,2750.0,2775.0,789014,2007272,0.0
2018-01-08,2785.0,2786.0,2766.0,2767.0,532642,1965854,0.0
2018-01-09,2771.0,2789.0,2768.0,2776.0,647804,1982990,0.0
2018-01-10,2771.0,2777.0,2764.0,2768.0,446048,1985234,0.0
2018-01-11,2768.0,2771.0,2745.0,2754.0,673034,1999108,0.0
2018-01-12,2759.0,2759.0,2725.0,2729.0,710122,1973420,0.0
2018-01-15,2730.0,2769.0,2720.0,2757.0,743010,1952462,0.0
2018-01-16,2759.0,2765.0,2748.0,2754.0,551472,1933140,0.0
2018-01-17,2731.0,2770.0,2731.0,2770.0,684094,1961570,0.0
2018-01-18,2769.0,2779.0,2758.0,2767.0,582262,1943568,0.0
2018-01-19,2767.0,2783.0,2762.0,2780.0,566124,1953974,0.0
2018-01-22,2784.0,2792.0,2774.0,2786.0,577842,1881036,0.0
2018-01-23,2790.0,2796.0,2777.0,2784.0,546660,1896438,0.0
2018-01-24,2788.0,2789.0,2757.0,2758.0,740850,1893020,0.0
2018-01-25,2760.0,2783.0,2758.0,2781.0,610790,1870492,0.0
2018-01-26,2781.0,2785.0,2753.0,2771.0,555146,1862222,0.0
2018-01-29,2768.0,2812.0,2761.0,2808.0,980678,1942662,0.0
2018-01-30,2807.0,2812.0,2792.0,2804.0,685532,1944584,0.0
2018-01-31,2808.0,2822.0,2799.0,2815.0,618720,1903506,0.0
2018-02-01,2803.0,2808.0,2792.0,2799.0,569754,1926680,0.0
2018-02-02,2794.0,2796.0,2762.0,2767.0,688628,1906800,0.0
2018-02-05,2770.0,2778.0,2763.0,2769.0,450010,1865758,0.0
2018-02-06,2764.0,2776.0,2757.0,2764.0,510660,1888812,0.0
2018-02-07,2773.0,2810.0,2771.0,2805.0,743306,1875420,0.0
2018-02-08,2795.0,2808.0,2791.0,2806.0,520152,1875152,0.0
2018-02-09,2813.0,2819.0,2794.0,2801.0,570014,1807036,0.0
2018-02-12,2799.0,2843.0,2793.0,2841.0,749848,1868784,0.0
2018-02-13,2835.0,2859.0,2833.0,2843.0,614514,1821062,0.0
2018-02-14,2848.0,2865.0,2847.0,2857.0,496508,1776822,0.0
2018-02-22,2928.0,2962.0,2918.0,2959.0,850812,1757134,0.0
2018-02-23,2949.0,2962.0,2945.0,2957.0,705288,1817934,0.0
2018-02-26,2964.0,2995.0,2959.0,2972.0,1077356,1860838,0.0
2018-02-27,2978.0,2994.0,2967.0,2972.0,723744,1863690,0.0
2018-02-28,2977.0,3015.0,2969.0,3008.0,1024922,1982354,0.0
2018-03-01,3010.0,3057.0,3000.0,3054.0,1373052,2072020,0.0
2018-03-02,3045.0,3159.0,3039.0,3129.0,2708166,2079598,0.0
2018-03-05,3130.0,3148.0,3103.0,3120.0,1731452,2032830,0.0
2018-03-06,3124.0,3142.0,3103.0,3123.0,1491098,2004756,0.0
2018-03-07,3123.0,3158.0,3108.0,3117.0,1935898,1910948,0.0
2018-03-08,3112.0,3133.0,3093.0,3115.0,1329674,1853248,0.0
2018-03-09,3110.0,3146.0,3078.0,3097.0,2006170,1823204,0.0
2018-03-12,3087.0,3091.0,3035.0,3054.0,1746274,1709602,3056.0
2018-03-13,3045.0,3082.0,3045.0,3060.0,995948,1629774,3062.0
2018-03-14,3066.0,3074.0,3051.0,3065.0,799768,1585400,3064.0
2018-03-15,3022.0,3024.0,2974.0,2995.0,711332,1741000,2995.0
2018-03-16,3006.0,3045.0,2990.0,3036.0,1099756,2006180,3022.0
2018-03-19,3034.0,3044.0,2990.0,2993.0,978914,2051600,3011.0
2018-03-20,2987.0,2993.0,2964.0,2979.0,964638,2065008,2978.0
2018-03-21,2976.0,3004.0,2974.0,2993.0,724214,2149000,2989.0
2018-03-22,2998.0,3016.0,2994.0,3000.0,1073702,2192530,3005.0
2018-03-23,3000.0,3128.0,2999.0,3046.0,3043184,2326762,3048.0
2018-03-26,3038.0,3122.0,3003.0,3090.0,2765074,2367014,3068.0
2018-03-27,3086.0,3093.0,3037.0,3057.0,1460026,2426670,3061.0
2018-03-28,3061.0,3077.0,3035.0,3044.0,1460166,2422690,3055.0
2018-03-29,3041.0,3042.0,3010.0,3018.0,1328650,2449716,3022.0
2018-03-30,3015.0,3173.0,3014.0,3158.0,3182996,2763344,3118.0
2018-04-02,3160.0,3205.0,3150.0,3163.0,1983294,2818482,3171.0
2018-04-03,3165.0,3175.0,3134.0,3161.0,1758678,2839654,3155.0
2018-04-04,3161.0,3230.0,3154.0,3223.0,2755846,2850216,3193.0
2018-04-09,3397.0,3400.0,3285.0,3327.0,3875988,2923706,3340.0
2018-04-10,3325.0,3343.0,3239.0,3251.0,3801500,2893200,3291.0
2018-04-11,3250.0,3263.0,3207.0,3247.0,2380494,3024840,3237.0
2018-04-12,3251.0,3253.0,3213.0,3220.0,1697642,3061478,3229.0
2018-04-13,3220.0,3261.0,3206.0,3229.0,1920024,3152404,3230.0
2018-04-16,3229.0,3232.0,3185.0,3202.0,1612696,3135498,3209.0
2018-04-17,3211.0,3272.0,3171.0,3265.0,2431826,3259078,3204.0
2018-04-18,3256.0,3262.0,3198.0,3228.0,2287228,3189154,3227.0
2018-04-19,3226.0,3228.0,3191.0,3214.0,1721680,3179034,3210.0
2018-04-20,3209.0,3252.0,3203.0,3232.0,1821514,3242630,3226.0
2018-04-23,3228.0,3260.0,3192.0,3205.0,1998034,3223108,3217.0
2018-04-24,3205.0,3213.0,3192.0,3194.0,1291936,3222838,3202.0
2018-04-25,3194.0,3232.0,3186.0,3202.0,1813960,3224772,3209.0
2018-04-26,3203.0,3203.0,3172.0,3176.0,1506362,3193662,3189.0
2018-04-27,3181.0,3181.0,3131.0,3168.0,1856868,3145866,3156.0
2018-05-02,3220.0,3236.0,3188.0,3226.0,1160376,3105534,3219.0
2018-05-03,3223.0,3232.0,3201.0,3224.0,1044346,3103410,3221.0
2018-05-04,3221.0,3225.0,3178.0,3206.0,1496444,3109756,3205.0
2018-05-07,3210.0,3244.0,3156.0,3157.0,1968878,3100424,3200.0
2018-05-08,3158.0,3169.0,3086.0,3089.0,2267858,3053704,3121.0
2018-05-09,3095.0,3111.0,3080.0,3106.0,1367256,3029932,3097.0
2018-05-10,3102.0,3120.0,3093.0,3115.0,946712,3028100,3104.0
2018-05-11,3114.0,3118.0,3068.0,3074.0,1199272,3007016,3088.0
2018-05-14,3065.0,3080.0,3022.0,3030.0,1650616,3018126,3057.0
2018-05-15,3032.0,3065.0,3022.0,3028.0,1451284,2985440,3041.0
2018-05-16,3028.0,3030.0,2932.0,2971.0,2592460,2928624,2974.0
2018-05-17,2972.0,3002.0,2942.0,2976.0,1960050,2819076,2972.0
2018-05-18,2977.0,2990.0,2923.0,2961.0,1695004,2803916,2960.0
2018-05-21,2953.0,2974.0,2933.0,2956.0,1580462,2804740,2952.0
2018-05-22,2952.0,2976.0,2945.0,2958.0,1083814,2752862,2958.0
2018-05-23,2970.0,3001.0,2957.0,2980.0,1585342,2759730,2981.0
2018-05-24,2977.0,3048.0,2974.0,3044.0,1693602,2724850,3012.0
2018-05-25,3040.0,3055.0,3016.0,3024.0,961146,2657200,3030.0
2018-05-28,3030.0,3049.0,3020.0,3036.0,912362,2604600,3034.0
2018-05-29,3038.0,3081.0,3032.0,3076.0,1121916,2594106,3060.0
2018-05-30,3060.0,3077.0,3036.0,3045.0,1677336,2543676,3054.0
2018-05-31,3042.0,3049.0,3002.0,3020.0,1405612,2507872,3021.0
2018-06-01,3026.0,3044.0,3023.0,3029.0,879500,2475800,3032.0
2018-06-04,3034.0,3061.0,3011.0,3042.0,1231834,2453542,3034.0
2018-06-05,3041.0,3049.0,2977.0,3011.0,1299618,2387612,3014.0
2018-06-06,3011.0,3020.0,2998.0,3013.0,663426,2334300,3009.0
2018-06-07,3003.0,3013.0,2972.0,2985.0,884572,2341986,2990.0
2018-06-08,2985.0,2989.0,2856.0,2893.0,1983874,2317866,2920.0
2018-06-11,2899.0,2928.0,2893.0,2906.0,952080,2255406,2908.0
2018-06-12,2904.0,2915.0,2885.0,2910.0,867878,2199870,2904.0
2018-06-13,2910.0,2958.0,2907.0,2940.0,1158428,2152148,2926.0
2018-06-14,2946.0,2961.0,2928.0,2947.0,997870,2097802,2944.0
2018-06-15,2951.0,2979.0,2922.0,2935.0,1419338,2036690,2949.0
2018-06-19,3095.0,3095.0,3013.0,3054.0,2253310,1943588,3057.0
2018-06-20,3055.0,3077.0,3010.0,3044.0,1903010,1889518,3045.0
2018-06-21,3046.0,3055.0,3001.0,3012.0,1145386,1809544,3027.0
2018-06-22,3019.0,3024.0,2936.0,2968.0,1436918,1761910,2975.0
2018-06-25,2974.0,3014.0,2968.0,3004.0,856898,1732400,2993.0
2018-06-26,3002.0,3082.0,2986.0,3058.0,1789930,1784326,3038.0
2018-06-27,3061.0,3146.0,3047.0,3126.0,2367654,1993300,3097.0
2018-06-28,3128.0,3136.0,3091.0,3119.0,1755518,1872034,3117.0
2018-06-29,3122.0,3150.0,3108.0,3140.0,1475800,1836500,3129.0
2018-07-02,3226.0,3258.0,3202.0,3252.0,920306,1936700,3230.0
2018-07-03,3246.0,3256.0,3172.0,3217.0,938136,1952768,3217.0
2018-07-04,3220.0,3241.0,3183.0,3193.0,971818,1936600,3212.0
2018-07-05,3193.0,3205.0,3148.0,3199.0,790520,1913600,3180.0
2018-07-06,3193.0,3229.0,3090.0,3162.0,1905414,1877206,3169.0
2018-07-09,3168.0,3204.0,3144.0,3166.0,866340,1899500,3175.0
2018-07-10,3150.0,3150.0,3106.0,3129.0,917062,1926400,3125.0
2018-07-11,3131.0,3184.0,3120.0,3138.0,1106848,1878030,3145.0
2018-07-12,3141.0,3155.0,3111.0,3118.0,747818,1863500,3134.0
2018-07-13,3119.0,3124.0,3087.0,3089.0,664464,1877700,3104.0
2018-07-16,3087.0,3095.0,3063.0,3088.0,550816,1820600,3080.0
2018-07-17,3085.0,3137.0,3081.0,3126.0,700076,1810274,3116.0
2018-07-18,3126.0,3142.0,3114.0,3115.0,499844,1809700,3126.0
2018-07-19,3119.0,3136.0,3106.0,3135.0,437766,1801600,3123.0
2018-07-20,3140.0,3172.0,3133.0,3157.0,724934,1872000,3155.0
2018-07-23,3158.0,3177.0,3148.0,3154.0,541740,1844400,3162.0
2018-07-24,3155.0,3174.0,3138.0,3159.0,828270,1897874,3154.0
2018-07-25,3164.0,3196.0,3155.0,3180.0,1015312,1981026,3178.0
2018-07-26,3182.0,3207.0,3165.0,3200.0,1038174,1973382,3191.0
2018-07-27,3212.0,3212.0,3173.0,3181.0,787092,1948600,3189.0
2018-07-30,3189.0,3232.0,3183.0,3227.0,1030788,1994178,3213.0
2018-07-31,3232.0,3246.0,3220.0,3228.0,823966,2014316,3232.0
2018-08-01,3240.0,3264.0,3168.0,3181.0,2243784,1982688,3204.0
2018-08-02,3190.0,3204.0,3180.0,3197.0,907108,1918200,3192.0
2018-08-03,3200.0,3209.0,3160.0,3163.0,1258286,1940354,3184.0
2018-08-06,3165.0,3205.0,3153.0,3203.0,1022506,1930268,3182.0
2018-08-07,3202.0,3232.0,3187.0,3224.0,1034678,1964820,3211.0
2018-08-08,3223.0,3302.0,3208.0,3289.0,1881458,2107088,3246.0
2018-08-09,3290.0,3317.0,3271.0,3279.0,1820222,2212776,3292.0
2018-08-10,3280.0,3299.0,3265.0,3279.0,1204398,2232768,3281.0
2018-08-13,3278.0,3292.0,3175.0,3206.0,1692594,2110442,3226.0
2018-08-14,3208.0,3264.0,3196.0,3260.0,1238714,2135920,3241.0
2018-08-15,3274.0,3301.0,3262.0,3292.0,1560430,2196036,3283.0
2018-08-16,3285.0,3304.0,3227.0,3240.0,2437910,2142962,3261.0
2018-08-17,3240.0,3252.0,3219.0,3224.0,1225868,2141960,3236.0
2018-08-20,3227.0,3246.0,3155.0,3183.0,1569454,2029418,3190.0
2018-08-21,3190.0,3190.0,3166.0,3182.0,872858,2012000,3178.0
2018-08-22,3181.0,3227.0,3168.0,3201.0,1250622,1989186,3189.0
2018-08-23,3200.0,3216.0,3110.0,3116.0,2124674,2069168,3165.0
2018-08-24,3110.0,3145.0,3107.0,3128.0,1291452,2003458,3129.0
2018-08-27,3122.0,3142.0,3024.0,3042.0,2310716,1985740,3073.0
2018-08-28,3041.0,3068.0,3036.0,3050.0,1131390,1974506,3052.0
2018-08-29,3052.0,3077.0,3049.0,3067.0,1278066,2027680,3063.0
2018-08-30,3076.0,3119.0,3071.0,3110.0,1580686,2053030,3098.0
2018-08-31,3102.0,3123.0,3082.0,3102.0,1222598,2068572,3100.0
2018-09-03,3103.0,3145.0,3097.0,3132.0,1243258,2104350,3121.0
2018-09-04,3129.0,3138.0,3103.0,3120.0,1104616,2086890,3117.0
2018-09-05,3121.0,3144.0,3112.0,3116.0,1199296,2148868,3126.0
2018-09-06,3110.0,3123.0,3091.0,3120.0,1005120,2161102,3107.0
2018-09-07,3121.0,3137.0,3105.0,3125.0,1443918,2282844,3121.0
2018-09-10,3132.0,3217.0,3118.0,3178.0,2369574,2453370,3168.0
2018-09-11,3184.0,3195.0,3166.0,3187.0,1166432,2416898,3180.0
2018-09-12,3182.0,3203.0,3170.0,3183.0,1646158,2416328,3185.0
2018-09-13,3180.0,3194.0,3077.0,3099.0,2389390,2305102,3123.0
2018-09-14,3107.0,3136.0,3099.0,3120.0,1263198,2253972,3120.0
2018-09-17,3120.0,3172.0,3117.0,3158.0,1199068,2258234,3147.0
2018-09-18,3159.0,3203.0,3152.0,3179.0,1466530,2313430,3177.0
2018-09-19,3178.0,3187.0,3161.0,3177.0,849728,2293900,3174.0
2018-09-20,3181.0,3207.0,3164.0,3173.0,1348150,2274982,3184.0
2018-09-21,3176.0,3203.0,3168.0,3195.0,1043204,2244290,3188.0
2018-09-25,3210.0,3305.0,3210.0,3274.0,1680452,2440722,3264.0
2018-09-26,3284.0,3318.0,3277.0,3292.0,1440310,2523788,3296.0
2018-09-27,3292.0,3335.0,3275.0,3324.0,1068404,2546780,3298.0
2018-09-28,3332.0,3376.0,3306.0,3367.0,1573216,2527708,3345.0
2018-10-08,3420.0,3457.0,3412.0,3449.0,1127932,2572182,3436.0
2018-10-09,3450.0,3528.0,3443.0,3487.0,2264030,2623758,3481.0
2018-10-10,3481.0,3515.0,3463.0,3513.0,1718506,2667158,3485.0
2018-10-11,3504.0,3539.0,3478.0,3497.0,2124362,2674894,3506.0
2018-10-12,3497.0,3520.0,3431.0,3441.0,3036066,2473052,3464.0
2018-10-15,3444.0,3469.0,3407.0,3433.0,2244296,2369964,3438.0
2018-10-16,3432.0,3461.0,3402.0,3425.0,2169196,2248416,3428.0
2018-10-17,3424.0,3449.0,3397.0,3449.0,1858400,2224800,3417.0
2018-10-18,3449.0,3483.0,3421.0,3435.0,1827036,2162754,3450.0
2018-10-19,3431.0,3458.0,3418.0,3440.0,1309668,2206576,3436.0
2018-10-22,3439.0,3439.0,3370.0,3370.0,2364450,2048568,3395.0
2018-10-23,3370.0,3386.0,3359.0,3370.0,1039214,2002558,3374.0
2018-10-24,3370.0,3413.0,3363.0,3412.0,1240896,2030084,3392.0
2018-10-25,3412.0,3424.0,3387.0,3391.0,1450086,1963770,3405.0
2018-10-26,3394.0,3398.0,3368.0,3397.0,1461274,1946934,3383.0
2018-10-29,3397.0,3410.0,3337.0,3349.0,1902240,1922534,3369.0
2018-10-30,3349.0,3353.0,3293.0,3309.0,1583364,1802694,3317.0
2018-10-31,3310.0,3329.0,3304.0,3307.0,896206,1736100,3315.0
2018-11-01,3307.0,3322.0,3235.0,3260.0,1888050,1624698,3268.0
2018-11-02,3262.0,3282.0,3105.0,3105.0,3109848,1434546,3152.0
2018-11-05,3069.0,3150.0,3050.0,3142.0,2140842,1324000,3115.0
2018-11-06,3150.0,3184.0,3149.0,3158.0,1420634,1342028,3168.0
2018-11-07,3160.0,3208.0,3147.0,3198.0,1559148,1331078,3177.0
2018-11-08,3195.0,3207.0,3104.0,3152.0,1701282,1292392,3158.0
2018-11-09,3147.0,3157.0,3120.0,3142.0,1074606,1278676,3139.0
2018-11-12,3142.0,3149.0,3115.0,3138.0,1037394,1263028,3135.0
2018-11-13,3145.0,3156.0,3086.0,3119.0,1085110,1224648,3117.0
2018-11-14,3118.0,3118.0,3058.0,3078.0,914578,1205200,3087.0
2018-11-15,3082.0,3093.0,3034.0,3054.0,1088628,1187150,3061.0
2018-11-16,3050.0,3164.0,3045.0,3158.0,1497636,1176176,3116.0
2018-11-19,3158.0,3160.0,3121.0,3124.0,747900,1151176,3137.0
2018-11-20,3121.0,3152.0,3090.0,3124.0,1238322,1132646,3117.0
2018-11-21,3131.0,3181.0,3102.0,3170.0,1352148,1185116,3147.0
2018-11-22,3168.0,3169.0,3131.0,3154.0,746114,1159160,3148.0
2018-11-23,3156.0,3167.0,3070.0,3116.0,1134578,1101228,3126.0
2018-11-26,3116.0,3121.0,3012.0,3040.0,1209226,1043592,3074.0
2018-11-27,2680.0,2711.0,2641.0,2663.0,673626,1130600,2672.0
2018-11-28,2668.0,2707.0,2665.0,2699.0,328802,1108586,2689.0
2018-11-29,2702.0,2733.0,2698.0,2720.0,445134,1123900,2716.0
2018-11-30,2716.0,2729.0,2703.0,2716.0,322796,1156600,2717.0
2018-12-03,2716.0,2746.0,2675.0,2720.0,854662,1186754,2715.0
2018-12-04,2740.0,2740.0,2654.0,2682.0,979892,1195594,2685.0
2018-12-05,2690.0,2725.0,2680.0,2718.0,807028,1129800,2703.0
2018-12-06,2722.0,2744.0,2709.0,2716.0,747532,1093100,2727.0
2018-12-07,2712.0,2730.0,2692.0,2711.0,818760,1124850,2709.0
2018-12-10,2705.0,2718.0,2666.0,2681.0,881288,1198600,2687.0
2018-12-11,2685.0,2697.0,2666.0,2684.0,791662,1196186,2682.0
2018-12-12,2686.0,2705.0,2661.0,2701.0,858282,1212000,2687.0
2018-12-13,2703.0,2711.0,2684.0,2702.0,837998,1231500,2698.0
2018-12-14,2702.0,2707.0,2630.0,2662.0,1640344,1340982,2660.0
2018-12-17,2665.0,2670.0,2641.0,2652.0,866592,1331400,2658.0
2018-12-18,2650.0,2672.0,2640.0,2668.0,913908,1350440,2657.0
2018-12-19,2672.0,2684.0,2660.0,2674.0,727882,1329938,2672.0
2018-12-20,2676.0,2679.0,2651.0,2663.0,772440,1327000,2666.0
2018-12-21,2670.0,2670.0,2641.0,2649.0,809714,1387900,2655.0
2018-12-24,2647.0,2661.0,2604.0,2623.0,1313078,1509792,2628.0
2018-12-25,2622.0,2641.0,2619.0,2631.0,918434,1488400,2631.0
2018-12-26,2632.0,2641.0,2621.0,2634.0,758264,1470724,2632.0
2018-12-27,2640.0,2652.0,2616.0,2625.0,840352,1505100,2632.0
2018-12-28,2625.0,2633.0,2610.0,2625.0,769232,1486200,2620.0
2019-01-02,2625.0,2649.0,2622.0,2646.0,493862,1482564,2639.0
2019-01-03,2646.0,2664.0,2641.0,2661.0,737256,1475300,2654.0
2019-01-04,2663.0,2703.0,2659.0,2698.0,1152956,1473888,2687.0
2019-01-07,2695.0,2715.0,2685.0,2697.0,1069944,1443010,2698.0
2019-01-08,2707.0,2708.0,2674.0,2677.0,807798,1435100,2688.0
2019-01-09,2679.0,2682.0,2665.0,2674.0,779458,1457700,2674.0
2019-01-10,2674.0,2688.0,2658.0,2670.0,946396,1469400,2673.0
2019-01-11,2669.0,2673.0,2625.0,2628.0,1049460,1549208,2641.0
2019-01-14,2629.0,2633.0,2556.0,2566.0,1632356,1683404,2588.0
2019-01-15,2563.0,2583.0,2555.0,2577.0,919730,1694122,2570.0
2019-01-16,2576.0,2584.0,2524.0,2535.0,1656302,1864480,2545.0
2019-01-17,2537.0,2554.0,2531.0,2538.0,1159214,1959772,2540.0
2019-01-18,2539.0,2567.0,2526.0,2560.0,1473842,1922604,2549.0
2019-01-21,2569.0,2589.0,2556.0,2585.0,1328400,1908048,2572.0
2019-01-22,2585.0,2594.0,2557.0,2580.0,1237308,1910048,2576.0
2019-01-23,2584.0,2594.0,2565.0,2585.0,1150990,1873434,2581.0
2019-01-24,2585.0,2611.0,2579.0,2599.0,1265934,1859338,2593.0
2019-01-25,2596.0,2605.0,2575.0,2586.0,1035412,1831544,2589.0
2019-01-28,2588.0,2597.0,2578.0,2582.0,809362,1823200,2587.0
2019-01-29,2582.0,2587.0,2538.0,2560.0,1203676,1819752,2561.0
2019-01-30,2561.0,2565.0,2547.0,2552.0,667690,1802700,2555.0
2019-01-31,2555.0,2591.0,2554.0,2589.0,985564,1725146,2570.0
2019-02-01,2590.0,2629.0,2575.0,2586.0,1385528,1658070,2598.0
2019-02-11,2576.0,2610.0,2559.0,2602.0,943738,1703500,2589.0
2019-02-12,2597.0,2623.0,2594.0,2616.0,1176262,1787732,2608.0
2019-02-13,2616.0,2624.0,2591.0,2620.0,1191278,1753602,2610.0
2019-02-14,2614.0,2635.0,2597.0,2605.0,1269320,1761050,2612.0
2019-02-15,2605.0,2607.0,2572.0,2581.0,1066016,1742712,2588.0
2019-02-18,2583.0,2602.0,2567.0,2574.0,1030752,1759244,2581.0
2019-02-19,2575.0,2587.0,2569.0,2576.0,799778,1806300,2578.0
2019-02-20,2572.0,2575.0,2515.0,2531.0,1970878,1968658,2541.0
2019-02-21,2528.0,2546.0,2524.0,2535.0,1032460,1991298,2534.0
2019-02-22,2544.0,2559.0,2538.0,2546.0,1033030,1981066,2545.0
2019-02-25,2517.0,2552.0,2506.0,2522.0,1440726,2048370,2526.0
2019-02-26,2528.0,2544.0,2515.0,2525.0,1280230,2042172,2528.0
2019-02-27,2523.0,2524.0,2477.0,2480.0,1838758,2226784,2496.0
2019-02-28,2480.0,2491.0,2467.0,2486.0,1252956,2239822,2482.0
2019-03-01,2480.0,2530.0,2480.0,2512.0,3017588,2234236,2507.0
2019-03-04,2518.0,2521.0,2474.0,2474.0,1962372,2322642,2491.0
2019-03-05,2475.0,2502.0,2472.0,2484.0,1565600,2304092,2488.0
2019-03-06,2488.0,2509.0,2481.0,2507.0,1530626,2236588,2494.0
2019-03-07,2507.0,2528.0,2498.0,2525.0,1868900,2112204,2514.0
2019-03-08,2530.0,2531.0,2506.0,2522.0,1707440,2019688,2521.0
2019-03-11,2522.0,2541.0,2508.0,2524.0,1598650,1996190,2525.0
2019-03-12,2523.0,2532.0,2502.0,2510.0,1349672,1950846,2514.0
2019-03-13,2510.0,2535.0,2508.0,2534.0,1127098,1909734,2524.0
2019-03-14,2526.0,2583.0,2518.0,2566.0,2375316,1758532,2553.0
2019-03-15,2561.0,2577.0,2551.0,2566.0,1394024,1685408,2565.0
2019-03-18,2566.0,2578.0,2541.0,2550.0,1313116,1650784,2559.0
2019-03-19,2552.0,2566.0,2531.0,2539.0,1186084,1639760,2552.0
2019-03-20,2545.0,2545.0,2525.0,2536.0,903132,1638932,2535.0
2019-03-21,2537.0,2547.0,2530.0,2540.0,798286,1601500,2537.0
2019-03-22,2542.0,2563.0,2531.0,2556.0,1125378,1565358,2548.0
2019-03-25,2553.0,2567.0,2546.0,2555.0,835754,1521800,2555.0
2019-03-26,2556.0,2570.0,2552.0,2557.0,784788,1478950,2561.0
2019-03-27,2558.0,2564.0,2546.0,2556.0,799826,1443800,2556.0
2019-03-28,2555.0,2555.0,2499.0,2504.0,1370752,1391580,2526.0
2019-03-29,2575.0,2587.0,2569.0,2572.0,570384,1477400,2579.0
2019-04-01,2577.0,2590.0,2568.0,2584.0,578362,1537900,2581.0
2019-04-02,2585.0,2642.0,2585.0,2634.0,1252906,1591412,2620.0
2019-04-03,2628.0,2653.0,2617.0,2634.0,1188004,1691460,2635.0
2019-04-04,2635.0,2644.0,2619.0,2641.0,1143686,1743354,2633.0
2019-04-08,2633.0,2661.0,2625.0,2639.0,1211372,1791770,2645.0
2019-04-09,2636.0,2645.0,2612.0,2621.0,1385814,1830150,2625.0
2019-04-10,2623.0,2629.0,2616.0,2621.0,865260,1881094,2621.0
2019-04-11,2619.0,2637.0,2615.0,2628.0,1226324,1919362,2626.0
2019-04-12,2624.0,2626.0,2595.0,2601.0,1623500,2010000,2607.0
2019-04-15,2604.0,2635.0,2601.0,2632.0,1646362,2094176,2619.0
2019-04-16,2635.0,2653.0,2626.0,2635.0,1757218,2106508,2636.0
2019-04-17,2633.0,2639.0,2607.0,2614.0,1535220,2150254,2621.0
2019-04-18,2611.0,2617.0,2589.0,2608.0,1470778,2237236,2602.0
2019-04-19,2608.0,2621.0,2603.0,2611.0,1083162,2199140,2612.0
2019-04-23,2610.0,2618.0,2607.0,2612.0,1052896,2222684,2612.0
2019-04-24,2612.0,2616.0,2590.0,2602.0,1426352,2199584,2602.0
2019-04-25,2601.0,2608.0,2563.0,2567.0,2240324,2388836,2587.0
2019-04-26,2566.0,2574.0,2555.0,2560.0,1452206,2359448,2564.0
2019-04-29,2564.0,2575.0,2562.0,2566.0,987284,2313502,2568.0
2019-04-30,2569.0,2575.0,2537.0,2569.0,1570472,2180304,2555.0
2019-05-06,2581.0,2618.0,2577.0,2585.0,1816862,2003338,2592.0
2019-05-07,2581.0,2615.0,2581.0,2600.0,1940376,1930194,2598.0
2019-05-08,2602.0,2613.0,2594.0,2608.0,1219368,1971864,2605.0
2019-05-09,2615.0,2706.0,2614.0,2690.0,4216526,2064162,2657.0
2019-05-10,2695.0,2716.0,2633.0,2658.0,4480698,2022882,2670.0
2019-05-13,2660.0,2686.0,2647.0,2659.0,261851,2164314,2662.0
2019-05-14,2666.0,2694.0,2646.0,2667.0,256899,2226910,2667.0
2019-05-15,2674.0,2695.0,2666.0,2695.0,183382,2265302,2680.0
2019-05-16,2705.0,2747.0,2700.0,2726.0,3345414,2299498,2726.0
2019-05-17,2730.0,2751.0,2715.0,2719.0,2115538,2316344,2732.0
2019-05-20,2723.0,2745.0,2712.0,2742.0,1859848,2358778,2732.0
2019-05-21,2751.0,2805.0,2739.0,2786.0,2957462,2405134,2775.0
2019-05-22,2791.0,2812.0,2747.0,2775.0,2799768,2375962,2782.0
2019-05-23,2779.0,2803.0,2762.0,2771.0,2408956,2354012,2786.0
2019-05-24,2769.0,2780.0,2747.0,2770.0,1628752,2301650,2766.0
2019-05-27,2779.0,2846.0,2772.0,2827.0,2810430,2372744,2807.0
2019-05-28,2832.0,2868.0,2815.0,2867.0,2340802,2378384,2841.0
2019-05-29,2866.0,2954.0,2844.0,2954.0,3006178,2431484,2910.0
2019-05-30,2969.0,2985.0,2870.0,2902.0,4563346,2149738,2925.0
2019-05-31,2928.0,2940.0,2898.0,2923.0,2938008,2164612,2921.0
2019-06-03,2915.0,2961.0,2884.0,2959.0,3373218,2155176,2921.0
2019-06-04,2950.0,3031.0,2943.0,2982.0,5341568,2159728,2990.0
2019-06-05,2979.0,3002.0,2947.0,2954.0,3232110,2201750,2976.0
2019-06-06,2953.0,2958.0,2867.0,2874.0,3975558,1991974,2906.0
2019-06-10,2850.0,2875.0,2823.0,2864.0,1712854,2004304,2855.0
2019-06-11,2865.0,2893.0,2849.0,2868.0,2231398,1981676,2871.0
2019-06-12,2873.0,2886.0,2841.0,2863.0,2583168,1958564,2864.0
2019-06-13,2878.0,2952.0,2874.0,2917.0,3825140,1976798,2918.0
2019-06-14,2918.0,2930.0,2900.0,2909.0,1829892,1928520,2914.0
2019-06-17,2924.0,2981.0,2913.0,2973.0,2765488,1961028,2950.0
2019-06-18,2975.0,2980.0,2923.0,2939.0,2243656,1932496,2947.0
2019-06-19,2936.0,2947.0,2840.0,2884.0,3033902,1927430,2886.0
2019-06-20,2879.0,2898.0,2859.0,2873.0,1893994,1882868,2877.0
2019-06-21,2890.0,2924.0,2875.0,2880.0,2547300,1842588,2896.0
2019-06-24,2875.0,2929.0,2860.0,2912.0,2567420,1912862,2896.0
2019-06-25,2920.0,2930.0,2892.0,2906.0,2072900,1886594,2908.0
2019-06-26,2905.0,2926.0,2861.0,2887.0,1963832,1868326,2890.0
2019-06-27,2888.0,2905.0,2870.0,2880.0,1734606,1851938,2884.0
2019-06-28,2882.0,2908.0,2855.0,2897.0,1969230,1841496,2884.0
2019-07-01,2901.0,2950.0,2810.0,2865.0,3404356,1817364,2882.0
2019-07-02,2869.0,2877.0,2815.0,2822.0,2083626,1839214,2843.0
2019-07-03,2820.0,2826.0,2794.0,2818.0,1664490,1814266,2811.0
2019-07-04,2830.0,2834.0,2785.0,2804.0,1524490,1800674,2812.0
2019-07-05,2810.0,2814.0,2792.0,2804.0,1024530,1782004,2803.0
2019-07-08,2804.0,2810.0,2771.0,2772.0,1553194,1710442,2784.0
2019-07-09,2767.0,2771.0,2716.0,2759.0,2141798,1793678,2741.0
2019-07-10,2753.0,2781.0,2747.0,2779.0,1580916,1727858,2764.0
2019-07-11,2788.0,2803.0,2768.0,2789.0,1710938,1640844,2788.0
2019-07-12,2789.0,2818.0,2777.0,2808.0,1462464,1611758,2795.0
2019-07-15,2810.0,2874.0,2808.0,2861.0,1973242,1611530,2845.0
2019-07-16,2851.0,2851.0,2799.0,2813.0,1597376,1582776,2822.0
2019-07-17,2800.0,2840.0,2794.0,2828.0,1647962,1558084,2822.0
2019-07-18,2840.0,2865.0,2824.0,2832.0,2063080,1496594,2844.0
2019-07-19,2827.0,2847.0,2809.0,2840.0,1578836,1450354,2830.0
2019-07-22,2852.0,2853.0,2785.0,2797.0,2070082,1425822,2810.0
2019-07-23,2801.0,2815.0,2800.0,2814.0,1140988,1392298,2807.0
2019-07-24,2805.0,2806.0,2769.0,2799.0,1584798,1357884,2789.0
2019-07-25,2805.0,2818.0,2786.0,2810.0,1173604,1341412,2805.0
2019-07-26,2810.0,2812.0,2764.0,2784.0,1606230,1272360,2782.0
2019-07-29,2780.0,2797.0,2769.0,2770.0,976022,1264348,2779.0
2019-07-30,2776.0,2806.0,2772.0,2789.0,1099564,1192940,2787.0
2019-07-31,2785.0,2809.0,2781.0,2799.0,1098276,1176334,2794.0
2019-08-01,2801.0,2807.0,2770.0,2773.0,1017816,1138234,2783.0
2019-08-02,2773.0,2847.0,2746.0,2819.0,2175342,1021424,2806.0
2019-08-05,2822.0,2891.0,2817.0,2864.0,1848702,990670,2847.0
2019-08-06,2864.0,2906.0,2855.0,2860.0,1325566,960634,2876.0
2019-08-07,2863.0,2890.0,2863.0,2887.0,953822,896934,2876.0
2019-08-08,2884.0,2897.0,2875.0,2883.0,728612,802306,2883.0
2019-08-09,2878.0,2915.0,2871.0,2899.0,1558076,1519590,2897.0
2019-08-12,2903.0,2909.0,2866.0,2884.0,1399202,1519108,2886.0
2019-08-13,2885.0,2964.0,2866.0,2940.0,2580020,1730994,2925.0
2019-08-14,2935.0,2947.0,2823.0,2889.0,3130608,1714870,2890.0
2019-08-15,2891.0,2895.0,2861.0,2867.0,1355676,1727826,2876.0
2019-08-16,2880.0,2897.0,2848.0,2861.0,1382618,1746470,2868.0
2019-08-19,2864.0,2880.0,2857.0,2877.0,1006408,1724626,2869.0
2019-08-20,2874.0,2892.0,2861.0,2887.0,1264454,1798278,2876.0
2019-08-21,2890.0,2906.0,2875.0,2898.0,1321862,1839938,2890.0
2019-08-22,2901.0,2935.0,2896.0,2934.0,1419784,1917780,2915.0
2019-08-23,2937.0,2969.0,2925.0,2958.0,2087998,2069268,2945.0
2019-08-26,2980.0,3018.0,2932.0,2977.0,2858474,2232798,2977.0
2019-08-27,2965.0,2972.0,2915.0,2935.0,1930292,2163334,2952.0
2019-08-28,2933.0,2969.0,2932.0,2957.0,1468420,2234978,2953.0
2019-08-29,2960.0,2996.0,2943.0,2987.0,1767838,2264230,2975.0
2019-08-30,2970.0,2970.0,2932.0,2935.0,1524400,2193106,2953.0
2019-09-02,2939.0,3004.0,2939.0,2974.0,2216534,2203466,2977.0
2019-09-03,2980.0,3004.0,2974.0,2995.0,1530246,2266426,2989.0
2019-09-04,2992.0,3016.0,2970.0,2973.0,1974480,2286138,2990.0
2019-09-05,2978.0,2983.0,2917.0,2928.0,2190274,2255344,2949.0
2019-09-06,2933.0,2938.0,2870.0,2885.0,2374230,2197102,2898.0
2019-09-09,2888.0,2903.0,2848.0,2851.0,1987542,2092306,2873.0
2019-09-10,2855.0,2876.0,2854.0,2867.0,1053786,2103040,2865.0
2019-09-11,2872.0,2882.0,2837.0,2840.0,1745088,2072396,2859.0
2019-09-12,2840.0,2865.0,2812.0,2858.0,1537774,1927166,2841.0
2019-09-16,2822.0,2852.0,2810.0,2845.0,911088,1930424,2841.0
2019-09-17,2845.0,2863.0,2838.0,2859.0,1227306,1937894,2852.0
2019-09-18,2859.0,2870.0,2849.0,2863.0,1064228,1926274,2859.0
2019-09-19,2862.0,2880.0,2852.0,2862.0,1353722,1929498,2865.0
2019-09-20,2865.0,2872.0,2839.0,2863.0,1271152,1913452,2859.0
2019-09-23,2865.0,2893.0,2853.0,2862.0,1539134,1855956,2870.0
2019-09-24,2852.0,2861.0,2837.0,2845.0,1194036,1871788,2848.0
2019-09-25,2848.0,2882.0,2844.0,2880.0,1757496,1734332,2865.0
2019-09-26,2877.0,2881.0,2854.0,2860.0,1085302,1683184,2865.0
2019-09-27,2865.0,2870.0,2841.0,2849.0,1007482,1656532,2853.0
2019-09-30,2850.0,2886.0,2845.0,2880.0,973664,1601380,2871.0
2019-10-08,2930.0,2945.0,2903.0,2910.0,1357512,1749104,2925.0
2019-10-09,2910.0,2960.0,2910.0,2959.0,1741554,2012548,2942.0
2019-10-10,2959.0,2964.0,2939.0,2957.0,1438582,1998854,2951.0
2019-10-11,2960.0,2998.0,2948.0,2989.0,1862894,2153052,2974.0
2019-10-14,2983.0,2988.0,2955.0,2969.0,2055550,2095194,2968.0
2019-10-15,2968.0,2991.0,2962.0,2973.0,1527184,2141400,2975.0
2019-10-16,2969.0,3003.0,2963.0,2970.0,1665760,2168038,2976.0
2019-10-17,2972.0,2976.0,2953.0,2968.0,1233558,2164972,2966.0
2019-10-18,2969.0,3019.0,2968.0,2986.0,2644642,2234162,2992.0
2019-10-21,2985.0,3078.0,2981.0,3078.0,3218438,2441688,3036.0
2019-10-22,3086.0,3086.0,3037.0,3059.0,2567154,2461088,3060.0
2019-10-23,3057.0,3065.0,3040.0,3052.0,2025944,2420526,3051.0
2019-10-24,3047.0,3063.0,3024.0,3047.0,2140276,2396534,3046.0
2019-10-25,3046.0,3057.0,3031.0,3046.0,1598928,2344480,3046.0
2019-10-28,3045.0,3046.0,2978.0,2982.0,2420174,2138512,3005.0
2019-10-29,2986.0,2995.0,2975.0,2988.0,1205380,2063174,2986.0
2019-10-30,2985.0,3011.0,2983.0,2989.0,1414560,2052146,2996.0
2019-10-31,2988.0,3007.0,2955.0,2956.0,1807500,1967438,2982.0
2019-11-01,2959.0,2971.0,2938.0,2968.0,1679610,1893170,2954.0
2019-11-04,2969.0,2980.0,2960.0,2969.0,1130776,1846020,2969.0
2019-11-05,2972.0,2983.0,2954.0,2963.0,1269186,1815524,2967.0
2019-11-06,2960.0,2967.0,2912.0,2921.0,1744982,1776994,2935.0
2019-11-07,2928.0,2940.0,2908.0,2935.0,1284392,1738958,2928.0
2019-11-08,2930.0,2954.0,2916.0,2933.0,1584340,1712352,2936.0
2019-11-11,2933.0,2936.0,2887.0,2891.0,1533198,1611950,2905.0
2019-11-12,2891.0,2896.0,2852.0,2877.0,1549630,1539540,2872.0
2019-11-13,2881.0,2894.0,2873.0,2887.0,993868,1454510,2884.0
2019-11-14,2885.0,2898.0,2868.0,2877.0,959950,1412494,2882.0
2019-11-15,2879.0,2889.0,2843.0,2873.0,1335880,1340564,2864.0
2019-11-18,2882.0,2920.0,2875.0,2889.0,1396588,1337466,2895.0
2019-11-19,2887.0,2903.0,2875.0,2888.0,939638,1324382,2890.0
2019-11-20,2890.0,2904.0,2876.0,2884.0,1030052,1309138,2889.0
2019-11-21,2881.0,2897.0,2869.0,2886.0,1157212,1226386,2882.0
2019-11-22,2885.0,2890.0,2863.0,2870.0,665264,1197556,2875.0
2019-11-25,2873.0,2891.0,2855.0,2878.0,1127544,1166012,2875.0
2019-11-26,2879.0,2906.0,2868.0,2880.0,1014270,1126596,2886.0
2019-11-27,2761.0,2772.0,2735.0,2748.0,1190632,2686050,2751.0
2019-11-28,2750.0,2757.0,2743.0,2754.0,832506,2688338,2751.0
2019-11-29,2754.0,2774.0,2731.0,2769.0,2040666,2660752,2754.0
2019-12-02,2774.0,2775.0,2736.0,2743.0,1564796,2761210,2750.0
2019-12-03,2743.0,2761.0,2735.0,2753.0,1720320,2766230,2747.0
2019-12-04,2765.0,2768.0,2736.0,2740.0,1552626,2835992,2747.0
2019-12-05,2739.0,2757.0,2702.0,2755.0,2929616,2741404,2730.0
2019-12-06,2754.0,2781.0,2743.0,2749.0,2578398,2801292,2761.0
2019-12-09,2753.0,2785.0,2750.0,2776.0,2061708,2858034,2770.0
2019-12-10,2779.0,2788.0,2756.0,2772.0,2057526,2998832,0.0
2019-12-11,2772.0,2795.0,2767.0,2783.0,2076736,3044352,2783.0
2019-12-12,2783.0,2790.0,2762.0,2764.0,1653056,3120878,2774.0
2019-12-13,2761.0,2765.0,2724.0,2741.0,2785492,3215254,2743.0
2019-12-16,2742.0,2760.0,2739.0,2758.0,1915302,3115482,2750.0
2019-12-17,2758.0,2767.0,2748.0,2754.0,1282150,3117236,2755.0
2019-12-18,2754.0,2772.0,2750.0,2763.0,1438894,3101318,2761.0
2019-12-19,2765.0,2768.0,2737.0,2741.0,1645620,3228350,2752.0
2019-12-20,2743.0,2752.0,2733.0,2737.0,1417700,3238648,2741.0
2019-12-23,2735.0,2760.0,2726.0,2752.0,1668664,3177702,0.0
2019-12-24,2757.0,2768.0,2749.0,2752.0,1394946,3183538,2757.0
2019-12-25,2750.0,2754.0,2736.0,2742.0,1105732,3247966,2743.0
2019-12-26,2740.0,2745.0,2725.0,2736.0,1221704,3302810,2734.0
2019-12-27,2737.0,2743.0,2731.0,2735.0,1053736,3304670,0.0
2019-12-30,2737.0,2776.0,2733.0,2775.0,2871306,3362554,2755.0
2019-12-31,2777.0,2790.0,2766.0,2772.0,2045226,3385712,2773.0
2020-01-02,2780.0,2786.0,2766.0,2771.0,631920,1675405,2774.0
2020-01-03,2772.0,2785.0,2760.0,2761.0,851662,1647024,2774.0
2020-01-06,2757.0,2762.0,2728.0,2739.0,1002411,1656826,2744.0
2020-01-07,2738.0,2748.0,2736.0,2743.0,565047,1649835,2743.0
2020-01-08,2739.0,2742.0,2714.0,2727.0,1141167,1735101,2729.0
2020-01-09,2729.0,2735.0,2705.0,2716.0,927967,1772733,2717.0
2020-01-10,2719.0,2723.0,2666.0,2666.0,1353066,1737115,2692.0
2020-01-13,2667.0,2682.0,2651.0,2655.0,1023036,1736526,0.0
2020-01-14,2654.0,2673.0,2651.0,2659.0,802524,1719175,2659.0
2020-01-15,2663.0,2696.0,2663.0,2693.0,1031707,1646279,2677.0
2020-01-16,2693.0,2693.0,2670.0,2689.0,716186,1613541,2682.0
2020-01-17,2688.0,2690.0,2661.0,2682.0,702051,1568866,2676.0
2020-01-20,2682.0,2692.0,2671.0,2681.0,463085,1547597,2682.0
2020-01-21,2681.0,2718.0,2677.0,2710.0,900312,1471881,2695.0
2020-01-22,2707.0,2708.0,2662.0,2678.0,741132,1430932,2679.0
2020-01-23,2679.0,2682.0,2635.0,2640.0,698419,1422529,2660.0
2020-02-03,2573.0,2596.0,2527.0,2580.0,820984,1308336,2570.0
2020-02-04,2589.0,2653.0,2588.0,2649.0,764551,1319989,2628.0
2020-02-05,2644.0,2654.0,2626.0,2635.0,496707,1324471,0.0
2020-02-06,2635.0,2643.0,2616.0,2637.0,534013,1335042,0.0
2020-02-07,2641.0,2648.0,2630.0,2634.0,295453,1332845,0.0
2020-02-10,2645.0,2663.0,2640.0,2656.0,573886,1316645,0.0
2020-02-11,2665.0,2667.0,2644.0,2657.0,455725,1299023,2653.0
2020-02-12,2658.0,2664.0,2637.0,2641.0,481921,1313785,2650.0
2020-02-13,2644.0,2688.0,2643.0,2684.0,877635,1319850,0.0
2020-02-14,2687.0,2689.0,2657.0,2668.0,603097,1305205,2671.0
2020-02-17,2668.0,2687.0,2666.0,2681.0,397919,1305890,2678.0
2020-02-18,2680.0,2681.0,2648.0,2656.0,559946,1322903,0.0
2020-02-19,2658.0,2666.0,2645.0,2660.0,414002,1318124,0.0
2020-02-20,2664.0,2674.0,2658.0,2664.0,465812,1305986,0.0
2020-02-21,2664.0,2682.0,2659.0,2661.0,465240,1297902,0.0
2020-02-24,2650.0,2654.0,2616.0,2619.0,595165,1322428,2632.0
2020-02-25,2607.0,2637.0,2598.0,2636.0,435269,1288354,0.0
2020-02-26,2631.0,2642.0,2623.0,2638.0,396002,1258035,0.0
2020-02-27,2643.0,2668.0,2642.0,2646.0,578382,1237590,0.0
2020-02-28,2664.0,2672.0,2614.0,2616.0,955652,1183082,0.0
2020-03-02,2634.0,2735.0,2631.0,2719.0,1480708,1266923,0.0
2020-03-03,2731.0,2749.0,2711.0,2730.0,871715,1242216,0.0
2020-03-04,2734.0,2745.0,2710.0,2718.0,632886,1188971,0.0
2020-03-05,2711.0,2736.0,2703.0,2724.0,565370,1180389,0.0
2020-03-06,2703.0,2720.0,2693.0,2717.0,588588,1168100,0.0
2020-03-09,2631.0,2698.0,2631.0,2669.0,1054330,1059176,0.0
2020-03-10,2679.0,2695.0,2673.0,2693.0,529894,1019598,2685.0
2020-03-11,2695.0,2708.0,2678.0,2681.0,474423,1004114,0.0
2020-03-12,2720.0,2736.0,2705.0,2721.0,626266,1421199,0.0
2020-03-13,2714.0,2763.0,2711.0,2758.0,1127417,1409523,0.0
2020-03-16,2740.0,2809.0,2738.0,2749.0,1447910,1444079,0.0
2020-03-17,2740.0,2785.0,2732.0,2770.0,1141677,1426770,0.0
2020-03-18,2770.0,2785.0,2750.0,2753.0,1029677,1454120,2767.0
2020-03-19,2763.0,2773.0,2707.0,2732.0,1322206,1442757,0.0
2020-03-20,2800.0,2825.0,2777.0,2817.0,1458742,1425635,0.0
2020-03-23,2866.0,2915.0,2856.0,2915.0,1080772,1449492,0.0
2020-03-24,2935.0,2940.0,2892.0,2920.0,1577682,1498490,0.0
2020-03-25,2925.0,2982.0,2915.0,2965.0,1380720,1579994,0.0
2020-03-26,2930.0,2938.0,2881.0,2892.0,1430103,1610546,0.0
2020-03-27,2916.0,2947.0,2910.0,2928.0,1548461,1619639,0.0
2020-03-30,2955.0,3011.0,2948.0,2950.0,1495203,1714593,0.0
2020-03-31,2950.0,2956.0,2920.0,2940.0,1239161,1726368,0.0
2020-04-01,2939.0,2945.0,2839.0,2862.0,2167632,1689083,0.0
2020-04-02,2845.0,2858.0,2827.0,2848.0,1250565,1709988,0.0
2020-04-03,2830.0,2837.0,2799.0,2805.0,1319311,1683612,0.0
2020-04-07,2795.0,2824.0,2789.0,2807.0,910794,1710124,0.0
2020-04-08,2797.0,2827.0,2786.0,2821.0,895801,1761469,0.0
2020-04-09,2825.0,2839.0,2810.0,2822.0,937610,1780326,0.0
2020-04-10,2830.0,2846.0,2821.0,2826.0,795853,1742918,0.0
2020-04-13,2836.0,2851.0,2800.0,2804.0,960286,1785604,0.0
2020-04-14,2791.0,2810.0,2778.0,2808.0,933641,1789187,0.0
2020-04-15,2808.0,2820.0,2796.0,2811.0,848175,1831110,0.0
2020-04-16,2812.0,2816.0,2756.0,2760.0,1177591,1842453,0.0
2020-04-17,2763.0,2778.0,2755.0,2771.0,704905,1819261,0.0
2020-04-20,2760.0,2768.0,2730.0,2735.0,813329,1773244,0.0
2020-04-21,2721.0,2737.0,2713.0,2731.0,848039,1728233,0.0
2020-04-22,2748.0,2766.0,2736.0,2762.0,895897,1729515,0.0
2020-04-23,2762.0,2777.0,2753.0,2775.0,712264,1730075,0.0
2020-04-24,2770.0,2773.0,2751.0,2760.0,617821,1734845,0.0
2020-04-27,2750.0,2784.0,2739.0,2781.0,851558,1756077,0.0
2020-04-28,2774.0,2777.0,2728.0,2730.0,837191,1769962,0.0
2020-04-29,2721.0,2733.0,2715.0,2719.0,650995,1797945,0.0
2020-04-30,2730.0,2735.0,2718.0,2729.0,591338,1759413,0.0
2020-05-06,2740.0,2758.0,2734.0,2758.0,637393,1726974,0.0
2020-05-07,2757.0,2765.0,2744.0,2747.0,587442,1741742,0.0
2020-05-08,2750.0,2767.0,2745.0,2750.0,955506,1748903,0.0
2020-05-11,2755.0,2775.0,2730.0,2735.0,1001027,1749580,0.0
2020-05-12,2740.0,2747.0,2718.0,2738.0,808194,1754643,0.0
2020-05-13,2741.0,2748.0,2716.0,2727.0,849535,1762633,0.0
2020-05-14,2732.0,2734.0,2689.0,2697.0,1080190,1801977,0.0
2020-05-15,2700.0,2711.0,2695.0,2702.0,560501,1768817,0.0
2020-05-18,2701.0,2750.0,2700.0,2748.0,1116289,1690754,0.0
2020-05-19,2745.0,2747.0,2726.0,2738.0,647890,1685962,0.0
2020-05-20,2742.0,2761.0,2728.0,2757.0,769584,1674615,0.0
2020-05-21,2765.0,2765.0,2732.0,2742.0,710718,1656180,0.0
2020-05-22,2743.0,2773.0,2730.0,2754.0,1108961,1588520,0.0
2020-05-25,2758.0,2795.0,2755.0,2788.0,1436889,1620267,0.0
2020-05-26,2789.0,2795.0,2768.0,2789.0,787526,1605437,0.0
2020-05-27,2790.0,2832.0,2780.0,2818.0,1359964,1639237,0.0
2020-05-28,2823.0,2841.0,2792.0,2793.0,1140012,1596727,0.0
2020-05-29,2790.0,2808.0,2771.0,2804.0,996520,1550828,0.0
2020-06-01,2799.0,2831.0,2776.0,2789.0,1301383,1563333,0.0
2020-06-02,2805.0,2815.0,2778.0,2787.0,1003294,1590135,0.0
2020-06-03,2790.0,2810.0,2783.0,2801.0,713431,1571366,0.0
2020-06-04,2805.0,2849.0,2798.0,2833.0,1215149,1626551,0.0
2020-06-05,2836.0,2868.0,2831.0,2842.0,1128270,1586044,0.0
2020-06-08,2845.0,2847.0,2808.0,2809.0,1124703,1539433,0.0
2020-06-09,2813.0,2823.0,2797.0,2815.0,806574,1520200,0.0
2020-06-10,2810.0,2820.0,2801.0,2818.0,723782,1529887,0.0
2020-06-11,2821.0,2836.0,2788.0,2801.0,1195868,1494560,0.0
2020-06-12,2805.0,2836.0,2799.0,2832.0,1155086,1449079,0.0
2020-06-15,2832.0,2843.0,2801.0,2802.0,1174200,1429802,0.0
2020-06-16,2806.0,2838.0,2803.0,2835.0,795816,1411359,0.0
2020-06-17,2836.0,2836.0,2803.0,2815.0,828474,1401718,0.0
2020-06-18,2813.0,2824.0,2802.0,2816.0,673607,1374676,0.0
2020-06-19,2820.0,2821.0,2802.0,2811.0,706931,1359717,0.0
2020-06-22,2815.0,2837.0,2814.0,2823.0,950205,1300275,0.0
2020-06-23,2825.0,2861.0,2810.0,2810.0,1542165,1276200,0.0
2020-06-24,2815.0,2822.0,2807.0,2818.0,504909,1232521,0.0
2020-06-29,2810.0,2811.0,2791.0,2805.0,620453,1251411,0.0
2020-06-30,2810.0,2823.0,2805.0,2813.0,549057,1223572,0.0
2020-07-01,2818.0,2889.0,2816.0,2882.0,1440687,1294024,0.0
2020-07-02,2886.0,2909.0,2876.0,2898.0,1078842,1279561,0.0
2020-07-03,2901.0,2909.0,2888.0,2906.0,703761,1277844,0.0
2020-07-06,2905.0,2933.0,2894.0,2927.0,1125887,1251115,0.0
2020-07-07,2929.0,2939.0,2908.0,2910.0,937045,1225703,0.0
2020-07-08,2906.0,2920.0,2886.0,2897.0,827578,1191387,0.0
2020-07-09,2900.0,2912.0,2894.0,2905.0,727399,1193662,0.0
2020-07-10,2913.0,2933.0,2906.0,2919.0,882143,1181811,0.0
2020-07-13,2921.0,2928.0,2868.0,2875.0,1068557,1130592,0.0
2020-07-14,2873.0,2881.0,2855.0,2866.0,754280,1101578,0.0
2020-07-15,2868.0,2879.0,2861.0,2878.0,614277,1092567,0.0
2020-07-16,2875.0,2903.0,2867.0,2895.0,881138,1059072,0.0
2020-07-17,2899.0,2909.0,2886.0,2901.0,613905,1035925,0.0
2020-07-20,2901.0,2922.0,2886.0,2920.0,918183,1019350,2906.0
2020-07-21,2919.0,2959.0,2904.0,2911.0,1240403,1001038,2937.0
2020-07-22,2915.0,2930.0,2906.0,2928.0,707007,996719,2916.0
2020-07-23,2940.0,2966.0,2925.0,2957.0,1146701,979254,2946.0
2020-07-24,2955.0,3005.0,2949.0,3000.0,1303169,948099,2973.0
2020-07-27,3004.0,3057.0,2981.0,3020.0,1771305,951215,3020.0
2020-07-28,3032.0,3045.0,2926.0,2929.0,1496464,887362,2979.0
2020-07-29,2934.0,2947.0,2922.0,2927.0,741732,850243,2932.0
2020-07-30,2924.0,2932.0,2894.0,2905.0,788694,798869,2914.0
2020-07-31,2901.0,2923.0,2882.0,2920.0,636187,744798,2909.0
2020-08-03,2921.0,2935.0,2907.0,2927.0,636129,724217,2920.0
2020-08-04,2926.0,2943.0,2904.0,2907.0,452228,698858,2920.0
2020-08-05,2926.0,2929.0,2884.0,2888.0,830226,1232530,2901.0
2020-08-06,2888.0,2893.0,2860.0,2873.0,802493,1252247,2874.0
2020-08-07,2875.0,2886.0,2862.0,2872.0,706578,1271824,2874.0
2020-08-10,2872.0,2882.0,2839.0,2862.0,774654,1260417,2858.0
2020-08-11,2860.0,2878.0,2849.0,2851.0,618671,1272912,2861.0
2020-08-12,2859.0,2860.0,2843.0,2853.0,481922,1279785,2851.0
2020-08-13,2853.0,2891.0,2831.0,2881.0,1195372,1301134,2866.0
2020-08-14,2891.0,2917.0,2885.0,2895.0,963009,1305283,2899.0
2020-08-17,2890.0,2913.0,2884.0,2908.0,865757,1329525,2899.0
2020-08-18,2910.0,2937.0,2908.0,2916.0,822376,1356705,2920.0
2020-08-19,2919.0,2920.0,2885.0,2901.0,801690,1383574,2899.0
2020-08-20,2905.0,2922.0,2895.0,2901.0,709740,1383254,2907.0
2020-08-21,2895.0,2897.0,2863.0,2885.0,797082,1361180,2879.0
2020-08-24,2880.0,2893.0,2864.0,2886.0,570029,1349692,2881.0
2020-08-25,2898.0,2928.0,2891.0,2919.0,845405,1365223,2914.0
2020-08-26,2922.0,2949.0,2914.0,2934.0,752813,1396850,2933.0
2020-08-27,2934.0,2935.0,2911.0,2921.0,643705,1383979,2922.0
2020-08-28,2942.0,2955.0,2932.0,2937.0,983660,1406192,2944.0
2020-08-31,2945.0,2993.0,2937.0,2981.0,903184,1400443,2972.0
2020-09-01,2976.0,2980.0,2923.0,2942.0,879446,1366854,2946.0
2020-09-02,2937.0,2952.0,2932.0,2940.0,455343,1383543,2941.0
2020-09-03,2938.0,2959.0,2925.0,2933.0,773760,1357088,2942.0
2020-09-04,2940.0,2974.0,2926.0,2973.0,899411,1378240,2948.0
2020-09-07,2978.0,3010.0,2960.0,2992.0,1145871,1411324,2987.0
2020-09-08,2993.0,3015.0,2982.0,2998.0,1112447,1425011,2996.0
2020-09-09,2972.0,2993.0,2960.0,2978.0,992777,1360592,2977.0
2020-09-10,2993.0,3019.0,2985.0,2996.0,1160669,1393423,3002.0
2020-09-11,3003.0,3070.0,2992.0,3066.0,1567059,1551899,3034.0
2020-09-14,3066.0,3152.0,3060.0,3118.0,1775350,1568786,3111.0
2020-09-15,3114.0,3135.0,3092.0,3116.0,1131486,1581386,3118.0
2020-09-16,3112.0,3123.0,3040.0,3064.0,1790702,1510569,3074.0
2020-09-17,3074.0,3125.0,3066.0,3073.0,1761128,1507681,3090.0
2020-09-18,3070.0,3170.0,3063.0,3153.0,1887816,1549826,3133.0
2020-09-21,3151.0,3163.0,3122.0,3137.0,1301928,1538042,3141.0
2020-09-22,3133.0,3148.0,3077.0,3096.0,1741754,1497567,3111.0
2020-09-23,3112.0,3141.0,3065.0,3087.0,1945421,1470275,3104.0
2020-09-24,3103.0,3142.0,3056.0,3089.0,2009056,1436734,3098.0
2020-09-25,3085.0,3098.0,3067.0,3078.0,1162760,1381176,3081.0
2020-09-28,3081.0,3111.0,3066.0,3094.0,1140897,1368436,3091.0
2020-09-29,3100.0,3101.0,3063.0,3072.0,753609,1323026,3077.0
2020-09-30,3068.0,3098.0,3052.0,3087.0,847564,1281133,3077.0
2020-10-09,3220.0,3278.0,3202.0,3262.0,998801,1353700,3252.0
2020-10-12,3257.0,3303.0,3241.0,3286.0,1469935,1389112,3273.0
2020-10-13,3270.0,3279.0,3217.0,3238.0,1281866,1358785,3240.0
2020-10-14,3231.0,3252.0,3210.0,3233.0,1002802,1336580,3230.0
2020-10-15,3240.0,3250.0,3213.0,3231.0,999043,1311873,3234.0
2020-10-16,3212.0,3279.0,3188.0,3275.0,1223241,1334625,3243.0
2020-10-19,3280.0,3313.0,3228.0,3258.0,1532352,1308968,3263.0
2020-10-20,3264.0,3310.0,3240.0,3283.0,1278598,1340831,3273.0
2020-10-21,3283.0,3321.0,3269.0,3284.0,1454963,1355468,3292.0
2020-10-22,3300.0,3309.0,3256.0,3270.0,1279218,1350434,3285.0
2020-10-23,3280.0,3289.0,3233.0,3233.0,1187819,1319804,3263.0
2020-10-26,3245.0,3284.0,3233.0,3249.0,1091076,1284346,3261.0
2020-10-27,3245.0,3276.0,3230.0,3245.0,1007018,1262938,3251.0
2020-10-28,3247.0,3266.0,3215.0,3248.0,997650,1244597,3244.0
2020-10-29,3218.0,3220.0,3177.0,3202.0,1176278,1198878,3202.0
2020-10-30,3191.0,3214.0,3185.0,3192.0,1008579,1180871,3197.0
2020-11-02,3200.0,3214.0,3173.0,3174.0,913168,1167171,3194.0
2020-11-03,3180.0,3201.0,3171.0,3189.0,676273,1154440,3186.0
2020-11-04,3199.0,3221.0,3193.0,3216.0,764609,1142160,3207.0
2020-11-05,3227.0,3299.0,3222.0,3276.0,1391983,1129464,3266.0
2020-11-06,3280.0,3292.0,3254.0,3260.0,854868,1099345,3273.0
2020-11-09,3260.0,3267.0,3195.0,3203.0,962330,1061668,3222.0
2020-11-10,3225.0,3226.0,3142.0,3157.0,1073667,1015671,3179.0
2020-11-11,3165.0,3264.0,3164.0,3249.0,1084990,966245,3229.0
2020-11-12,3238.0,3243.0,3201.0,3204.0,619057,971944,3220.0
2020-11-13,3180.0,3193.0,3143.0,3159.0,965410,1489255,3166.0
2020-11-16,3170.0,3188.0,3133.0,3146.0,1105125,1531315,3161.0
2020-11-17,3148.0,3172.0,3128.0,3167.0,976940,1564929,3152.0
2020-11-18,3175.0,3196.0,3153.0,3171.0,1199761,1572649,3176.0
2020-11-19,3181.0,3194.0,3163.0,3182.0,942480,1613409,3179.0
2020-11-20,3168.0,3228.0,3153.0,3221.0,1214966,1660773,3192.0
2020-11-23,3230.0,3277.0,3215.0,3264.0,1613097,1734638,3253.0
2020-11-24,3270.0,3270.0,3231.0,3236.0,883573,1727485,3249.0
2020-11-25,3230.0,3253.0,3214.0,3237.0,987154,1728524,3233.0
2020-11-26,3239.0,3240.0,3203.0,3233.0,770305,1757196,3222.0
2020-11-27,3230.0,3235.0,3203.0,3212.0,688081,1754127,3217.0
2020-11-30,3216.0,3249.0,3188.0,3236.0,1426090,1742966,3219.0
2020-12-01,3220.0,3227.0,3164.0,3165.0,1099659,1749987,3190.0
2020-12-02,3171.0,3182.0,3115.0,3117.0,1103749,1750504,3145.0
2020-12-03,3096.0,3114.0,3067.0,3096.0,1126461,1710922,3095.0
2020-12-04,3108.0,3127.0,3081.0,3122.0,856461,1706665,3103.0
2020-12-07,3110.0,3121.0,3076.0,3109.0,937613,1696013,3100.0
2020-12-08,3094.0,3122.0,3090.0,3095.0,743101,1681533,3104.0
2020-12-09,3085.0,3109.0,3077.0,3101.0,677703,1666728,3093.0
2020-12-10,3106.0,3143.0,3103.0,3139.0,1041357,1660058,3124.0
2020-12-11,3149.0,3161.0,3087.0,3088.0,1170775,1683054,3116.0
2020-12-14,3082.0,3120.0,3078.0,3112.0,768974,1660421,3101.0
2020-12-15,3118.0,3122.0,3070.0,3108.0,1041762,1644388,3095.0
2020-12-16,3100.0,3151.0,3098.0,3143.0,945675,1624952,3132.0
2020-12-17,3156.0,3168.0,3132.0,3149.0,1069280,1611333,3150.0
2020-12-18,3139.0,3195.0,3127.0,3189.0,1090393,1601248,3169.0
2020-12-21,3187.0,3299.0,3178.0,3298.0,1345868,1621367,3236.0
2020-12-22,3283.0,3354.0,3245.0,3314.0,2003716,1617534,3308.0
2020-12-23,3320.0,3362.0,3281.0,3321.0,1500794,1607387,3326.0
2020-12-24,3348.0,3349.0,3304.0,3307.0,1134019,1626317,3322.0
2020-12-25,3311.0,3327.0,3266.0,3303.0,1175720,1601258,3295.0
2020-12-28,3304.0,3349.0,3292.0,3307.0,1172382,1590674,3319.0
2020-12-29,3313.0,3315.0,3256.0,3274.0,1017208,1572292,3284.0
2020-12-30,3274.0,3394.0,3262.0,3363.0,1497846,1580428,3338.0
2020-12-31,3363.0,3480.0,3358.0,3479.0,1591948,1656152,3423.0
2021-01-04,3477.0,3544.0,3458.0,3483.0,1236212,1669465,3497.0
2021-01-05,3485.0,3505.0,3429.0,3483.0,1409491,1658509,3468.0
2021-01-06,3486.0,3550.0,3475.0,3535.0,1499101,1705283,3514.0
2021-01-07,3548.0,3559.0,3496.0,3517.0,1214440,1682718,3522.0
2021-01-08,3510.0,3545.0,3480.0,3536.0,1406235,1696334,3509.0
2021-01-11,3548.0,3657.0,3523.0,3619.0,2091759,1720950,3588.0
2021-01-12,3628.0,3653.0,3595.0,3635.0,1620923,1758261,3626.0
2021-01-13,3645.0,3825.0,3630.0,3775.0,2110513,1787399,3730.0
2021-01-14,3767.0,3773.0,3711.0,3736.0,1531539,1747883,3736.0
2021-01-15,3749.0,3785.0,3702.0,3717.0,1435325,1710357,3736.0
2021-01-18,3732.0,3738.0,3652.0,3677.0,1467855,1646177,3690.0
2021-01-19,3677.0,3712.0,3639.0,3665.0,1259068,1621366,3671.0
2021-01-20,3680.0,3680.0,3501.0,3534.0,2343092,1544206,3565.0
2021-01-21,3532.0,3582.0,3515.0,3571.0,1226411,1563855,3552.0
2021-01-22,3583.0,3588.0,3464.0,3481.0,1749207,1499344,3517.0
2021-01-25,3455.0,3533.0,3393.0,3423.0,1864441,1461321,3445.0
2021-01-26,3418.0,3486.0,3416.0,3433.0,1224087,1453657,3447.0
2021-01-27,3460.0,3546.0,3449.0,3518.0,1579393,1457266,3498.0
2021-01-28,3521.0,3528.0,3465.0,3483.0,1187400,1444940,3498.0
2021-01-29,3520.0,3520.0,3404.0,3484.0,1291991,1413263,3476.0
2021-02-01,3478.0,3518.0,3425.0,3485.0,1311549,1386518,3475.0
2021-02-02,3484.0,3484.0,3415.0,3418.0,1189851,1401927,3447.0
2021-02-03,3405.0,3419.0,3364.0,3410.0,1373970,1358059,3385.0
2021-02-04,3410.0,3489.0,3396.0,3482.0,1183489,1345029,3447.0
2021-02-05,3482.0,3527.0,3474.0,3515.0,1200990,1322305,3499.0
2021-02-08,3517.0,3527.0,3445.0,3460.0,1159714,1306611,3487.0
2021-02-09,3463.0,3550.0,3449.0,3520.0,1134890,1296979,3498.0
2021-02-10,3524.0,3525.0,3454.0,3470.0,923785,1265212,3486.0
2021-02-18,3470.0,3509.0,3462.0,3492.0,670156,1299312,3488.0
2021-02-19,3482.0,3518.0,3433.0,3462.0,1281592,1343873,3469.0
2021-02-22,3470.0,3528.0,3464.0,3505.0,1445592,1358290,3500.0
2021-02-23,3495.0,3596.0,3467.0,3591.0,1604197,1366996,3527.0
2021-02-24,3585.0,3603.0,3559.0,3591.0,1259248,1340266,3586.0
2021-02-25,3603.0,3638.0,3565.0,3574.0,1515413,1330325,3602.0
2021-02-26,3590.0,3590.0,3413.0,3427.0,2297401,1294309,3485.0
2021-03-01,3404.0,3464.0,3394.0,3422.0,1515517,1282399,3434.0
2021-03-02,3423.0,3469.0,3334.0,3351.0,1472238,1296872,3396.0
2021-03-03,3356.0,3426.0,3356.0,3403.0,1037796,1246090,3394.0
2021-03-04,3397.0,3399.0,3343.0,3351.0,1181133,1229187,3368.0
2021-03-05,3362.0,3390.0,3307.0,3364.0,1291459,1201030,3351.0
2021-03-08,3364.0,3445.0,3345.0,3414.0,1292146,1149004,3401.0
2021-03-09,3414.0,3415.0,3340.0,3348.0,1134937,1151573,3373.0
2021-03-10,3360.0,3361.0,3256.0,3269.0,1588777,1161011,3316.0
2021-03-11,3254.0,3268.0,3153.0,3198.0,1721617,1107869,3199.0
2021-03-12,3198.0,3229.0,3188.0,3210.0,1089584,1084597,3209.0
2021-03-15,3200.0,3225.0,3154.0,3213.0,1196626,1026132,3196.0
2021-03-16,3221.0,3251.0,3181.0,3232.0,1171494,973224,3221.0
2021-03-17,3233.0,3286.0,3228.0,3264.0,1075193,902389,3266.0
2021-03-18,3260.0,3291.0,3227.0,3246.0,896720,885012,3251.0
2021-03-19,3236.0,3258.0,3207.0,3243.0,908772,842392,3235.0
2021-03-22,3250.0,3298.0,3230.0,3279.0,906004,810576,3270.0
2021-03-23,3279.0,3280.0,3210.0,3257.0,920471,775246,3237.0
2021-03-24,3257.0,3301.0,3249.0,3288.0,809199,765363,3274.0
2021-03-25,3298.0,3337.0,3291.0,3305.0,728712,735044,3312.0
2021-03-26,3304.0,3351.0,3281.0,3343.0,797836,702058,3324.0
2021-03-29,3344.0,3350.0,3293.0,3309.0,710594,686195,3315.0
2021-03-30,3309.0,3312.0,3272.0,3301.0,622573,633910,3294.0
2021-03-31,3303.0,3323.0,3260.0,3279.0,604546,603965,3287.0
2021-04-01,3390.0,3610.0,3386.0,3524.0,1612227,1464470,3517.0
2021-04-02,3525.0,3540.0,3473.0,3507.0,1083539,1478612,3509.0
2021-04-06,3515.0,3522.0,3482.0,3490.0,629478,1491452,3498.0
2021-04-07,3515.0,3555.0,3488.0,3547.0,1008858,1566336,3513.0
2021-04-08,3547.0,3547.0,3495.0,3517.0,921377,1536006,3517.0
2021-04-09,3515.0,3541.0,3495.0,3524.0,941890,1546427,3521.0
2021-04-12,3533.0,3548.0,3447.0,3453.0,1221623,1547079,3498.0
2021-04-13,3447.0,3469.0,3423.0,3442.0,889336,1547824,3442.0
2021-04-14,3441.0,3451.0,3411.0,3422.0,757873,1559820,3431.0
2021-04-15,3428.0,3475.0,3427.0,3468.0,772048,1568754,3454.0
2021-04-16,3479.0,3528.0,3462.0,3515.0,1125763,1528665,3501.0
2021-04-19,3515.0,3554.0,3498.0,3542.0,884748,1566941,3524.0
2021-04-20,3558.0,3592.0,3529.0,3570.0,1022365,1615381,3563.0
2021-04-21,3579.0,3599.0,3561.0,3580.0,900950,1621101,3579.0
2021-04-22,3560.0,3653.0,3544.0,3629.0,1158903,1653565,3605.0
2021-04-23,3632.0,3664.0,3613.0,3647.0,1009062,1664789,3638.0
2021-04-26,3630.0,3692.0,3608.0,3649.0,1253629,1656745,3649.0
2021-04-27,3662.0,3705.0,3648.0,3682.0,1310327,1672017,3676.0
2021-04-28,3682.0,3684.0,3558.0,3613.0,1516284,1627540,3625.0
2021-04-29,3618.0,3632.0,3583.0,3587.0,1004010,1591283,3607.0
2021-04-30,3592.0,3613.0,3554.0,3575.0,1105012,1529195,3582.0
2021-05-06,3648.0,3689.0,3632.0,3669.0,764619,1560692,3666.0
2021-05-07,3672.0,3767.0,3670.0,3709.0,1221530,1576381,3719.0
2021-05-10,3712.0,3714.0,3651.0,3689.0,1270788,1524429,3684.0
2021-05-11,3695.0,3702.0,3642.0,3674.0,1086497,1486066,3672.0
2021-05-12,3691.0,3788.0,3690.0,3769.0,1501679,1465429,3755.0
2021-05-13,3762.0,3775.0,3650.0,3678.0,1414297,1404865,3701.0
2021-05-14,3657.0,3664.0,3579.0,3607.0,1413879,1371905,3615.0
2021-05-17,3610.0,3626.0,3564.0,3606.0,1045727,1384898,3597.0
2021-05-18,3620.0,3638.0,3598.0,3623.0,832477,1379714,3618.0
2021-05-19,3623.0,3630.0,3556.0,3571.0,1053479,1385991,3585.0
2021-05-20,3556.0,3570.0,3518.0,3567.0,1055398,1372549,3544.0
2021-05-21,3558.0,3558.0,3515.0,3524.0,984645,1371742,3536.0
2021-05-24,3528.0,3542.0,3479.0,3528.0,991746,1357043,3514.0
2021-05-25,3530.0,3556.0,3518.0,3538.0,846481,1340672,3536.0
2021-05-26,3522.0,3538.0,3486.0,3508.0,906626,1333543,3513.0
2021-05-27,3499.0,3518.0,3461.0,3472.0,1094576,1339979,3484.0
2021-05-28,3482.0,3576.0,3482.0,3532.0,1002544,1272668,3527.0
2021-05-31,3516.0,3547.0,3509.0,3521.0,778152,1273544,3526.0
2021-06-01,3527.0,3572.0,3517.0,3541.0,808073,1257383,3546.0
2021-06-02,3562.0,3595.0,3555.0,3567.0,958498,1237217,3572.0
2021-06-03,3569.0,3604.0,3539.0,3604.0,1184488,1275413,3570.0
2021-06-04,3589.0,3602.0,3521.0,3535.0,1093693,1275995,3550.0
2021-06-07,3555.0,3633.0,3549.0,3622.0,1180858,1260414,3599.0
2021-06-08,3643.0,3647.0,3584.0,3615.0,1175397,1220341,3614.0
2021-06-09,3615.0,3658.0,3600.0,3619.0,1130676,1250252,3629.0
2021-06-10,3610.0,3632.0,3604.0,3628.0,866223,1258737,3617.0
2021-06-11,3639.0,3667.0,3619.0,3642.0,1169743,1263317,3640.0
2021-06-15,3555.0,3565.0,3479.0,3494.0,1238722,1250055,3509.0
2021-06-16,3493.0,3501.0,3470.0,3474.0,939399,1237569,3484.0
2021-06-17,3480.0,3495.0,3420.0,3450.0,1121431,1216818,3461.0
2021-06-18,3427.0,3444.0,3310.0,3373.0,1533318,1165339,3382.0
2021-06-21,3402.0,3426.0,3383.0,3394.0,961505,1161999,3398.0
2021-06-22,3380.0,3428.0,3380.0,3393.0,783401,1168965,3400.0
2021-06-23,3398.0,3415.0,3377.0,3384.0,983472,1196867,3393.0
2021-06-24,3380.0,3404.0,3356.0,3390.0,1007880,1192806,3383.0
2021-06-25,3370.0,3403.0,3353.0,3397.0,970643,1195545,3377.0
2021-06-28,3405.0,3450.0,3365.0,3448.0,1283287,1177129,3407.0
2021-06-29,3444.0,3475.0,3435.0,3458.0,921731,1132818,3455.0
2021-06-30,3474.0,3499.0,3445.0,3486.0,811367,1123267,3471.0
2021-07-01,3486.0,3650.0,3464.0,3639.0,1479674,1151617,3587.0
2021-07-02,3666.0,3699.0,3661.0,3694.0,1161707,1219719,3683.0
2021-07-05,3696.0,3702.0,3622.0,3655.0,1001257,1172537,3662.0
2021-07-06,3655.0,3666.0,3626.0,3634.0,631577,1159976,3644.0
2021-07-07,3634.0,3635.0,3535.0,3571.0,1314132,1108109,3571.0
2021-07-08,3560.0,3590.0,3551.0,3584.0,831244,1104573,3566.0
2021-07-09,3563.0,3603.0,3554.0,3580.0,953837,1102340,3583.0
2021-07-12,3568.0,3609.0,3555.0,3590.0,1075229,1099178,3583.0
2021-07-13,3590.0,3633.0,3582.0,3613.0,786589,1093692,3607.0
2021-07-14,3623.0,3637.0,3589.0,3625.0,889543,1080709,3617.0
2021-07-15,3636.0,3678.0,3627.0,3662.0,805020,1094807,3656.0
2021-07-16,3651.0,3670.0,3645.0,3663.0,628229,1092417,3656.0
2021-07-19,3678.0,3767.0,3676.0,3709.0,1031235,1110889,3722.0
2021-07-20,3700.0,3711.0,3642.0,3704.0,874396,1099814,3686.0
2021-07-21,3713.0,3736.0,3648.0,3678.0,944743,1046855,3692.0
2021-07-22,3686.0,3696.0,3618.0,3622.0,827007,991347,3653.0
2021-07-23,3601.0,3607.0,3558.0,3578.0,805566,979039,3581.0
2021-07-26,3580.0,3588.0,3496.0,3503.0,877331,922833,3530.0
2021-07-27,3512.0,3550.0,3489.0,3533.0,782014,912712,3524.0
2021-07-28,3548.0,3593.0,3546.0,3553.0,684783,896609,3567.0
2021-07-29,3568.0,3625.0,3567.0,3623.0,729341,859247,3592.0
2021-07-30,3632.0,3655.0,3607.0,3652.0,658938,851649,3632.0
2021-08-02,3630.0,3642.0,3558.0,3636.0,858987,815907,3610.0
2021-08-03,3643.0,3646.0,3591.0,3625.0,603991,790847,3619.0
2021-08-04,3600.0,3617.0,3570.0,3588.0,695429,755362,3587.0
2021-08-05,3581.0,3596.0,3556.0,3558.0,644865,703427,3577.0
2021-08-06,3561.0,3598.0,3560.0,3577.0,542157,671850,3577.0
2021-08-09,3599.0,3629.0,3570.0,3617.0,667864,592115,3601.0
2021-08-10,3606.0,3641.0,3602.0,3628.0,488298,535951,3619.0
2021-08-11,3584.0,3597.0,3569.0,3586.0,721521,957216,3583.0
2021-08-12,3586.0,3596.0,3507.0,3523.0,1038827,1014540,3549.0
2021-08-13,3539.0,3623.0,3513.0,3620.0,1265984,1110610,3552.0
2021-08-16,3623.0,3650.0,3604.0,3639.0,1104127,1189188,3627.0
2021-08-17,3632.0,3651.0,3609.0,3637.0,918974,1212065,3634.0
2021-08-18,3642.0,3643.0,3583.0,3608.0,1029992,1199510,3609.0
2021-08-19,3608.0,3617.0,3543.0,3551.0,1043105,1127536,3575.0
2021-08-20,3528.0,3545.0,3508.0,3534.0,1051336,1132694,3531.0
2021-08-23,3526.0,3533.0,3477.0,3485.0,1096229,1172360,3499.0
2021-08-24,3485.0,3507.0,3463.0,3493.0,930864,1221203,3485.0
2021-08-25,3493.0,3525.0,3491.0,3502.0,809277,1245724,3506.0
2021-08-26,3511.0,3529.0,3490.0,3511.0,943286,1231631,3509.0
2021-08-27,3518.0,3518.0,3487.0,3501.0,829503,1225093,3504.0
2021-08-30,3504.0,3545.0,3491.0,3525.0,931175,1211934,3522.0
2021-08-31,3525.0,3531.0,3481.0,3517.0,962111,1210945,3504.0
2021-09-01,3506.0,3516.0,3479.0,3491.0,827234,1241813,3495.0
2021-09-02,3491.0,3520.0,3460.0,3504.0,1126822,1204639,3485.0
2021-09-03,3504.0,3511.0,3484.0,3487.0,877621,1199713,3496.0
2021-09-06,3489.0,3499.0,3462.0,3486.0,885267,1234916,3479.0
2021-09-07,3486.0,3533.0,3481.0,3524.0,869371,1214148,3506.0
2021-09-08,3518.0,3527.0,3485.0,3486.0,963660,1228401,3506.0
2021-09-09,3494.0,3499.0,3451.0,3468.0,1120175,1286089,3475.0
2021-09-10,3468.0,3500.0,3458.0,3500.0,1003851,1286898,3475.0
2021-09-13,3503.0,3547.0,3503.0,3530.0,1175783,1235779,3525.0
2021-09-14,3528.0,3553.0,3508.0,3545.0,958992,1269044,3532.0
2021-09-15,3545.0,3552.0,3526.0,3534.0,761338,1269020,3537.0
2021-09-16,3538.0,3550.0,3510.0,3548.0,975809,1294526,3533.0
2021-09-17,3549.0,3591.0,3548.0,3570.0,1212982,1279393,3570.0
2021-09-22,3560.0,3567.0,3530.0,3536.0,690874,1259069,3542.0
2021-09-23,3540.0,3563.0,3533.0,3535.0,791091,1259428,3547.0
2021-09-24,3535.0,3546.0,3508.0,3510.0,848549,1265412,3527.0
2021-09-27,3510.0,3539.0,3487.0,3538.0,967720,1242631,3516.0
2021-09-28,3538.0,3546.0,3488.0,3491.0,968792,1208610,3518.0
2021-09-29,3490.0,3500.0,3465.0,3478.0,862359,1201069,3481.0
2021-09-30,3483.0,3490.0,3457.0,3464.0,707276,1192578,3473.0
2021-10-08,3370.0,3390.0,3335.0,3350.0,1009296,1255563,3354.0
2021-10-11,3350.0,3368.0,3311.0,3325.0,1074156,1306079,3337.0
2021-10-12,3325.0,3325.0,3259.0,3299.0,1018785,1300521,3299.0
2021-10-13,3294.0,3294.0,3232.0,3236.0,986288,1292436,3260.0
2021-10-14,3236.0,3272.0,3203.0,3265.0,914345,1237859,3233.0
2021-10-15,3266.0,3279.0,3248.0,3263.0,650096,1240163,3260.0
2021-10-18,3277.0,3288.0,3224.0,3230.0,852467,1207724,3251.0
2021-10-19,3220.0,3239.0,3197.0,3224.0,736948,1200041,3219.0
2021-10-20,3231.0,3271.0,3222.0,3237.0,932191,1194510,3248.0
2021-10-21,3242.0,3273.0,3228.0,3254.0,861723,1165909,3248.0
2021-10-22,3248.0,3288.0,3222.0,3278.0,1027191,1131262,3270.0
2021-10-25,3278.0,3323.0,3252.0,3289.0,1034276,1160912,3288.0
2021-10-26,3293.0,3293.0,3250.0,3270.0,724786,1187943,3266.0
2021-10-27,3268.0,3269.0,3233.0,3257.0,693550,1179850,3249.0
2021-10-28,3250.0,3279.0,3234.0,3259.0,896423,1167928,3257.0
2021-10-29,3255.0,3277.0,3231.0,3233.0,831293,1199078,3253.0
2021-11-01,3223.0,3243.0,3148.0,3159.0,1164956,1183374,3197.0
2021-11-02,3170.0,3179.0,3138.0,3143.0,757375,1155811,3159.0
2021-11-03,3143.0,3169.0,3109.0,3130.0,848514,1125611,3134.0
2021-11-04,3130.0,3153.0,3102.0,3135.0,731341,1105982,3128.0
2021-11-05,3140.0,3144.0,3033.0,3051.0,931409,1085260,3086.0
2021-11-08,3045.0,3105.0,3023.0,3088.0,968827,1033096,3070.0
2021-11-09,3079.0,3103.0,3045.0,3091.0,700329,1015462,3077.0
2021-11-10,3097.0,3149.0,3078.0,3123.0,701487,983753,3111.0
2021-11-11,3122.0,3165.0,3115.0,3159.0,574024,971397,3142.0
2021-11-12,3164.0,3174.0,3137.0,3155.0,623063,897464,3157.0
2021-11-15,3155.0,3196.0,3128.0,3161.0,628325,882818,3159.0
2021-11-16,3181.0,3209.0,3168.0,3192.0,531164,882585,3187.0
2021-11-17,3194.0,3201.0,3165.0,3188.0,541531,870767,3182.0
2021-11-18,3200.0,3232.0,3183.0,3213.0,601847,860876,3207.0
2021-11-19,3217.0,3232.0,3182.0,3218.0,583518,860982,3210.0
2021-11-22,3200.0,3212.0,3175.0,3202.0,673075,822959,3190.0
2021-11-23,3202.0,3255.0,3194.0,3245.0,629386,827419,3227.0
2021-11-24,3240.0,3254.0,3222.0,3251.0,495110,803737,3240.0
2021-11-25,3260.0,3265.0,3201.0,3213.0,536734,764995,3226.0
2021-11-26,3213.0,3218.0,3191.0,3216.0,397056,754078,3205.0
2021-11-29,3216.0,3238.0,3160.0,3237.0,601266,716131,3203.0
2021-11-30,3237.0,3252.0,3193.0,3200.0,511183,691328,3218.0
2021-12-01,3196.0,3207.0,3175.0,3202.0,383781,669814,3186.0
2021-12-02,3200.0,3206.0,3170.0,3203.0,379620,664775,3187.0
2021-12-03,3213.0,3258.0,3200.0,3257.0,421779,671811,3233.0
2021-12-06,3107.0,3113.0,3069.0,3080.0,508591,1039224,3091.0
2021-12-07,3077.0,3079.0,3037.0,3043.0,662140,1050786,3055.0
2021-12-08,3043.0,3050.0,3021.0,3037.0,566631,1047536,3032.0
2021-12-09,3034.0,3111.0,3023.0,3096.0,862760,1109751,3075.0
2021-12-10,3086.0,3138.0,3077.0,3124.0,809073,1176444,3111.0
2021-12-13,3130.0,3155.0,3118.0,3124.0,704516,1208914,3134.0
2021-12-14,3114.0,3129.0,3071.0,3073.0,868554,1164929,3096.0
2021-12-15,3083.0,3148.0,3082.0,3124.0,1089715,1237025,3120.0
2021-12-16,3134.0,3176.0,3107.0,3168.0,1010061,1285138,3148.0
2021-12-17,3167.0,3178.0,3146.0,3174.0,706739,1319789,3165.0
2021-12-20,3180.0,3180.0,3138.0,3159.0,850416,1279944,3159.0
2021-12-21,3151.0,3183.0,3145.0,3153.0,781166,1299656,3164.0
2021-12-22,3147.0,3198.0,3140.0,3179.0,827218,1308354,3172.0
2021-12-23,3187.0,3248.0,3186.0,3246.0,1125843,1384424,3216.0
2021-12-24,3230.0,3272.0,3224.0,3263.0,805794,1399752,3248.0
2021-12-27,3265.0,3268.0,3226.0,3230.0,726395,1371882,3241.0
2021-12-28,3248.0,3290.0,3231.0,3258.0,1053180,1396448,3259.0
2021-12-29,3259.0,3260.0,3205.0,3226.0,869507,1383950,3229.0
2021-12-30,3202.0,3247.0,3191.0,3232.0,700560,1400701,0.0
2021-12-31,3215.0,3217.0,3170.0,3189.0,875469,1388687,3192.0
2022-01-04,3220.0,3263.0,3218.0,3250.0,625772,1424194,3247.0
2022-01-05,3242.0,3298.0,3238.0,3293.0,787718,1453763,3274.0
2022-01-06,3283.0,3285.0,3212.0,3215.0,1031941,1416152,3247.0
2022-01-07,3225.0,3245.0,3215.0,3225.0,697417,1396599,3229.0
2022-01-10,3230.0,3283.0,3206.0,3231.0,1035124,1373919,3242.0
2022-01-11,3241.0,3260.0,3221.0,3229.0,715204,1364909,3239.0
2022-01-12,3229.0,3259.0,3198.0,3247.0,895344,1374316,3228.0
2022-01-13,3233.0,3259.0,3210.0,3243.0,947940,1368176,3231.0
2022-01-14,3230.0,3232.0,3178.0,3186.0,906804,1383324,3201.0
2022-01-17,3195.0,3205.0,3144.0,3170.0,966711,1387885,3173.0
2022-01-18,3174.0,3176.0,3144.0,3156.0,639618,1403804,3161.0
2022-01-19,3143.0,3183.0,3121.0,3177.0,856746,1388303,3153.0
2022-01-20,3184.0,3247.0,3175.0,3243.0,1007446,1351217,3221.0
2022-01-21,3239.0,3281.0,3228.0,3270.0,941279,1302675,3257.0
2022-01-24,3278.0,3282.0,3244.0,3253.0,835944,1313246,3263.0
2022-01-25,3249.0,3253.0,3207.0,3248.0,762507,1273850,3234.0
2022-01-26,3242.0,3267.0,3235.0,3260.0,634022,1263818,3251.0
2022-01-27,3269.0,3379.0,3268.0,3338.0,1231088,1285356,3323.0
2022-01-28,3358.0,3393.0,3345.0,3378.0,863987,1238750,3367.0
2022-02-07,3634.0,3636.0,3614.0,3636.0,223073,1227362,3634.0
2022-02-08,3710.0,3754.0,3683.0,3695.0,1480421,1301272,3707.0
2022-02-09,3705.0,3764.0,3688.0,3748.0,1420390,1427058,3725.0
2022-02-10,3754.0,3843.0,3733.0,3814.0,1538508,1472010,3792.0
2022-02-11,3850.0,3903.0,3731.0,3745.0,1840992,1441042,3800.0
2022-02-14,3781.0,3794.0,3709.0,3724.0,1349966,1408680,3753.0
2022-02-15,3698.0,3723.0,3659.0,3687.0,1388308,1361717,3686.0
2022-02-16,3655.0,3727.0,3646.0,3708.0,1197867,1360212,3684.0
2022-02-17,3708.0,3778.0,3660.0,3769.0,1409416,1376629,3717.0
2022-02-18,3785.0,3824.0,3746.0,3781.0,1274942,1351180,3782.0
2022-02-21,3785.0,3817.0,3762.0,3803.0,1197690,1351065,3787.0
2022-02-22,3815.0,3885.0,3806.0,3877.0,1309910,1402037,3844.0
2022-02-23,3803.0,3953.0,3746.0,3906.0,2065057,1407668,3867.0
2022-02-24,3924.0,4107.0,3896.0,4062.0,1954776,1390834,3989.0
2022-02-25,4009.0,4067.0,3884.0,3918.0,2445430,1314116,3970.0
2022-02-28,3855.0,3899.0,3758.0,3862.0,2149034,1232452,3823.0
2022-03-01,3862.0,3955.0,3820.0,3911.0,1430739,1215730,3886.0
2022-03-02,3952.0,3996.0,3836.0,3903.0,1969304,1203928,3914.0
2022-03-03,3915.0,3929.0,3834.0,3895.0,1558260,1182290,3883.0
2022-03-04,3869.0,3958.0,3851.0,3902.0,1595387,1201748,3901.0
2022-03-07,3936.0,4096.0,3930.0,4089.0,1643916,1249394,4008.0
2022-03-08,4075.0,4194.0,4001.0,4153.0,2191347,1276621,4083.0
2022-03-09,4110.0,4266.0,4098.0,4222.0,1993209,1248409,4195.0
2022-03-10,4151.0,4192.0,4064.0,4130.0,1716504,1161873,4132.0
2022-03-11,4150.0,4232.0,4143.0,4186.0,1242858,1181709,4185.0
2022-03-14,4161.0,4231.0,4090.0,4219.0,1618979,1205135,4164.0
2022-03-15,4190.0,4236.0,4117.0,4121.0,1488312,1200347,4176.0
2022-03-16,4110.0,4214.0,4045.0,4194.0,1506281,1200367,4127.0
2022-03-17,4201.0,4250.0,4137.0,4176.0,1364040,1206317,4189.0
2022-03-18,4205.0,4272.0,4180.0,4269.0,1337392,1281278,4224.0
2022-03-21,4243.0,4304.0,4215.0,4277.0,1306115,1303842,4264.0
2022-03-22,4277.0,4412.0,4253.0,4395.0,1616315,1339730,4356.0
2022-03-23,4361.0,4421.0,4348.0,4407.0,1331296,1262590,4380.0
2022-03-24,4428.0,4495.0,4365.0,4388.0,1699033,1182259,4428.0
2022-03-25,4398.0,4458.0,4306.0,4347.0,1542709,1111064,4388.0
2022-03-28,4351.0,4371.0,4254.0,4260.0,1292156,967844,4313.0
2022-03-29,4240.0,4256.0,4182.0,4187.0,1022058,876420,4220.0
2022-03-30,4122.0,4148.0,4052.0,4105.0,1014470,804180,4096.0
2022-03-31,4044.0,4085.0,4002.0,4038.0,1124222,1230089,4040.0
2022-04-01,4029.0,4049.0,3807.0,3808.0,1388247,1175872,3909.0
2022-04-06,3885.0,3891.0,3831.0,3856.0,626319,1211184,3864.0
2022-04-07,3856.0,3856.0,3804.0,3829.0,858859,1211317,3834.0
2022-04-08,3829.0,3895.0,3812.0,3880.0,889716,1183647,3864.0
2022-04-11,3885.0,3970.0,3885.0,3939.0,952809,1217464,3929.0
2022-04-12,3947.0,3948.0,3882.0,3923.0,832519,1199134,3906.0
2022-04-13,3940.0,3952.0,3882.0,3905.0,837541,1218827,3915.0
2022-04-14,3923.0,3938.0,3875.0,3928.0,831230,1251607,3914.0
2022-04-15,3928.0,3961.0,3885.0,3923.0,811646,1250318,3916.0
2022-04-18,3923.0,3980.0,3892.0,3934.0,939819,1248076,3931.0
2022-04-19,3934.0,4033.0,3913.0,4029.0,1002291,1288043,3978.0
2022-04-20,4029.0,4098.0,3996.0,4064.0,1167511,1338881,4048.0
2022-04-21,4075.0,4128.0,4046.0,4118.0,920686,1404653,4091.0
2022-04-22,4102.0,4139.0,4069.0,4075.0,1019950,1386512,4097.0
2022-04-25,4100.0,4118.0,3947.0,3956.0,1301465,1315849,4020.0
2022-04-26,3950.0,4019.0,3945.0,3983.0,921077,1312029,3982.0
2022-04-27,4300.0,4300.0,3911.0,4001.0,1048940,1272640,4005.0
2022-04-28,4010.0,4076.0,3975.0,4063.0,1031240,1302476,4030.0
2022-04-29,4065.0,4078.0,4025.0,4073.0,713024,1264680,4049.0
2022-05-05,4000.0,4055.0,3990.0,4050.0,498684,1293693,4025.0
2022-05-06,4048.0,4090.0,3974.0,3979.0,920243,1241382,4028.0
2022-05-09,3999.0,3999.0,3887.0,3900.0,869133,1209693,3928.0
2022-05-10,3890.0,3939.0,3854.0,3927.0,863213,1202134,3901.0
2022-05-11,3930.0,3945.0,3911.0,3931.0,576699,1223243,3927.0
2022-05-12,3933.0,3966.0,3921.0,3933.0,637250,1236824,3942.0
2022-05-13,3933.0,4077.0,3925.0,4054.0,1142813,1295288,4017.0
2022-05-16,4040.0,4146.0,4040.0,4141.0,804323,1326221,4106.0
2022-05-17,4141.0,4143.0,4110.0,4129.0,550046,1338930,4128.0
2022-05-18,4142.0,4160.0,4127.0,4133.0,612240,1370126,4143.0
2022-05-19,4141.0,4162.0,4102.0,4114.0,751390,1356041,4129.0
2022-05-20,4117.0,4176.0,4110.0,4174.0,724993,1397725,4155.0
2022-05-23,4155.0,4245.0,4154.0,4188.0,703374,1399257,4195.0
2022-05-24,4175.0,4176.0,4071.0,4098.0,857255,1335139,4113.0
2022-05-25,4125.0,4126.0,4069.0,4106.0,543951,1301862,4097.0
2022-05-26,4063.0,4124.0,4043.0,4117.0,649868,1296610,4080.0
2022-05-27,4114.0,4216.0,4106.0,4200.0,811872,1309855,4172.0
2022-05-30,4210.0,4210.0,4168.0,4193.0,544700,1328166,4188.0
2022-05-31,4190.0,4221.0,4186.0,4212.0,457282,1334477,4205.0
2022-06-01,4195.0,4210.0,4089.0,4132.0,874811,1291069,4144.0
2022-06-02,4132.0,4155.0,4100.0,4145.0,562013,1247264,4134.0
2022-06-06,4188.0,4196.0,4141.0,4146.0,356132,1232665,4166.0
2022-06-07,4129.0,4154.0,4106.0,4123.0,574740,1222813,4129.0
2022-06-08,4127.0,4209.0,4084.0,4193.0,890945,1267591,4154.0
2022-06-09,4210.0,4253.0,4166.0,4186.0,629700,1288541,4209.0
2022-06-10,4195.0,4286.0,4186.0,4264.0,750128,1360227,4239.0
2022-06-13,4272.0,4285.0,4142.0,4165.0,900244,1275719,4210.0
2022-06-14,4161.0,4166.0,4100.0,4138.0,691619,1237381,4131.0
2022-06-15,4138.0,4158.0,4089.0,4104.0,628058,1229741,4118.0
2022-06-16,4100.0,4144.0,4089.0,4118.0,638786,1220929,4115.0
2022-06-17,4125.0,4191.0,4104.0,4188.0,800276,1273222,4151.0
2022-06-20,4188.0,4207.0,4112.0,4129.0,814791,1265502,4157.0
2022-06-21,4127.0,4141.0,4080.0,4094.0,896923,1244702,4105.0
2022-06-22,4090.0,4146.0,4022.0,4025.0,1103396,1221864,4076.0
2022-06-23,4025.0,4050.0,3770.0,3850.0,1998717,1151757,3891.0
2022-06-24,3850.0,3853.0,3722.0,3783.0,1368947,1105384,3787.0
2022-06-27,3820.0,3857.0,3746.0,3825.0,1072337,1056590,3805.0
2022-06-28,3844.0,3905.0,3819.0,3897.0,740942,1035134,3866.0
2022-06-29,3894.0,3920.0,3862.0,3881.0,682095,1015563,3887.0
2022-06-30,3905.0,3924.0,3876.0,3909.0,669970,982401,3901.0
2022-07-01,3881.0,3950.0,3827.0,3874.0,1208676,977356,3886.0
2022-07-04,3874.0,3878.0,3746.0,3837.0,1140409,971323,3816.0
2022-07-05,3837.0,3875.0,3781.0,3835.0,855391,985406,3833.0
2022-07-06,3822.0,3839.0,3674.0,3800.0,1655942,1018506,3762.0
2022-07-07,3810.0,3939.0,3785.0,3878.0,1295441,1005001,3855.0
2022-07-08,3925.0,3959.0,3890.0,3904.0,866055,1025075,3919.0
2022-07-11,3903.0,4020.0,3870.0,3986.0,862302,1051316,3957.0
2022-07-12,3978.0,4001.0,3946.0,3957.0,719970,1038679,3971.0
2022-07-13,3926.0,3962.0,3828.0,3910.0,1164745,1041688,3891.0
2022-07-14,3881.0,3977.0,3868.0,3963.0,932025,1061478,3926.0
2022-07-15,3942.0,3969.0,3884.0,3906.0,1042197,1042968,3927.0
2022-07-18,3920.0,3985.0,3871.0,3965.0,947577,1048324,3930.0
2022-07-19,3973.0,3995.0,3897.0,3898.0,785605,1021102,3951.0
2022-07-20,3870.0,3879.0,3769.0,3809.0,1246495,922566,3819.0
2022-07-21,3805.0,3833.0,3801.0,3820.0,691810,912435,3818.0
2022-07-22,3798.0,3821.0,3733.0,3759.0,861984,903583,3775.0
2022-07-25,3761.0,3863.0,3755.0,3791.0,707381,871029,3806.0
2022-07-26,3825.0,3904.0,3802.0,3898.0,638790,862054,3862.0
2022-07-27,3910.0,3945.0,3885.0,3920.0,584243,882351,3913.0
2022-07-28,3945.0,4006.0,3931.0,3962.0,597101,896784,3970.0
2022-07-29,3941.0,3996.0,3928.0,3988.0,545306,879464,3963.0
2022-08-01,4013.0,4073.0,3981.0,4008.0,684444,870850,4027.0
2022-08-02,3983.0,4008.0,3905.0,3956.0,618460,814025,3957.0
2022-08-03,3942.0,3992.0,3928.0,3970.0,510277,783524,3955.0
2022-08-04,4000.0,4000.0,3920.0,3946.0,472920,783471,3946.0
2022-08-05,3987.0,4079.0,3975.0,4079.0,538260,811993,4027.0
2022-08-08,4049.0,4050.0,4001.0,4033.0,411779,767935,4024.0
2022-08-09,4015.0,4043.0,4004.0,4009.0,346572,710882,4019.0
2022-08-10,4030.0,4076.0,4026.0,4063.0,334233,669533,4049.0
2022-08-11,3746.0,3776.0,3685.0,3721.0,663284,997862,3733.0
2022-08-12,3739.0,3772.0,3705.0,3761.0,488881,1046981,3749.0
2022-08-15,3745.0,3795.0,3674.0,3686.0,744220,1035497,3716.0
2022-08-16,3660.0,3687.0,3636.0,3675.0,618009,1016934,3664.0
2022-08-17,3660.0,3674.0,3640.0,3655.0,490495,1026778,3658.0
2022-08-18,3662.0,3672.0,3635.0,3639.0,492540,1024112,3655.0
2022-08-19,3652.0,3701.0,3615.0,3687.0,814048,1061727,3662.0
2022-08-22,3680.0,3706.0,3651.0,3698.0,511938,1066157,3681.0
2022-08-23,3717.0,3872.0,3715.0,3853.0,1069335,1207918,3806.0
2022-08-24,3839.0,3895.0,3836.0,3882.0,696780,1253499,3864.0
2022-08-25,3890.0,3898.0,3809.0,3832.0,771592,1244480,3846.0
2022-08-26,3808.0,3814.0,3756.0,3773.0,761101,1246412,3784.0
2022-08-29,3777.0,3809.0,3763.0,3789.0,687400,1233359,3789.0
2022-08-30,3800.0,3807.0,3733.0,3762.0,550364,1215303,3767.0
2022-08-31,3741.0,3793.0,3732.0,3789.0,486270,1241723,3763.0
2022-09-01,3759.0,3787.0,3751.0,3773.0,600741,1285898,3767.0
2022-09-02,3769.0,3823.0,3742.0,3820.0,800769,1352288,3781.0
2022-09-05,3825.0,3879.0,3817.0,3864.0,696238,1382153,3844.0
2022-09-06,3870.0,3886.0,3801.0,3811.0,644897,1353652,3833.0
2022-09-07,3800.0,3858.0,3783.0,3840.0,773136,1408322,3815.0
2022-09-08,3860.0,3923.0,3835.0,3838.0,825923,1397783,3869.0
2022-09-09,3838.0,3871.0,3800.0,3852.0,698996,1389185,3839.0
2022-09-13,4060.0,4079.0,4024.0,4060.0,763947,1469391,4048.0
2022-09-14,4043.0,4070.0,4027.0,4042.0,702601,1483377,4049.0
2022-09-15,4042.0,4042.0,3968.0,3985.0,861169,1445744,3997.0
2022-09-16,3981.0,4012.0,3969.0,3999.0,603105,1446981,3992.0
2022-09-19,3983.0,4030.0,3960.0,4000.0,661359,1443673,3996.0
2022-09-20,3993.0,4033.0,3979.0,4011.0,722706,1463146,4008.0
2022-09-21,3999.0,4068.0,3986.0,4058.0,778720,1506489,4028.0
2022-09-22,4051.0,4103.0,4035.0,4077.0,903478,1526244,4067.0
2022-09-23,4067.0,4082.0,4038.0,4047.0,716125,1506707,4058.0
2022-09-26,4031.0,4049.0,3990.0,4014.0,912646,1481722,4016.0
2022-09-27,4012.0,4048.0,4010.0,4036.0,613377,1478006,4030.0
2022-09-28,4051.0,4086.0,4018.0,4060.0,865922,1466602,4054.0
2022-09-29,4065.0,4153.0,4053.0,4141.0,973875,1532148,4102.0
2022-09-30,4142.0,4175.0,4053.0,4099.0,1141329,1444455,4104.0
2022-10-10,4196.0,4196.0,4084.0,4093.0,844508,1476909,4112.0
2022-10-11,4114.0,4116.0,4032.0,4045.0,832100,1494657,4066.0
2022-10-12,4034.0,4081.0,4025.0,4076.0,762599,1521022,4048.0
2022-10-13,4068.0,4121.0,4059.0,4078.0,896242,1603204,4088.0
2022-10-14,4073.0,4172.0,4063.0,4163.0,1101374,1771110,4123.0
2022-10-17,4150.0,4182.0,4053.0,4054.0,1167499,1692996,4111.0
2022-10-18,4068.0,4074.0,3994.0,4003.0,1008008,1625716,4032.0
2022-10-19,4003.0,4018.0,3961.0,3988.0,1041935,1627529,3992.0
2022-10-20,3975.0,4042.0,3961.0,4014.0,1029073,1603996,4009.0
2022-10-21,4030.0,4091.0,4004.0,4008.0,1010021,1583904,4049.0
2022-10-24,3998.0,4065.0,3997.0,4052.0,1045872,1596328,4037.0
2022-10-25,4050.0,4066.0,4007.0,4036.0,1042509,1582712,4038.0
2022-10-26,4040.0,4107.0,4034.0,4102.0,897050,1646054,4078.0
2022-10-27,4105.0,4113.0,4051.0,4073.0,948723,1684044,4078.0
2022-10-28,4080.0,4104.0,4024.0,4042.0,1136261,1642217,4062.0
2022-10-31,4049.0,4120.0,4013.0,4111.0,1352574,1649514,4074.0
2022-11-01,4099.0,4255.0,4095.0,4234.0,1720223,1734127,4190.0
2022-11-02,4234.0,4291.0,4194.0,4201.0,1340448,1724217,4242.0
2022-11-03,4188.0,4234.0,4158.0,4210.0,1205535,1686084,4195.0
2022-11-04,4184.0,4217.0,4156.0,4188.0,1260284,1646675,4188.0
2022-11-07,4198.0,4226.0,4167.0,4218.0,1138884,1629247,4197.0
2022-11-08,4228.0,4283.0,4218.0,4251.0,1134213,1656829,4246.0
2022-11-09,4246.0,4265.0,4223.0,4260.0,927906,1645489,4245.0
2022-11-10,4253.0,4329.0,4234.0,4297.0,1142286,1671322,4284.0
2022-11-11,4278.0,4304.0,4210.0,4234.0,1257305,1622936,4249.0
2022-11-14,4226.0,4244.0,4136.0,4163.0,1156722,1517003,4191.0
2022-11-15,4169.0,4182.0,4131.0,4149.0,755314,1483165,4155.0
2022-11-16,4136.0,4187.0,4124.0,4169.0,809156,1451239,4154.0
2022-11-17,4168.0,4174.0,4133.0,4143.0,701667,1407329,4151.0
2022-11-18,4126.0,4151.0,4090.0,4109.0,1065840,1343688,4122.0
2022-11-21,4119.0,4157.0,4108.0,4139.0,748685,1329264,4132.0
2022-11-22,4140.0,4187.0,4139.0,4168.0,676971,1330936,4168.0
2022-11-23,4168.0,4225.0,4166.0,4212.0,831040,1317647,4197.0
2022-11-24,4202.0,4276.0,4199.0,4256.0,647970,1322386,4245.0
2022-11-25,4259.0,4306.0,4242.0,4303.0,682484,1338919,4277.0
2022-11-28,4310.0,4314.0,4220.0,4220.0,917405,1266370,4252.0
2022-11-29,4239.0,4270.0,4213.0,4261.0,564416,1233079,4248.0
2022-11-30,4260.0,4306.0,4249.0,4298.0,721357,1258236,4277.0
2022-12-01,4315.0,4324.0,4262.0,4276.0,696224,1221178,4286.0
2022-12-02,4265.0,4315.0,4255.0,4281.0,774240,1171198,4284.0
2022-12-05,4280.0,4301.0,4234.0,4249.0,891171,1105582,4261.0
2022-12-06,4270.0,4283.0,4232.0,4261.0,693776,1056725,4255.0
2022-12-07,4271.0,4295.0,4259.0,4285.0,611090,1030576,4280.0
2022-12-08,4295.0,4435.0,4293.0,4428.0,1270128,1087032,4375.0
2022-12-09,4420.0,4448.0,4407.0,4444.0,648425,1033620,4426.0
2022-12-12,4450.0,4450.0,4372.0,4377.0,864066,929760,4406.0
2022-12-13,4372.0,4385.0,4341.0,4369.0,480893,847837,4364.0
2022-12-14,4364.0,4382.0,4268.0,4289.0,828968,720656,4329.0
2022-12-15,4284.0,4300.0,4251.0,4289.0,554586,626686,4268.0
2022-12-16,4290.0,4345.0,4289.0,4292.0,437156,543976,4313.0
2022-12-19,3745.0,3782.0,3682.0,3704.0,906522,1057450,3724.0
2022-12-20,3715.0,3727.0,3681.0,3719.0,591419,1052064,3706.0
2022-12-21,3719.0,3778.0,3718.0,3758.0,693989,1098947,3755.0
2022-12-22,3767.0,3785.0,3757.0,3775.0,471822,1128290,3772.0
2022-12-23,3774.0,3798.0,3752.0,3788.0,516415,1143013,3775.0
2022-12-26,3798.0,3901.0,3789.0,3878.0,817355,1232250,3852.0
2022-12-27,3882.0,3908.0,3871.0,3893.0,561175,1251151,3890.0
2022-12-28,3887.0,3890.0,3811.0,3839.0,815288,1262550,3842.0
2022-12-29,3840.0,3894.0,3836.0,3882.0,622281,1303573,3867.0
2022-12-30,3870.0,3940.0,3851.0,3936.0,885334,1348032,3898.0
2023-01-03,3935.0,3976.0,3910.0,3943.0,504292,1381983,3942.0
2023-01-04,3943.0,3951.0,3856.0,3866.0,871802,1358840,3890.0
2023-01-05,3861.0,3874.0,3817.0,3831.0,621266,1325561,3843.0
2023-01-06,3830.0,3830.0,3780.0,3797.0,704879,1320358,3801.0
2023-01-09,3787.0,3839.0,3782.0,3819.0,672302,1289438,3811.0
2023-01-10,3813.0,3822.0,3764.0,3782.0,646419,1274696,3785.0
2023-01-11,3781.0,3822.0,3769.0,3820.0,528153,1267663,3796.0
2023-01-12,3822.0,3887.0,3821.0,3877.0,699276,1291762,3854.0
2023-01-13,3877.0,3921.0,3867.0,3916.0,621285,1299445,3896.0
2023-01-16,3901.0,3914.0,3869.0,3899.0,484030,1295248,3895.0
2023-01-17,3908.0,3910.0,3851.0,3884.0,549146,1279022,3879.0
2023-01-18,3892.0,3967.0,3867.0,3952.0,630173,1299236,3925.0
2023-01-19,3940.0,3940.0,3875.0,3886.0,620465,1291838,3897.0
2023-01-20,3889.0,3889.0,3838.0,3841.0,488082,1259265,3859.0
2023-01-30,3879.0,3908.0,3858.0,3899.0,459787,1291578,3884.0
2023-01-31,3922.0,3936.0,3893.0,3906.0,639536,1315410,3917.0
2023-02-01,3899.0,3899.0,3869.0,3890.0,585474,1288518,3884.0
2023-02-02,3898.0,3918.0,3850.0,3876.0,669229,1282770,3881.0
2023-02-03,3875.0,3899.0,3843.0,3891.0,760028,1275605,3870.0
2023-02-06,3892.0,3947.0,3886.0,3922.0,824570,1318439,3918.0
2023-02-07,3918.0,3918.0,3858.0,3867.0,723723,1303807,3880.0
2023-02-08,3871.0,3881.0,3852.0,3866.0,596518,1308800,3865.0
2023-02-09,3870.0,3892.0,3815.0,3819.0,841016,1329160,3852.0
2023-02-10,3840.0,3870.0,3810.0,3853.0,726217,1299842,3845.0
2023-02-13,3849.0,3921.0,3838.0,3882.0,720835,1307973,3885.0
2023-02-14,3880.0,3895.0,3861.0,3881.0,515010,1302942,3875.0
2023-02-15,3878.0,3892.0,3828.0,3838.0,811976,1309534,3855.0
2023-02-16,3828.0,3843.0,3803.0,3835.0,606019,1327550,3822.0
2023-02-17,3822.0,3838.0,3814.0,3828.0,484402,1342810,3826.0
2023-02-20,3835.0,3880.0,3791.0,3866.0,738973,1319533,3840.0
2023-02-21,3879.0,3884.0,3845.0,3857.0,444550,1327686,3861.0
2023-02-22,3858.0,3896.0,3848.0,3874.0,638860,1323720,3873.0
2023-02-23,3870.0,3875.0,3835.0,3840.0,502713,1303371,3851.0
2023-02-24,3836.0,3870.0,3823.0,3859.0,571552,1301166,3849.0
2023-02-27,3856.0,3858.0,3813.0,3825.0,679723,1301375,3830.0
2023-02-28,3830.0,3838.0,3770.0,3775.0,700394,1335660,3799.0
2023-03-01,3774.0,3776.0,3732.0,3745.0,648174,1334897,3752.0
2023-03-02,3745.0,3748.0,3722.0,3736.0,525209,1340415,3734.0
2023-03-03,3745.0,3776.0,3735.0,3763.0,589517,1291238,3756.0
2023-03-06,3770.0,3786.0,3765.0,3782.0,467280,1273538,3777.0
2023-03-07,3782.0,3831.0,3776.0,3806.0,622984,1215890,3807.0
2023-03-08,3800.0,3820.0,3781.0,3800.0,485804,1207616,3800.0
2023-03-09,3795.0,3828.0,3793.0,3820.0,527622,1197897,3812.0
2023-03-10,3828.0,3845.0,3795.0,3799.0,609399,1170702,3819.0
2023-03-13,3789.0,3817.0,3765.0,3809.0,600431,1156233,3792.0
2023-03-14,3792.0,3808.0,3755.0,3765.0,682775,1134522,3778.0
2023-03-15,3765.0,3784.0,3746.0,3768.0,515445,1116080,3763.0
2023-03-16,3755.0,3774.0,3735.0,3745.0,582603,1093716,3751.0
2023-03-17,3758.0,3762.0,3700.0,3701.0,784303,1099683,3730.0
2023-03-20,3700.0,3703.0,3598.0,3599.0,875282,1084040,3653.0
2023-03-21,3610.0,3651.0,3594.0,3640.0,674343,1003146,3626.0
2023-03-22,3663.0,3669.0,3570.0,3602.0,710231,998363,3610.0
2023-03-23,3594.0,3599.0,3525.0,3544.0,702611,983812,3559.0
2023-03-24,3554.0,3554.0,3448.0,3507.0,1092103,942664,3493.0
2023-03-27,3489.0,3539.0,3462.0,3486.0,798790,949391,3499.0
2023-03-28,3502.0,3526.0,3481.0,3523.0,618806,879362,3505.0
2023-03-29,3536.0,3571.0,3528.0,3535.0,621293,851626,3547.0
2023-03-30,3549.0,3555.0,3527.0,3532.0,433726,845982,3543.0
2023-03-31,3542.0,3553.0,3502.0,3511.0,507762,843355,3526.0
2023-04-03,3519.0,3656.0,3486.0,3638.0,953263,799852,3584.0
2023-04-04,3643.0,3676.0,3638.0,3668.0,597669,748309,3656.0
2023-04-06,3628.0,3641.0,3595.0,3598.0,414771,715444,3620.0
2023-04-07,3588.0,3589.0,3539.0,3562.0,591660,663688,3559.0
2023-04-10,3560.0,3565.0,3531.0,3551.0,389538,627034,3551.0
2023-04-11,3585.0,3611.0,3551.0,3598.0,637521,943050,3582.0
2023-04-12,3596.0,3606.0,3542.0,3556.0,695725,969923,3570.0
2023-04-13,3561.0,3612.0,3558.0,3607.0,778042,1008418,3585.0
2023-04-14,3613.0,3623.0,3551.0,3551.0,882344,1068416,3588.0
2023-04-17,3551.0,3563.0,3505.0,3563.0,973596,1103078,3535.0
2023-04-18,3567.0,3607.0,3565.0,3595.0,882989,1160324,3588.0
2023-04-19,3586.0,3586.0,3485.0,3490.0,1246184,1314408,3533.0
2023-04-20,3489.0,3494.0,3409.0,3445.0,1210061,1372077,3448.0
2023-04-21,3436.0,3460.0,3402.0,3405.0,942738,1380471,3434.0
2023-04-24,3403.0,3440.0,3362.0,3431.0,1098366,1348922,3403.0
2023-04-25,3431.0,3444.0,3380.0,3425.0,1014083,1384928,3413.0
2023-04-26,3418.0,3475.0,3396.0,3472.0,1256712,1399014,3439.0
2023-04-27,3464.0,3475.0,3440.0,3450.0,965090,1404180,3457.0
2023-04-28,3441.0,3515.0,3428.0,3497.0,1077250,1416693,3478.0
2023-05-04,3503.0,3510.0,3460.0,3469.0,766599,1410343,3479.0
2023-05-05,3462.0,3524.0,3447.0,3518.0,1154436,1455345,3487.0
2023-05-08,3517.0,3565.0,3512.0,3544.0,1159403,1491404,3540.0
2023-05-09,3550.0,3553.0,3511.0,3527.0,876473,1514982,3531.0
2023-05-10,3520.0,3520.0,3461.0,3481.0,1138298,1510039,3490.0
2023-05-11,3481.0,3499.0,3455.0,3484.0,874186,1503255,3477.0
2023-05-12,3469.0,3552.0,3450.0,3537.0,1185989,1518335,3509.0
2023-05-15,3532.0,3536.0,3479.0,3506.0,1075011,1483984,3502.0
2023-05-16,3521.0,3557.0,3512.0,3548.0,954852,1481745,3537.0
2023-05-17,3544.0,3544.0,3457.0,3475.0,1059883,1410598,3489.0
2023-05-18,3470.0,3503.0,3435.0,3489.0,1140164,1427664,3476.0
2023-05-19,3473.0,3515.0,3450.0,3453.0,1170725,1416910,3483.0
2023-05-22,3465.0,3477.0,3413.0,3440.0,1214167,1400847,3443.0
2023-05-23,3455.0,3515.0,3442.0,3488.0,1045732,1419076,3488.0
2023-05-24,3500.0,3509.0,3438.0,3446.0,879658,1421308,3469.0
2023-05-25,3446.0,3476.0,3423.0,3434.0,979460,1397386,3445.0
2023-05-26,3441.0,3454.0,3403.0,3451.0,1038700,1366302,3428.0
2023-05-29,3460.0,3491.0,3416.0,3424.0,1103377,1377622,3456.0
2023-05-30,3426.0,3436.0,3408.0,3416.0,825845,1393720,3420.0
2023-05-31,3415.0,3424.0,3358.0,3379.0,1158607,1354291,3387.0
2023-06-01,3360.0,3460.0,3339.0,3444.0,1204658,1333123,3409.0
2023-06-02,3455.0,3463.0,3364.0,3398.0,1239826,1286005,3408.0
2023-06-05,3401.0,3528.0,3389.0,3499.0,1427899,1323443,3470.0
2023-06-06,3497.0,3526.0,3490.0,3505.0,1033275,1301241,3509.0
2023-06-07,3502.0,3515.0,3468.0,3478.0,927710,1249164,3490.0
2023-06-08,3480.0,3489.0,3460.0,3481.0,815306,1200220,3476.0
2023-06-09,3492.0,3505.0,3475.0,3494.0,745548,1197527,3488.0
2023-06-12,3497.0,3538.0,3489.0,3507.0,940947,1214469,3512.0
2023-06-13,3515.0,3546.0,3490.0,3542.0,934312,1249734,3513.0
2023-06-14,3559.0,3570.0,3527.0,3538.0,763468,1277431,3546.0
2023-06-15,3529.0,3604.0,3516.0,3595.0,1044245,1310331,3559.0
2023-06-16,3609.0,3686.0,3602.0,3665.0,1289550,1343634,3649.0
2023-06-19,3720.0,3735.0,3675.0,3705.0,1342446,1329379,3700.0
2023-06-20,3710.0,3790.0,3706.0,3755.0,1237170,1345087,3757.0
2023-06-21,3745.0,3820.0,3735.0,3819.0,1226081,1375204,3783.0
2023-06-26,3725.0,3789.0,3723.0,3787.0,771150,1367264,3757.0
2023-06-27,3795.0,3815.0,3740.0,3751.0,1148115,1342037,3769.0
2023-06-28,3710.0,3757.0,3697.0,3740.0,1086620,1339549,3724.0
2023-06-29,3714.0,3740.0,3688.0,3736.0,1201314,1325917,3715.0
2023-06-30,3723.0,3778.0,3704.0,3756.0,1168990,1289040,3741.0
2023-07-03,3756.0,3965.0,3746.0,3965.0,1130889,1296165,3893.0
2023-07-04,4030.0,4030.0,3926.0,3977.0,1654175,1273358,3976.0
2023-07-05,3972.0,4018.0,3958.0,3991.0,1145804,1273284,3986.0
2023-07-06,3989.0,4005.0,3940.0,3985.0,1141839,1301047,3977.0
2023-07-07,3974.0,3987.0,3945.0,3967.0,1059982,1301697,3967.0
2023-07-10,3959.0,3977.0,3898.0,3975.0,1185659,1277716,3934.0
2023-07-11,3990.0,4045.0,3984.0,3994.0,1208258,1259271,4010.0
2023-07-12,4015.0,4071.0,3983.0,4051.0,948510,1282282,4033.0
2023-07-13,4060.0,4096.0,3972.0,4020.0,1226458,1271499,4025.0
2023-07-14,4035.0,4095.0,4022.0,4023.0,975633,1246438,4052.0
2023-07-17,4050.0,4089.0,4030.0,4064.0,1088375,1267936,4062.0
2023-07-18,4084.0,4111.0,4056.0,4068.0,1234397,1283031,4082.0
2023-07-19,4097.0,4158.0,4088.0,4155.0,1257550,1350835,4137.0
2023-07-20,4192.0,4230.0,4157.0,4188.0,1491514,1314737,4193.0
2023-07-21,4181.0,4185.0,4138.0,4156.0,1120053,1278911,4159.0
2023-07-24,4140.0,4208.0,4137.0,4164.0,1346118,1252832,4178.0
2023-07-25,4190.0,4258.0,4175.0,4236.0,1162213,1260853,4216.0
2023-07-26,4217.0,4273.0,4211.0,4270.0,1017495,1270521,4240.0
2023-07-27,4267.0,4374.0,4261.0,4311.0,1429696,1225691,4324.0
2023-07-28,4314.0,4346.0,4266.0,4274.0,1278669,1154936,4302.0
2023-07-31,4262.0,4277.0,4195.0,4253.0,1227735,1100388,4237.0
2023-08-01,4246.0,4314.0,4246.0,4311.0,1199660,1041141,4285.0
2023-08-02,4297.0,4353.0,4284.0,4339.0,1067587,996692,4322.0
2023-08-03,4308.0,4342.0,4279.0,4322.0,1116415,926748,4313.0
2023-08-04,4325.0,4358.0,4317.0,4349.0,963265,883053,4337.0
2023-08-07,4352.0,4387.0,4321.0,4372.0,1094492,854467,4360.0
2023-08-08,4363.0,4389.0,4332.0,4371.0,827115,838934,4362.0
2023-08-09,4358.0,4466.0,4345.0,4426.0,1015795,758522,4410.0
2023-08-10,4427.0,4491.0,4413.0,4488.0,698741,722275,4444.0
2023-08-11,4489.0,4514.0,4445.0,4487.0,799935,628233,4481.0
2023-08-14,3860.0,3884.0,3800.0,3883.0,1197091,1556003,3841.0
2023-08-15,3890.0,3929.0,3872.0,3914.0,1343261,1611722,3906.0
2023-08-16,3898.0,3910.0,3865.0,3900.0,1212313,1635027,3887.0
2023-08-17,3902.0,3977.0,3902.0,3962.0,1401852,1693166,3940.0
2023-08-18,3950.0,4022.0,3940.0,4010.0,1481616,1766131,3982.0
2023-08-21,3990.0,4125.0,3986.0,4088.0,1742911,1762033,4068.0
2023-08-22,4089.0,4097.0,3972.0,3974.0,1736491,1741968,4037.0
2023-08-23,3990.0,4024.0,3964.0,3979.0,1434258,1780520,3994.0
2023-08-24,3980.0,4034.0,3977.0,3997.0,1300444,1824166,4002.0
2023-08-25,3998.0,4092.0,3984.0,4075.0,1407032,1835330,4045.0
2023-08-28,4086.0,4193.0,4064.0,4120.0,1993719,1860535,4133.0
2023-08-29,4120.0,4176.0,4115.0,4144.0,1476214,1850951,4148.0
2023-08-30,4140.0,4159.0,4111.0,4136.0,1149074,1824983,4134.0
2023-08-31,4155.0,4165.0,4123.0,4137.0,1025790,1811100,4144.0
2023-09-01,4137.0,4150.0,4075.0,4105.0,1775440,1856922,4109.0
2023-09-04,4105.0,4131.0,4019.0,4032.0,1749973,1823908,4076.0
2023-09-05,4036.0,4110.0,4033.0,4086.0,1189951,1854648,4076.0
2023-09-06,4086.0,4147.0,4075.0,4135.0,1149962,1863808,4118.0
2023-09-07,4150.0,4173.0,4113.0,4137.0,1217989,1840232,4144.0
2023-09-08,4140.0,4140.0,4053.0,4062.0,1520533,1773316,4090.0
2023-09-11,4080.0,4132.0,4065.0,4103.0,1104627,1770711,4098.0
2023-09-12,4111.0,4120.0,4044.0,4057.0,1169856,1775221,4084.0
2023-09-13,4059.0,4062.0,3973.0,3995.0,1749566,1755348,4004.0
2023-09-14,3996.0,4014.0,3948.0,3979.0,1263498,1736765,3982.0
2023-09-15,3985.0,4069.0,3980.0,4062.0,1221411,1726942,4026.0
2023-09-18,4040.0,4066.0,4008.0,4029.0,1063260,1730240,4036.0
2023-09-19,4027.0,4031.0,3925.0,3941.0,1486460,1717711,3972.0
2023-09-20,3952.0,3995.0,3936.0,3988.0,1044402,1713809,3969.0
2023-09-21,3994.0,3994.0,3930.0,3949.0,1081888,1699290,3960.0
2023-09-22,3941.0,3971.0,3917.0,3962.0,1029599,1687627,3941.0
2023-09-25,3961.0,3974.0,3915.0,3941.0,1081256,1656190,3944.0
2023-09-26,3950.0,4011.0,3922.0,3974.0,1190521,1668092,3975.0
2023-09-27,3975.0,4021.0,3939.0,4006.0,1128103,1635977,3979.0
2023-09-28,4006.0,4026.0,3974.0,3996.0,884561,1566592,4000.0
2023-10-09,3930.0,3930.0,3861.0,3867.0,952062,1514491,3890.0
2023-10-10,3869.0,3870.0,3792.0,3795.0,1120934,1545890,3831.0
2023-10-11,3805.0,3838.0,3762.0,3787.0,1188644,1534768,3800.0
2023-10-12,3776.0,3819.0,3773.0,3815.0,1039472,1479479,3802.0
2023-10-13,3818.0,3892.0,3803.0,3873.0,1134346,1440339,3856.0
2023-10-16,3895.0,3901.0,3842.0,3885.0,954355,1438355,3871.0
2023-10-17,3875.0,3908.0,3870.0,3884.0,799150,1438008,3888.0
2023-10-18,3900.0,3956.0,3892.0,3893.0,1149446,1438186,3918.0
2023-10-19,3900.0,3925.0,3863.0,3911.0,974389,1435067,3896.0
2023-10-20,3915.0,3946.0,3891.0,3913.0,1045966,1425655,3919.0
2023-10-23,3909.0,3952.0,3874.0,3886.0,1225522,1381725,3903.0
2023-10-24,3875.0,3883.0,3834.0,3859.0,1204862,1355426,3855.0
2023-10-25,3860.0,3943.0,3849.0,3895.0,1214490,1357121,3898.0
2023-10-26,3888.0,3916.0,3863.0,3908.0,974957,1361174,3890.0
2023-10-27,3910.0,3938.0,3905.0,3929.0,995740,1396980,3923.0
2023-10-30,3940.0,4016.0,3940.0,3992.0,1306823,1432155,3980.0
2023-10-31,3977.0,3977.0,3912.0,3916.0,1146756,1355984,3940.0
2023-11-01,3935.0,3963.0,3922.0,3957.0,1025930,1373404,3941.0
2023-11-02,3965.0,4002.0,3956.0,3997.0,971156,1409979,3983.0
2023-11-03,3998.0,4050.0,3986.0,4039.0,980092,1416407,4016.0
2023-11-06,4051.0,4124.0,4035.0,4118.0,1193756,1470005,4082.0
2023-11-07,4120.0,4142.0,4100.0,4100.0,1089983,1453476,4120.0
2023-11-08,4106.0,4159.0,4104.0,4129.0,1128557,1458938,4132.0
2023-11-09,4149.0,4162.0,4101.0,4119.0,1031330,1436279,4130.0
2023-11-10,4115.0,4126.0,4027.0,4028.0,1355205,1340955,4070.0
2023-11-13,4028.0,4072.0,4024.0,4058.0,856246,1312622,4049.0
2023-11-14,4054.0,4145.0,4045.0,4094.0,1016708,1288877,4097.0
2023-11-15,4094.0,4145.0,4086.0,4138.0,894691,1302100,4118.0
2023-11-16,4146.0,4149.0,4095.0,4126.0,808972,1288557,4118.0
2023-11-17,4097.0,4105.0,4028.0,4036.0,1075939,1245175,4058.0
2023-11-20,4036.0,4036.0,3952.0,3987.0,1388508,1170488,3987.0
2023-11-21,3987.0,4034.0,3981.0,4029.0,981579,1142896,4009.0
2023-11-22,4030.0,4066.0,3986.0,3997.0,829012,1118274,4026.0
2023-11-23,3993.0,4003.0,3945.0,3956.0,858594,1103807,3970.0
2023-11-24,3951.0,3984.0,3948.0,3969.0,513331,1103505,3966.0
2023-11-27,3978.0,3991.0,3886.0,3902.0,885472,1080697,3928.0
2023-11-28,3913.0,3920.0,3865.0,3899.0,765252,1067063,3886.0
2023-11-29,3907.0,3923.0,3871.0,3884.0,647318,1046833,3897.0
2023-11-30,3897.0,3910.0,3860.0,3885.0,821478,1018331,3884.0
2023-12-01,3878.0,3894.0,3821.0,3860.0,898692,988141,3862.0
2023-12-04,3856.0,3905.0,3854.0,3886.0,849549,948002,3881.0
2023-12-05,3886.0,3939.0,3872.0,3905.0,1024713,823748,3905.0
2023-12-06,3900.0,3935.0,3874.0,3927.0,735132,818991,3901.0
2023-12-07,3927.0,3953.0,3878.0,3943.0,704151,733164,3922.0
2023-12-08,3961.0,3981.0,3940.0,3978.0,527124,653374,3961.0
2023-12-11,3428.0,3470.0,3413.0,3418.0,813706,1232643,3432.0
2023-12-12,3423.0,3483.0,3410.0,3479.0,884968,1297412,3454.0
2023-12-13,3472.0,3480.0,3439.0,3463.0,766283,1323291,3458.0
2023-12-14,3455.0,3459.0,3404.0,3409.0,876100,1333459,3430.0
2023-12-15,3410.0,3446.0,3401.0,3404.0,742331,1322146,3424.0
2023-12-18,3414.0,3418.0,3361.0,3376.0,795667,1325088,3386.0
2023-12-19,3379.0,3417.0,3372.0,3380.0,725813,1330169,3393.0
2023-12-20,3370.0,3382.0,3343.0,3355.0,851729,1371101,3362.0
2023-12-21,3355.0,3365.0,3328.0,3355.0,1024227,1381303,3345.0
2023-12-22,3357.0,3367.0,3311.0,3322.0,980929,1395943,3332.0
2023-12-25,3328.0,3358.0,3314.0,3344.0,871637,1401118,3336.0
2023-12-26,3342.0,3370.0,3334.0,3338.0,699543,1398431,3351.0
2023-12-27,3330.0,3367.0,3326.0,3364.0,996284,1396052,3350.0
2023-12-28,3357.0,3384.0,3342.0,3360.0,822623,1382965,3361.0
2023-12-29,3361.0,3378.0,3313.0,3313.0,1026696,1383978,3343.0
2024-01-02,3290.0,3294.0,3234.0,3248.0,884958,1429605,3258.0
2024-01-03,3255.0,3255.0,3224.0,3245.0,696827,1403900,3239.0
2024-01-04,3248.0,3272.0,3240.0,3259.0,656713,1395513,3254.0
2024-01-05,3254.0,3259.0,3198.0,3205.0,831901,1441603,3226.0
2024-01-08,3200.0,3202.0,3151.0,3157.0,845592,1434756,3174.0
2024-01-09,3150.0,3170.0,3133.0,3162.0,709018,1446051,3154.0
2024-01-10,3163.0,3173.0,3130.0,3144.0,844483,1455228,3152.0
2024-01-11,3140.0,3145.0,3108.0,3135.0,925690,1488605,3125.0
2024-01-12,3127.0,3131.0,3075.0,3078.0,1126347,1591570,3098.0
2024-01-15,3078.0,3092.0,3029.0,3072.0,1208481,1608058,3068.0
2024-01-16,3063.0,3084.0,3050.0,3083.0,934543,1622658,3064.0
2024-01-17,3084.0,3098.0,3050.0,3054.0,948347,1657901,3076.0
2024-01-18,3043.0,3045.0,2988.0,3028.0,1483316,1656470,3017.0
2024-01-19,3032.0,3056.0,3015.0,3037.0,900991,1646722,3035.0
2024-01-22,3041.0,3067.0,3027.0,3039.0,1027285,1599048,3048.0
2024-01-23,3030.0,3065.0,3021.0,3047.0,860859,1598327,3046.0
2024-01-24,3056.0,3080.0,3053.0,3072.0,966427,1562450,3066.0
2024-01-25,3070.0,3085.0,3031.0,3050.0,1152009,1624197,3060.0
2024-01-26,3050.0,3051.0,2996.0,3007.0,1398809,1708447,3018.0
2024-01-29,2985.0,2988.0,2931.0,2952.0,1423920,1717407,2955.0
2024-01-30,2948.0,2975.0,2928.0,2944.0,1103599,1713807,2948.0
2024-01-31,2955.0,3018.0,2953.0,2994.0,1298710,1625456,2986.0
2024-02-01,2998.0,3047.0,2991.0,3033.0,1255921,1568889,3020.0
2024-02-02,3023.0,3031.0,2991.0,2997.0,1234806,1547703,3009.0
2024-02-05,3008.0,3024.0,2971.0,2993.0,1068865,1522173,2999.0
2024-02-06,2978.0,3013.0,2973.0,3002.0,799624,1519264,2993.0
2024-02-07,3006.0,3021.0,2974.0,2982.0,787206,1496097,2999.0
2024-02-08,2970.0,3011.0,2958.0,3007.0,723675,1412964,2983.0
2024-02-19,2999.0,3044.0,2996.0,3042.0,654355,1446980,3025.0
2024-02-20,3050.0,3070.0,3022.0,3026.0,890889,1484741,3042.0
2024-02-21,3025.0,3042.0,2992.0,3001.0,1099279,1555702,3012.0
2024-02-22,2988.0,2997.0,2968.0,2989.0,914329,1640606,2983.0
2024-02-23,2990.0,2998.0,2965.0,2996.0,874395,1642896,2983.0
2024-02-26,2990.0,3005.0,2967.0,2989.0,1085177,1662867,2987.0
2024-02-27,2980.0,3032.0,2974.0,3031.0,1123454,1649488,3011.0
2024-02-28,3032.0,3047.0,3013.0,3020.0,924970,1675386,3028.0
2024-02-29,3020.0,3036.0,3005.0,3021.0,963079,1648154,3021.0
2024-03-01,3003.0,3089.0,3000.0,3086.0,1471222,1649188,3049.0
2024-03-04,3086.0,3142.0,3083.0,3141.0,1332673,1605127,3109.0
2024-03-05,3140.0,3150.0,3112.0,3135.0,1467176,1574940,3129.0
2024-03-06,3126.0,3153.0,3122.0,3127.0,1146506,1593254,3134.0
2024-03-07,3122.0,3153.0,3112.0,3145.0,1087177,1585129,3131.0
2024-03-08,3165.0,3236.0,3151.0,3234.0,1800346,1604731,3185.0
2024-03-11,3218.0,3263.0,3186.0,3214.0,1561018,1551957,3220.0
2024-03-12,3206.0,3257.0,3193.0,3224.0,1265045,1533302,3228.0
2024-03-13,3237.0,3257.0,3201.0,3218.0,1464278,1527550,3226.0
2024-03-14,3208.0,3281.0,3203.0,3266.0,1821233,1505165,3239.0
2024-03-15,3266.0,3312.0,3238.0,3292.0,1925437,1463153,3278.0
2024-03-18,3270.0,3337.0,3260.0,3266.0,1803985,1446671,3290.0
2024-03-19,3271.0,3301.0,3266.0,3287.0,1255258,1427221,3281.0
2024-03-20,3280.0,3330.0,3278.0,3324.0,1216055,1429322,3302.0
2024-03-21,3339.0,3415.0,3324.0,3385.0,1666433,1424130,3370.0
2024-03-22,3377.0,3386.0,3305.0,3316.0,1498443,1379158,3345.0
2024-03-25,3315.0,3320.0,3226.0,3249.0,1700586,1308137,3264.0
2024-03-26,3252.0,3278.0,3247.0,3258.0,1033402,1263478,3261.0
2024-03-27,3257.0,3276.0,3233.0,3261.0,1121250,1184432,3254.0
2024-03-28,3260.0,3269.0,3199.0,3224.0,1292454,1057619,3229.0
2024-03-29,3226.0,3267.0,3210.0,3257.0,922923,1004475,3239.0
2024-04-01,3255.0,3287.0,3228.0,3286.0,858876,949744,3260.0
2024-04-02,3345.0,3357.0,3306.0,3317.0,1111195,1612256,3331.0
2024-04-03,3322.0,3330.0,3257.0,3293.0,1461433,1648113,3291.0
2024-04-08,3315.0,3346.0,3306.0,3323.0,805533,1690520,3327.0
2024-04-09,3330.0,3347.0,3303.0,3335.0,1198160,1800955,3332.0
2024-04-10,3330.0,3344.0,3308.0,3321.0,1135254,1849556,3326.0
2024-04-11,3315.0,3317.0,3276.0,3287.0,1297854,1883982,3294.0
2024-04-12,3282.0,3326.0,3271.0,3325.0,1205052,1910356,3291.0
2024-04-15,3335.0,3370.0,3335.0,3357.0,1682370,1976988,3355.0
2024-04-16,3356.0,3419.0,3336.0,3385.0,1663515,2035388,3377.0
2024-04-17,3380.0,3395.0,3285.0,3287.0,2052314,1955812,3326.0
2024-04-18,3288.0,3329.0,3277.0,3322.0,1208084,1959652,3307.0
2024-04-19,3308.0,3364.0,3302.0,3353.0,1525308,1974110,3331.0
2024-04-22,3351.0,3367.0,3330.0,3338.0,1187054,1996313,3350.0
2024-04-23,3342.0,3401.0,3316.0,3363.0,1720116,2022310,3364.0
2024-04-24,3350.0,3400.0,3345.0,3397.0,1252611,2114938,3381.0
2024-04-25,3398.0,3409.0,3355.0,3377.0,1451753,2142090,3378.0
2024-04-26,3373.0,3396.0,3356.0,3386.0,1219622,2144031,3380.0
2024-04-29,3380.0,3404.0,3353.0,3375.0,1189748,2129087,3376.0
2024-04-30,3380.0,3399.0,3364.0,3399.0,1271767,2095592,3384.0
2024-05-06,3474.0,3494.0,3454.0,3475.0,1202584,2147464,3478.0
2024-05-07,3486.0,3595.0,3485.0,3591.0,2296508,2240282,3556.0
2024-05-08,3575.0,3612.0,3563.0,3594.0,2093968,2323885,3587.0
2024-05-09,3581.0,3618.0,3553.0,3571.0,2037850,2346994,3582.0
2024-05-10,3561.0,3573.0,3503.0,3523.0,2077547,2263120,3536.0
2024-05-13,3524.0,3564.0,3520.0,3559.0,1394072,2284946,3542.0
2024-05-14,3551.0,3582.0,3530.0,3536.0,1465774,2289142,3559.0
2024-05-15,3527.0,3571.0,3521.0,3565.0,1202660,2302477,3549.0
2024-05-16,3580.0,3583.0,3541.0,3550.0,1199995,2292083,3562.0
2024-05-17,3553.0,3600.0,3542.0,3592.0,1393390,2308938,3571.0
2024-05-20,3590.0,3601.0,3558.0,3583.0,1330361,2272486,3578.0
2024-05-21,3585.0,3636.0,3566.0,3580.0,2109697,2272234,3601.0
2024-05-22,3582.0,3624.0,3568.0,3622.0,1352672,2287063,3594.0
2024-05-23,3614.0,3633.0,3585.0,3622.0,1813993,2280409,3613.0
2024-05-24,3641.0,3659.0,3585.0,3589.0,1747014,2294023,3624.0
2024-05-27,3599.0,3630.0,3581.0,3588.0,1423191,2251447,3599.0
2024-05-28,3588.0,3621.0,3550.0,3560.0,1515711,2193956,3589.0
2024-05-29,3550.0,3556.0,3465.0,3509.0,2350702,2072224,3503.0
2024-05-30,3497.0,3505.0,3462.0,3481.0,1345371,2030757,3486.0
2024-05-31,3482.0,3502.0,3469.0,3495.0,1055510,1997370,3485.0
2024-06-03,3508.0,3509.0,3437.0,3447.0,1228971,1973553,3466.0
2024-06-04,3460.0,3476.0,3432.0,3466.0,1145505,1982448,3457.0
2024-06-05,3455.0,3500.0,3454.0,3487.0,1194279,2022283,3480.0
2024-06-06,3490.0,3503.0,3463.0,3502.0,1150190,2011086,3486.0
2024-06-07,3503.0,3532.0,3488.0,3494.0,1243405,1989556,3510.0
2024-06-11,3498.0,3520.0,3472.0,3477.0,750496,1989722,3489.0
2024-06-12,3480.0,3494.0,3455.0,3485.0,1087413,1988134,3473.0
2024-06-13,3480.0,3496.0,3415.0,3417.0,1543972,2035860,3459.0
2024-06-14,3430.0,3468.0,3426.0,3457.0,1132156,1969692,3446.0
2024-06-17,3455.0,3458.0,3373.0,3399.0,1379866,1940071,3411.0
2024-06-18,3397.0,3397.0,3355.0,3362.0,1202467,1909550,3371.0
2024-06-19,3370.0,3382.0,3353.0,3374.0,989483,1833355,3370.0
2024-06-20,3380.0,3388.0,3353.0,3379.0,1172398,1796389,3370.0
2024-06-21,3360.0,3372.0,3326.0,3334.0,1274629,1782029,3346.0
2024-06-24,3334.0,3374.0,3321.0,3347.0,1220332,1774640,3349.0
2024-06-25,3338.0,3372.0,3325.0,3358.0,1024494,1784918,3345.0
2024-06-26,3342.0,3376.0,3331.0,3360.0,1077693,1814070,3351.0
2024-06-27,3350.0,3375.0,3339.0,3363.0,1210970,1807701,3358.0
2024-06-28,3372.0,3382.0,3354.0,3374.0,956329,1780999,3368.0
2024-07-01,3375.0,3387.0,3328.0,3366.0,1440504,1826382,3356.0
2024-07-02,3353.0,3400.0,3340.0,3393.0,1471131,1752114,3367.0
2024-07-03,3401.0,3421.0,3370.0,3381.0,1250461,1769687,3394.0
2024-07-04,3389.0,3394.0,3293.0,3307.0,1771139,1851877,3345.0
2024-07-05,3310.0,3355.0,3298.0,3338.0,1167121,1742897,3327.0
2024-07-08,3338.0,3359.0,3308.0,3313.0,1111714,1721949,3332.0
2024-07-09,3300.0,3300.0,3244.0,3258.0,1338654,1652718,3266.0
2024-07-10,3268.0,3273.0,3197.0,3225.0,1226791,1576677,3230.0
2024-07-11,3241.0,3248.0,3184.0,3185.0,999446,1598755,3213.0
2024-07-12,3201.0,3206.0,3164.0,3166.0,1056263,1568910,3188.0
2024-07-15,3170.0,3176.0,3091.0,3105.0,1374114,1554110,3122.0
2024-07-16,3090.0,3119.0,3071.0,3084.0,1191815,1545176,3093.0
2024-07-17,3088.0,3186.0,3083.0,3111.0,2173390,1459391,3131.0
2024-07-18,3121.0,3123.0,3093.0,3112.0,1037472,1456103,3108.0
2024-07-19,3113.0,3157.0,3099.0,3148.0,1164392,1433492,3128.0
2024-07-22,3157.0,3180.0,3138.0,3163.0,1041876,1433181,3158.0
2024-07-23,3161.0,3197.0,3144.0,3154.0,1167286,1437595,3170.0
2024-07-24,3175.0,3183.0,3141.0,3159.0,1201027,1426217,3166.0
2024-07-25,3162.0,3179.0,3126.0,3142.0,1162703,1386203,3148.0
2024-07-26,3156.0,3190.0,3150.0,3161.0,1147450,1368353,3169.0
2024-07-29,3140.0,3154.0,3046.0,3101.0,1580660,1375323,3099.0
2024-07-30,3080.0,3109.0,3066.0,3084.0,987365,1319954,3084.0
2024-07-31,3065.0,3097.0,3054.0,3093.0,1059026,1267010,3072.0
2024-08-01,3085.0,3092.0,3029.0,3072.0,1184480,1233961,3065.0
2024-08-02,3063.0,3087.0,3047.0,3084.0,902804,1171415,3065.0
2024-08-05,3084.0,3098.0,3047.0,3055.0,919749,1146284,3075.0
2024-08-06,3029.0,3068.0,3017.0,3023.0,998229,1103100,3038.0
2024-08-07,3031.0,3037.0,2962.0,2979.0,1148759,1048785,2997.0
2024-08-08,2981.0,3012.0,2972.0,2992.0,894169,922297,2990.0
2024-08-09,2992.0,3002.0,2952.0,2991.0,825611,844205,2978.0
2024-08-12,2997.0,3005.0,2943.0,2981.0,775961,750416,2980.0
2024-08-13,2968.0,2988.0,2862.0,2877.0,879813,649471,2929.0
2024-08-14,2938.0,2938.0,2866.0,2911.0,1287927,1279089,2902.0
2024-08-15,2923.0,2954.0,2920.0,2949.0,1013529,1298632,2938.0
2024-08-16,2930.0,2975.0,2926.0,2936.0,1069542,1309294,2947.0
2024-08-19,2931.0,2961.0,2908.0,2917.0,1016556,1343709,2932.0
2024-08-20,2916.0,2971.0,2916.0,2942.0,942080,1370758,2942.0
2024-08-21,2942.0,2964.0,2923.0,2960.0,1032334,1406122,2943.0
2024-08-22,2960.0,2979.0,2940.0,2944.0,1024640,1393574,2963.0
2024-08-23,2931.0,2958.0,2928.0,2929.0,909331,1428021,2942.0
2024-08-26,2930.0,2965.0,2902.0,2955.0,1510879,1487136,2933.0
2024-08-27,2940.0,2985.0,2937.0,2978.0,1064250,1511884,2962.0
2024-08-28,2985.0,3032.0,2984.0,3002.0,1500377,1544870,3008.0
2024-08-29,2989.0,3013.0,2979.0,2998.0,950716,1583368,3000.0
2024-08-30,3013.0,3047.0,3002.0,3027.0,1111433,1561979,3023.0
2024-09-02,3037.0,3045.0,3001.0,3031.0,1310662,1528740,3021.0
2024-09-03,3035.0,3132.0,3021.0,3070.0,2652460,1525956,3061.0
2024-09-04,3080.0,3081.0,3023.0,3036.0,1862827,1472108,3052.0
2024-09-05,3048.0,3103.0,3040.0,3079.0,1986015,1446459,3072.0
2024-09-06,3076.0,3128.0,3070.0,3122.0,1716143,1434576,3097.0
2024-09-09,3135.0,3145.0,3062.0,3091.0,1899728,1363455,3098.0
2024-09-10,3106.0,3111.0,3033.0,3040.0,1558256,1377091,3073.0
2024-09-11,3025.0,3065.0,3008.0,3063.0,1334233,1345310,3037.0
2024-09-12,3055.0,3064.0,3027.0,3051.0,1194266,1353889,3044.0
2024-09-13,3054.0,3087.0,3028.0,3075.0,1292466,1320196,3057.0
2024-09-18,3085.0,3139.0,3082.0,3138.0,1199666,1342233,3121.0
2024-09-19,3135.0,3136.0,3065.0,3065.0,1392790,1341345,3096.0
2024-09-20,3074.0,3080.0,3034.0,3065.0,1307293,1339776,3058.0
2024-09-23,3050.0,3071.0,3023.0,3056.0,1215930,1324514,3045.0
2024-09-24,3071.0,3110.0,3065.0,3102.0,1263709,1297733,3092.0
2024-09-25,3127.0,3132.0,3058.0,3061.0,1449937,1342707,0.0
2024-09-26,3048.0,3130.0,3045.0,3116.0,1572093,1271314,3097.0
2024-09-27,3127.0,3130.0,3061.0,3089.0,1496655,1283304,3089.0
2024-09-30,3085.0,3177.0,3075.0,3150.0,1579907,1342957,3127.0
2024-10-08,3100.0,3110.0,3004.0,3019.0,1277324,1430791,3052.0
2024-10-09,3019.0,3070.0,3012.0,3026.0,1343404,1455978,3042.0
2024-10-10,3023.0,3040.0,2984.0,3022.0,1221122,1488599,3021.0
2024-10-11,3012.0,3022.0,2971.0,2974.0,1224523,1554800,3000.0
2024-10-14,2981.0,3014.0,2955.0,2991.0,1442315,1525423,2983.0
2024-10-15,2983.0,3019.0,2977.0,2992.0,1138013,1532553,2997.0
2024-10-16,2989.0,3015.0,2968.0,3009.0,1077843,1521055,2998.0
2024-10-17,3006.0,3033.0,2952.0,2961.0,1358422,1578174,2993.0
2024-10-18,2960.0,3005.0,2931.0,2995.0,1260723,1514911,2970.0
2024-10-21,2995.0,3020.0,2944.0,2985.0,1340684,1513916,2983.0
2024-10-22,2980.0,2991.0,2964.0,2978.0,774124,1521600,2976.0
2024-10-23,2982.0,3017.0,2966.0,2988.0,1267512,1522343,2993.0
2024-10-24,2982.0,3003.0,2975.0,2984.0,946497,1540972,2989.0
2024-10-25,3007.0,3022.0,2946.0,2948.0,1337716,1650157,2979.0
2024-10-28,2953.0,2998.0,2930.0,2985.0,1311338,1570461,2965.0
2024-10-29,2980.0,3017.0,2958.0,3012.0,1278880,1567183,2983.0
2024-10-30,3015.0,3026.0,2966.0,3015.0,1543142,1528721,2995.0
2024-10-31,3015.0,3020.0,2983.0,2992.0,985734,1521998,2999.0
2024-11-01,3005.0,3007.0,2962.0,2963.0,1145002,1613832,2986.0
2024-11-04,2970.0,3005.0,2954.0,2985.0,1147814,1550164,2980.0
2024-11-05,2989.0,2996.0,2952.0,2957.0,903669,1589497,2973.0
2024-11-06,2965.0,3012.0,2960.0,3002.0,1513898,1514720,2989.0
2024-11-07,3007.0,3109.0,2999.0,3093.0,2289434,1537465,3068.0
2024-11-08,3112.0,3116.0,3005.0,3013.0,2002591,1443959,3061.0
2024-11-11,3023.0,3103.0,3008.0,3086.0,1654784,1381218,3063.0
2024-11-12,3079.0,3098.0,3056.0,3067.0,1004421,1319824,3077.0
2024-11-13,3060.0,3083.0,3051.0,3059.0,830971,1263081,3067.0
2024-11-14,3060.0,3060.0,3031.0,3035.0,679765,1228382,3045.0
2024-11-15,2903.0,2908.0,2808.0,2814.0,1514286,1850270,2851.0
2024-11-18,2822.0,2834.0,2811.0,2821.0,935137,1880477,2821.0
2024-11-19,2823.0,2844.0,2815.0,2836.0,768469,1888405,2829.0
2024-11-20,2839.0,2840.0,2813.0,2827.0,699709,1915684,2824.0
2024-11-21,2821.0,2830.0,2807.0,2822.0,780874,1968363,2820.0
2024-11-22,2818.0,2819.0,2766.0,2767.0,1269653,2091800,2791.0
2024-11-25,2768.0,2798.0,2767.0,2792.0,970370,2104210,2787.0
2024-11-26,2789.0,2818.0,2778.0,2807.0,1160580,2077028,2801.0
2024-11-27,2813.0,2824.0,2793.0,2804.0,904606,2114896,2806.0
2024-11-28,2802.0,2807.0,2791.0,2800.0,641232,2143775,2798.0
2024-11-29,2799.0,2813.0,2787.0,2801.0,773803,2114846,2802.0
2024-12-02,2807.0,2809.0,2773.0,2783.0,907072,2241379,2786.0
2024-12-03,2780.0,2788.0,2737.0,2757.0,1242029,2378924,2760.0
2024-12-04,2761.0,2766.0,2694.0,2706.0,1453540,2494350,2726.0
2024-12-05,2705.0,2707.0,2645.0,2660.0,1658148,2462115,2672.0
2024-12-06,2658.0,2671.0,2647.0,2656.0,1080277,2463297,2660.0
2024-12-09,2662.0,2685.0,2650.0,2681.0,1010915,2423368,2665.0
2024-12-10,2682.0,2699.0,2662.0,2673.0,1205796,2440356,2681.0
2024-12-11,2673.0,2683.0,2641.0,2650.0,1176106,2581559,2662.0
2024-12-12,2646.0,2660.0,2636.0,2646.0,1075034,2611291,2647.0
2024-12-13,2646.0,2650.0,2616.0,2642.0,1428147,2587746,2636.0
2024-12-16,2643.0,2655.0,2620.0,2651.0,1403209,2587847,2638.0
2024-12-17,2652.0,2655.0,2608.0,2614.0,1262547,2713657,2625.0
2024-12-18,2602.0,2610.0,2562.0,2567.0,1706657,2763005,2585.0
2024-12-19,2561.0,2586.0,2549.0,2572.0,1665243,2752639,2565.0
2024-12-20,2567.0,2637.0,2561.0,2633.0,2116166,2666258,2600.0
2024-12-23,2638.0,2659.0,2608.0,2616.0,1791827,2581872,2627.0
2024-12-24,2617.0,2632.0,2609.0,2628.0,1027395,2574207,2621.0
2024-12-25,2630.0,2649.0,2615.0,2645.0,1116068,2557221,2631.0
2024-12-26,2638.0,2672.0,2624.0,2668.0,1272960,2511561,2649.0
2024-12-27,2672.0,2698.0,2665.0,2670.0,1528419,2467545,2679.0
2024-12-30,2671.0,2687.0,2662.0,2683.0,1237240,2442770,2675.0
2024-12-31,2689.0,2713.0,2682.0,2696.0,1501390,2366120,2696.0
2025-01-02,2722.0,2731.0,2704.0,2716.0,1145644,2321102,2720.0
2025-01-03,2718.0,2728.0,2671.0,2688.0,1895027,2292291,2703.0
2025-01-06,2678.0,2712.0,2652.0,2697.0,1892896,2266318,2683.0
2025-01-07,2710.0,2712.0,2640.0,2647.0,1691120,2299797,2670.0
2025-01-08,2648.0,2672.0,2636.0,2646.0,1272905,2292826,2655.0
2025-01-09,2640.0,2645.0,2613.0,2616.0,1293690,2288773,2628.0
2025-01-10,2616.0,2660.0,2616.0,2659.0,1351136,2262095,2640.0
2025-01-13,2665.0,2744.0,2646.0,2741.0,1669198,2258637,2707.0
2025-01-14,2740.0,2780.0,2734.0,2753.0,1544455,2276393,2751.0
2025-01-15,2746.0,2774.0,2740.0,2772.0,1276348,2292592,2756.0
2025-01-16,2765.0,2791.0,2744.0,2761.0,1429502,2310430,2763.0
2025-01-17,2753.0,2788.0,2733.0,2779.0,1487945,2309560,2762.0
2025-01-20,2777.0,2815.0,2771.0,2812.0,1643299,2278067,2790.0
2025-01-21,2813.0,2865.0,2800.0,2849.0,1963749,2297636,2830.0
2025-01-22,2849.0,2864.0,2824.0,2844.0,1733833,2293011,2848.0
2025-01-23,2846.0,2871.0,2828.0,2836.0,1584837,2286450,2848.0
2025-01-24,2845.0,2863.0,2823.0,2840.0,1277374,2231280,2845.0
2025-01-27,2831.0,2835.0,2783.0,2822.0,1186594,2085658,2810.0
2025-02-05,2897.0,2935.0,2874.0,2932.0,1148940,2152135,2906.0
2025-02-06,2928.0,2941.0,2876.0,2902.0,1635924,2100409,2907.0
2025-02-07,2905.0,2921.0,2861.0,2909.0,1563129,2121699,2894.0
2025-02-10,2898.0,2953.0,2885.0,2899.0,2384120,2240983,2917.0
2025-02-11,2904.0,2914.0,2881.0,2900.0,1727662,2242674,2897.0
2025-02-12,2908.0,2909.0,2835.0,2854.0,1977662,2255678,2867.0
2025-02-13,2837.0,2854.0,2820.0,2845.0,1468626,2251568,2837.0
2025-02-14,2840.0,2895.0,2838.0,2883.0,1901210,2272234,2869.0
2025-02-17,2890.0,2900.0,2843.0,2849.0,1668683,2274740,2868.0
2025-02-18,2850.0,2877.0,2847.0,2858.0,1313441,2290185,2860.0
2025-02-19,2868.0,2905.0,2865.0,2902.0,1453803,2329006,2885.0
2025-02-20,2909.0,2930.0,2893.0,2929.0,1378791,2361145,2909.0
2025-02-21,2922.0,2985.0,2921.0,2945.0,2166845,2417013,2955.0
2025-02-24,2945.0,2964.0,2896.0,2905.0,1918688,2362074,2934.0
2025-02-25,2905.0,2927.0,2885.0,2912.0,1397215,2325018,2909.0
2025-02-26,2900.0,2905.0,2864.0,2886.0,1713854,2289003,2884.0
2025-02-27,2879.0,2942.0,2874.0,2939.0,1811459,2373324,2909.0
2025-02-28,2943.0,2946.0,2915.0,2932.0,1722067,2347894,2928.0
2025-03-03,2932.0,3016.0,2922.0,3007.0,3295074,2526410,2970.0
2025-03-04,3001.0,3025.0,2944.0,2974.0,3651982,2515495,2983.0
2025-03-05,2968.0,2983.0,2877.0,2881.0,3159926,2388573,2925.0
2025-03-06,2895.0,2901.0,2854.0,2893.0,2463990,2270696,2883.0
2025-03-07,2891.0,2924.0,2882.0,2885.0,2093860,2200948,2902.0
2025-03-10,2886.0,2979.0,2863.0,2937.0,3262779,2201707,2928.0
2025-03-11,2940.0,2945.0,2851.0,2855.0,2943228,2140025,2877.0
2025-03-12,2862.0,2875.0,2822.0,2838.0,2150178,2055817,2844.0
2025-03-13,2830.0,2879.0,2825.0,2877.0,2148093,1978026,2859.0
2025-03-14,2886.0,2904.0,2878.0,2901.0,1638474,1942729,2890.0
2025-03-17,2901.0,2929.0,2891.0,2895.0,1898561,1906672,2909.0
2025-03-18,2899.0,2917.0,2889.0,2907.0,1412875,1882645,2903.0
2025-03-19,2907.0,2924.0,2880.0,2909.0,1529830,1839880,2905.0
2025-03-20,2905.0,2935.0,2854.0,2855.0,2348030,1819976,2897.0
2025-03-21,2850.0,2883.0,2845.0,2861.0,1448365,1776189,2864.0
2025-03-24,2860.0,2862.0,2834.0,2858.0,1209601,1753383,2848.0
2025-03-25,2855.0,2879.0,2848.0,2868.0,973231,1716506,2860.0
2025-03-26,2863.0,2874.0,2816.0,2820.0,1570447,1736626,2842.0
2025-03-27,2824.0,2837.0,2806.0,2826.0,1148403,1590086,2822.0
2025-03-28,2970.0,2970.0,2939.0,2942.0,547756,1795382,2952.0
2025-03-31,2942.0,2992.0,2934.0,2989.0,682366,1833643,2966.0
2025-04-01,2985.0,2991.0,2938.0,2951.0,865877,1843857,2961.0
2025-04-02,2960.0,2986.0,2945.0,2983.0,683460,1864781,2969.0
2025-04-03,2983.0,3041.0,2965.0,3039.0,1442436,1960957,3005.0
2025-04-07,3100.0,3120.0,3042.0,3056.0,2068098,2069991,3079.0
2025-04-08,3057.0,3168.0,3048.0,3164.0,2551277,2349506,3102.0
2025-04-09,3162.0,3164.0,3091.0,3119.0,2980757,2416074,3133.0
2025-04-10,3141.0,3146.0,3053.0,3074.0,2599623,2396848,3093.0
2025-04-11,3078.0,3093.0,3051.0,3082.0,1948453,2368722,3074.0
2025-04-14,3086.0,3118.0,3075.0,3104.0,2164045,2426884,3097.0
2025-04-15,3106.0,3124.0,3064.0,3066.0,1944264,2484209,3094.0
2025-04-16,3060.0,3081.0,3011.0,3013.0,2192116,2482896,3043.0
2025-04-17,3027.0,3036.0,3012.0,3020.0,1371591,2427840,3024.0
2025-04-18,3020.0,3031.0,3004.0,3021.0,1403534,2414587,3019.0
2025-04-21,3020.0,3066.0,3012.0,3045.0,1817594,2399555,3043.0
2025-04-22,3048.0,3064.0,3032.0,3054.0,1583221,2416736,3048.0
2025-04-23,3052.0,3064.0,3023.0,3048.0,1733334,2418994,3044.0
2025-04-24,3042.0,3075.0,3034.0,3059.0,1919721,2417063,3055.0
2025-04-25,3055.0,3061.0,3023.0,3031.0,1774441,2437193,3041.0
2025-04-28,3025.0,3034.0,2975.0,2985.0,1850403,2494787,2998.0
2025-04-29,2985.0,2992.0,2961.0,2964.0,1405713,2473108,2977.0
2025-04-30,2961.0,2970.0,2918.0,2920.0,1479625,2453947,2945.0
2025-05-06,2904.0,2932.0,2896.0,2915.0,821492,2473347,2921.0
2025-05-07,2920.0,2929.0,2905.0,2920.0,1299306,2538728,2917.0
2025-05-08,2916.0,2922.0,2895.0,2919.0,1176721,2543725,2912.0
2025-05-09,2926.0,2929.0,2897.0,2899.0,1098731,2607876,2913.0
2025-05-12,2905.0,2911.0,2865.0,2908.0,1806635,2579668,2893.0
2025-05-13,2909.0,2925.0,2885.0,2886.0,1354709,2591086,2903.0
2025-05-14,2885.0,2918.0,2875.0,2914.0,1257254,2548303,2898.0
2025-05-15,2908.0,2925.0,2888.0,2923.0,1193644,2542934,2903.0
2025-05-16,2920.0,2922.0,2890.0,2899.0,1310312,2536619,2902.0
2025-05-19,2895.0,2910.0,2880.0,2886.0,1048384,2571732,2893.0
2025-05-20,2888.0,2895.0,2861.0,2889.0,1023983,2567545,2879.0
2025-05-21,2896.0,2937.0,2885.0,2934.0,1288423,2524917,2908.0
2025-05-22,2936.0,2946.0,2920.0,2939.0,1299829,2490628,2932.0
2025-05-23,2944.0,2966.0,2939.0,2952.0,1187445,2422679,2950.0
2025-05-26,2945.0,2958.0,2935.0,2950.0,1005432,2393203,2947.0
2025-05-27,2952.0,2974.0,2940.0,2966.0,1067156,2373869,2958.0
2025-05-28,2966.0,2978.0,2952.0,2961.0,961683,2316480,2963.0
2025-05-29,2956.0,2967.0,2932.0,2962.0,1247001,2249248,2953.0
2025-05-30,2952.0,2985.0,2944.0,2968.0,1333795,2209609,2966.0
2025-06-03,2950.0,2955.0,2927.0,2935.0,1140522,2221712,2939.0
2025-06-04,2938.0,2948.0,2925.0,2939.0,928744,2224255,2938.0
2025-06-05,2948.0,2965.0,2942.0,2958.0,996089,2187751,2954.0
2025-06-06,2956.0,3016.0,2952.0,3010.0,1739214,2274340,2991.0
2025-06-09,3002.0,3023.0,3000.0,3019.0,1083924,2292836,3011.0
2025-06-10,3016.0,3035.0,3005.0,3031.0,1082721,2319959,3019.0
2025-06-11,3031.0,3055.0,3026.0,3047.0,1264945,2355468,3040.0
2025-06-12,3050.0,3065.0,3032.0,3049.0,1296602,2356309,3046.0
2025-06-13,3055.0,3057.0,3037.0,3041.0,1167825,2318021,3048.0
2025-06-16,3040.0,3060.0,3020.0,3045.0,1422022,2305935,3039.0
2025-06-17,3043.0,3087.0,3034.0,3074.0,1404601,2370120,3061.0
2025-06-18,3075.0,3081.0,3058.0,3062.0,1047245,2324483,3071.0
2025-06-19,3060.0,3078.0,3052.0,3077.0,940043,2323742,3063.0
2025-06-20,3077.0,3086.0,3056.0,3067.0,913041,2339532,3070.0
2025-06-23,3074.0,3076.0,3021.0,3037.0,1158175,2341727,3042.0
2025-06-24,3033.0,3040.0,3013.0,3037.0,904147,2330396,3029.0
2025-06-25,3031.0,3037.0,2988.0,2993.0,1342168,2270410,3009.0
2025-06-26,2986.0,2988.0,2921.0,2936.0,1851366,2252700,2951.0
2025-06-27,2940.0,2949.0,2926.0,2946.0,987064,2221758,2938.0
2025-06-30,2942.0,2968.0,2942.0,2961.0,964679,2163708,2958.0
2025-07-01,2968.0,2971.0,2948.0,2961.0,896669,2148616,2961.0
2025-07-02,2951.0,2960.0,2935.0,2944.0,998822,2169357,2947.0
2025-07-03,2952.0,2976.0,2943.0,2958.0,1025841,2133898,2960.0
2025-07-04,2967.0,2976.0,2950.0,2954.0,810518,2123115,2962.0
2025-07-07,2954.0,2969.0,2931.0,2937.0,927127,2128446,2948.0
2025-07-08,2935.0,2946.0,2931.0,2935.0,713595,2134739,2938.0
2025-07-09,2930.0,2956.0,2925.0,2947.0,895519,2120335,2940.0
2025-07-10,2940.0,2960.0,2928.0,2954.0,1086977,2075754,2943.0
2025-07-11,2952.0,2985.0,2952.0,2976.0,1089715,2008008,2971.0
2025-07-14,2976.0,2995.0,2961.0,2992.0,1019387,1993430,2977.0
2025-07-15,2995.0,2999.0,2972.0,2978.0,854905,1962612,2986.0
2025-07-16,2980.0,2989.0,2969.0,2977.0,750341,1942539,2978.0
2025-07-17,2977.0,3033.0,2975.0,3029.0,1468250,1947148,3011.0
2025-07-18,3031.0,3064.0,3023.0,3056.0,1166958,1907175,3043.0
2025-07-21,3060.0,3070.0,3046.0,3069.0,972455,1885694,3059.0
2025-07-22,3071.0,3097.0,3057.0,3086.0,1180910,1851232,3076.0
2025-07-23,3080.0,3121.0,3077.0,3095.0,1166151,1838499,3096.0
2025-07-24,3091.0,3106.0,3003.0,3025.0,1842107,1668155,3041.0
2025-07-25,3029.0,3038.0,3013.0,3021.0,894109,1623603,3025.0
2025-07-28,3017.0,3023.0,2984.0,2990.0,1020578,1560299,3001.0
2025-07-29,2989.0,2992.0,2963.0,2983.0,1013822,1468086,2974.0
2025-07-30,2983.0,3016.0,2979.0,3010.0,1042163,1438908,3001.0
2025-07-31,3007.0,3021.0,2986.0,3000.0,1060322,1415275,3006.0
2025-08-01,2996.0,3022.0,2989.0,3010.0,1016300,1396108,3004.0
2025-08-04,3033.0,3062.0,3032.0,3055.0,470772,1463460,3050.0
2025-08-05,3052.0,3089.0,3051.0,3065.0,573708,1487930,3069.0
2025-08-06,3076.0,3088.0,3052.0,3072.0,591739,1540786,3072.0
2025-08-07,3077.0,3080.0,3054.0,3078.0,527084,1600487,3068.0
2025-08-08,3086.0,3100.0,3078.0,3094.0,609803,1650480,3088.0
2025-08-11,3090.0,3107.0,3033.0,3072.0,1544163,1695053,3069.0
2025-08-12,3072.0,3100.0,3051.0,3091.0,1107230,1757131,3074.0
2025-08-13,3110.0,3190.0,3090.0,3163.0,1964008,1935807,3145.0
2025-08-14,3170.0,3185.0,3147.0,3157.0,1347343,1990701,3164.0
2025-08-15,3150.0,3154.0,3121.0,3137.0,1042430,2015132,3137.0
2025-08-18,3145.0,3167.0,3123.0,3155.0,1057168,2064068,3147.0
2025-08-19,3155.0,3178.0,3152.0,3161.0,933541,2107908,3167.0
2025-08-20,3158.0,3164.0,3131.0,3160.0,1059141,2098746,3146.0
2025-08-21,3158.0,3163.0,3105.0,3113.0,1452869,2059062,3128.0
2025-08-22,3116.0,3116.0,3079.0,3088.0,1278955,2000115,3094.0
2025-08-25,3094.0,3125.0,3089.0,3117.0,944017,1994689,3110.0
2025-08-26,3122.0,3128.0,3080.0,3081.0,1097489,2053457,3097.0
2025-08-27,3081.0,3082.0,3042.0,3045.0,1351719,2090112,3055.0
2025-08-28,3044.0,3064.0,3027.0,3039.0,1114536,2052391,3046.0
2025-08-29,3040.0,3064.0,3031.0,3055.0,910391,2030073,3047.0
2025-09-01,3052.0,3074.0,3049.0,3054.0,799568,2048717,3060.0
2025-09-02,3054.0,3069.0,3046.0,3050.0,757362,2048115,3056.0
2025-09-03,3044.0,3072.0,3039.0,3066.0,798340,2037475,3057.0
2025-09-04,3058.0,3076.0,3046.0,3048.0,956943,2043281,3063.0
2025-09-05,3043.0,3072.0,3042.0,3067.0,767878,1996647,3058.0
2025-09-08,3070.0,3095.0,3064.0,3081.0,1001708,1990833,3079.0
2025-09-09,3080.0,3086.0,3065.0,3075.0,689359,2002836,3076.0
2025-09-10,3079.0,3079.0,3055.0,3066.0,805619,2014690,3064.0
2025-09-11,3067.0,3090.0,3064.0,3088.0,798021,2001532,3075.0
2025-09-12,3090.0,3097.0,3077.0,3079.0,738621,1986206,3087.0
2025-09-15,3080.0,3083.0,3032.0,3042.0,1450741,2050694,3051.0
2025-09-16,3046.0,3058.0,3030.0,3041.0,964263,1995228,3046.0
2025-09-17,3042.0,3051.0,2998.0,3002.0,1383681,2070225,3019.0
2025-09-18,3008.0,3016.0,2990.0,2993.0,807553,2071291,3001.0
2025-09-19,2995.0,3021.0,2983.0,3014.0,895606,2020535,3004.0
2025-09-22,3014.0,3046.0,3007.0,3034.0,1046478,1945986,3030.0
2025-09-23,3013.0,3015.0,2907.0,2928.0,2372830,2007056,2954.0
2025-09-24,2926.0,2940.0,2908.0,2930.0,1226653,2035083,2922.0
2025-09-25,2958.0,2976.0,2951.0,2967.0,1262657,1937464,2961.0
2025-09-26,2972.0,2973.0,2930.0,2937.0,1050116,1986148,2949.0
2025-09-29,2938.0,2952.0,2926.0,2933.0,817240,1925537,2937.0
2025-09-30,2938.0,2943.0,2924.0,2928.0,570193,1864639,2933.0
2025-10-09,2950.0,2952.0,2918.0,2939.0,647477,1869551,2934.0
2025-10-10,2938.0,2944.0,2903.0,2922.0,872310,1927483,2924.0
2025-10-13,2932.0,2957.0,2922.0,2932.0,1110066,1930571,2936.0
2025-10-14,2936.0,2943.0,2883.0,2902.0,1293039,1997420,2912.0
2025-10-15,2902.0,2930.0,2897.0,2917.0,842672,1975574,2914.0
2025-10-16,2913.0,2925.0,2906.0,2907.0,662721,1982359,2915.0
2025-10-17,2910.0,2914.0,2863.0,2868.0,1113825,2044648,2882.0
2025-10-20,2868.0,2910.0,2866.0,2895.0,946854,1984309,2894.0
2025-10-21,2895.0,2913.0,2888.0,2889.0,746759,1985599,2897.0
2025-10-22,2886.0,2892.0,2852.0,2885.0,1101824,1990615,2872.0
2025-10-23,2887.0,2942.0,2880.0,2938.0,1271519,1820261,2916.0
2025-10-24,2938.0,2955.0,2928.0,2933.0,952874,1759344,2940.0
2025-10-27,2937.0,2950.0,2922.0,2932.0,914039,1729663,2934.0
2025-10-28,2934.0,2982.0,2932.0,2975.0,1226995,1659517,2966.0
2025-10-29,2975.0,2995.0,2957.0,2969.0,1016829,1637499,2974.0
2025-10-30,2969.0,2997.0,2965.0,2994.0,1006601,1623129,2981.0
2025-10-31,3005.0,3029.0,2982.0,3021.0,1416424,1649285,3005.0
2025-11-03,3018.0,3058.0,3015.0,3026.0,1248829,1595045,3036.0
2025-11-04,3026.0,3047.0,3012.0,3015.0,961854,1587968,3028.0
2025-11-05,3010.0,3080.0,3002.0,3073.0,1486303,1612675,3039.0
2025-11-06,3073.0,3089.0,3053.0,3068.0,1028963,1568196,3070.0
2025-11-07,3065.0,3070.0,3034.0,3058.0,951916,1577123,3051.0
2025-11-10,3058.0,3068.0,3031.0,3063.0,918540,1593764,3051.0
2025-11-11,3060.0,3070.0,3044.0,3054.0,822179,1602533,3058.0
2025-11-12,3050.0,3073.0,3038.0,3059.0,901296,1639508,3053.0
2025-11-13,3051.0,3077.0,3045.0,3071.0,859543,1651226,3062.0
2025-11-14,3070.0,3099.0,3060.0,3092.0,1071594,1700146,3081.0
2025-11-17,3090.0,3107.0,3024.0,3043.0,1396215,1661229,3051.0
2025-11-18,3048.0,3086.0,3039.0,3041.0,1081749,1651475,3057.0
2025-11-19,3049.0,3054.0,3016.0,3022.0,969051,1597855,3031.0
2025-11-20,3022.0,3027.0,3000.0,3017.0,779955,1549350,3013.0
2025-11-21,3021.0,3027.0,3007.0,3012.0,677574,1511379,3017.0
2025-11-24,3010.0,3020.0,2988.0,3011.0,759681,1486693,3005.0
2025-11-25,3005.0,3025.0,2995.0,3013.0,712323,1453249,3009.0
2025-11-26,3010.0,3033.0,3006.0,3015.0,668734,1403579,3021.0
2025-11-27,3015.0,3062.0,3007.0,3055.0,1118832,1345757,3039.0
2025-11-28,2828.0,2855.0,2828.0,2845.0,398648,1462928,2843.0
2025-12-01,2849.0,2856.0,2826.0,2835.0,465897,1487694,2839.0
2025-12-02,2835.0,2849.0,2829.0,2848.0,417432,1556300,2840.0
2025-12-03,2851.0,2863.0,2833.0,2847.0,504614,1632951,2842.0
2025-12-04,2844.0,2846.0,2812.0,2833.0,898163,1729427,2831.0
2025-12-05,2835.0,2844.0,2820.0,2821.0,584828,1783520,2828.0
2025-12-08,2821.0,2826.0,2770.0,2778.0,1089811,1890767,2793.0
2025-12-09,2781.0,2790.0,2754.0,2763.0,859072,1919537,2771.0
2025-12-10,2755.0,2761.0,2736.0,2754.0,1083237,1933888,2750.0
2025-12-11,2755.0,2765.0,2745.0,2750.0,839217,1963838,2754.0
2025-12-12,2754.0,2789.0,2752.0,2770.0,993590,1925112,2773.0
2025-12-15,2759.0,2772.0,2753.0,2758.0,778583,1964207,2762.0
2025-12-16,2763.0,2780.0,2748.0,2777.0,1038177,2009162,2763.0
2025-12-17,2774.0,2784.0,2752.0,2756.0,798621,2055517,2766.0
2025-12-18,2760.0,2760.0,2732.0,2747.0,773158,2117464,2745.0
2025-12-19,2745.0,2748.0,2726.0,2735.0,645772,2116090,2736.0
2025-12-22,2735.0,2754.0,2727.0,2741.0,865371,2134135,2740.0
2025-12-23,2741.0,2749.0,2736.0,2745.0,568687,2151398,2742.0
2025-12-24,2745.0,2757.0,2726.0,2728.0,904529,2162519,2739.0
2025-12-25,2728.0,2765.0,2719.0,2760.0,962713,2093118,2739.0
2025-12-26,2761.0,2801.0,2760.0,2790.0,1229145,2086665,2782.0
2025-12-29,2793.0,2804.0,2768.0,2774.0,1075551,2124655,2788.0
2025-12-30,2762.0,2779.0,2758.0,2778.0,835557,2144500,2768.0
2025-12-31,2776.0,2780.0,2746.0,2749.0,855707,2149817,2759.0
2026-01-05,2738.0,2757.0,2735.0,2754.0,665950,2177311,2746.0
2026-01-06,2752.0,2778.0,2751.0,2776.0,800156,2174350,2763.0
2026-01-07,2776.0,2815.0,2772.0,2811.0,1290938,2250191,2791.0
2026-01-08,2813.0,2827.0,2781.0,2782.0,1282896,2281609,2804.0
2026-01-09,2788.0,2801.0,2774.0,2786.0,807463,2260449,2786.0
2026-01-12,2780.0,2797.0,2775.0,2790.0,776412,2292372,2786.0
2026-01-13,2799.0,2805.0,2756.0,2761.0,1180639,2258105,2776.0
2026-01-14,2761.0,2764.0,2740.0,2751.0,1080750,2228454,2749.0
2026-01-15,2753.0,2761.0,2737.0,2740.0,808905,2234614,2748.0
2026-01-16,2743.0,2746.0,2723.0,2727.0,902899,2238668,2734.0
2026-01-19,2725.0,2746.0,2710.0,2727.0,1052729,2214219,2728.0
2026-01-20,2730.0,2739.0,2712.0,2736.0,729055,2213007,2726.0
2026-01-21,2736.0,2742.0,2718.0,2725.0,691223,2240906,2727.0
2026-01-22,2731.0,2770.0,2729.0,2768.0,1100908,2198812,2749.0
2026-01-23,2770.0,2773.0,2745.0,2751.0,795964,2161911,2759.0
2026-01-26,2758.0,2776.0,2754.0,2769.0,678241,2136383,2766.0
2026-01-27,2766.0,2773.0,2756.0,2766.0,660637,2178262,2766.0
2026-01-28,2769.0,2789.0,2765.0,2782.0,793254,2184028,2777.0
2026-01-29,2784.0,2809.0,2784.0,2802.0,934382,2193188,2798.0
2026-01-30,2805.0,2808.0,2755.0,2767.0,1107768,2156880,2776.0
2026-02-02,2766.0,2767.0,2746.0,2750.0,842011,2089051,2756.0
2026-02-03,2756.0,2759.0,2721.0,2727.0,1085590,2153812,2736.0
2026-02-04,2732.0,2737.0,2717.0,2723.0,768163,2215665,2725.0
2026-02-05,2715.0,2752.0,2715.0,2731.0,1219219,2212105,2730.0
2026-02-06,2737.0,2748.0,2729.0,2735.0,637898,2156556,2738.0
2026-02-09,2745.0,2760.0,2727.0,2729.0,806209,2096966,2745.0
2026-02-10,2730.0,2742.0,2727.0,2734.0,575336,2077503,2733.0
2026-02-11,2740.0,2777.0,2736.0,2773.0,916844,2006858,2758.0
2026-02-12,2773.0,2802.0,2766.0,2790.0,909298,1930312,2782.0
2026-02-13,2797.0,2813.0,2789.0,2800.0,851618,1862820,2800.0
2026-02-24,2799.0,2806.0,2780.0,2781.0,650347,1886495,2794.0
2026-02-25,2782.0,2845.0,2781.0,2831.0,1336790,2014986,2824.0
2026-02-26,2825.0,2847.0,2818.0,2834.0,828719,2021035,2833.0
2026-02-27,2836.0,2841.0,2815.0,2833.0,720186,2027937,2828.0
2026-03-02,2833.0,2844.0,2809.0,2826.0,905873,1942859,2823.0
2026-03-03,2821.0,2868.0,2818.0,2836.0,1255652,1943827,2843.0
2026-03-04,2851.0,2854.0,2819.0,2829.0,859798,1875372,2835.0
2026-03-05,2827.0,2851.0,2825.0,2843.0,643452,1907786,2837.0
2026-03-06,2847.0,2922.0,2844.0,2915.0,1793260,2089623,2893.0
2026-03-09,2925.0,3066.0,2919.0,2995.0,2567487,1935418,3006.0
2026-03-10,2987.0,3004.0,2922.0,2973.0,1570739,1887486,2962.0
2026-03-11,2993.0,3077.0,2989.0,3068.0,2919190,2030946,3032.0
2026-03-12,3097.0,3124.0,3039.0,3054.0,2239500,1969676,3074.0
2026-03-13,3075.0,3204.0,3055.0,3128.0,2931666,1972278,3132.0
2026-03-16,3123.0,3138.0,3042.0,3071.0,2131687,1978401,3083.0
2026-03-17,3055.0,3088.0,3001.0,3070.0,1803668,1977547,3044.0
2026-03-18,3072.0,3084.0,3020.0,3036.0,1344935,1954770,3052.0
2026-03-19,3050.0,3084.0,3030.0,3042.0,1252389,1928256,3053.0
2026-03-20,3041.0,3057.0,3007.0,3029.0,1421129,1849898,3030.0
2026-03-23,3020.0,3035.0,2972.0,3007.0,1259866,1783092,3009.0
2026-03-24,2985.0,2995.0,2956.0,2961.0,1151834,1695571,2977.0
2026-03-25,2956.0,2964.0,2928.0,2932.0,968286,1671419,2944.0
2026-03-26,2942.0,2969.0,2934.0,2952.0,875439,1614108,2951.0
2026-03-27,2962.0,2962.0,2911.0,2937.0,1033159,1521363,2933.0
2026-03-30,2947.0,2958.0,2920.0,2937.0,791514,1465173,2937.0
2026-03-31,2934.0,2941.0,2904.0,2915.0,717760,1384263,2919.0
2026-04-01,2919.0,2932.0,2870.0,2875.0,913169,1296540,2899.0
2026-04-02,2960.0,2981.0,2951.0,2964.0,512942,1524339,2965.0
2026-04-03,2963.0,2978.0,2947.0,2949.0,493318,1617788,2961.0
2026-04-07,2952.0,2963.0,2939.0,2963.0,371556,1685520,2952.0
2026-04-08,2963.0,2984.0,2943.0,2962.0,778200,1775301,2961.0
2026-04-09,2962.0,2981.0,2954.0,2971.0,770440,1876342,2970.0
2026-04-10,2977.0,3001.0,2963.0,2977.0,1017919,1944718,2982.0
2026-04-13,2981.0,2998.0,2971.0,2980.0,923012,1989260,2983.0
2026-04-14,2984.0,2993.0,2958.0,2977.0,897839,1997226,2977.0
2026-04-15,2981.0,2981.0,2959.0,2977.0,751851,2025559,2970.0
2026-04-16,2981.0,2995.0,2970.0,2991.0,790491,2114195,2981.0
2026-04-17,2985.0,2989.0,2955.0,2958.0,902184,2162663,2970.0
2026-04-20,2956.0,2978.0,2933.0,2967.0,1100049,2204519,2956.0
2026-04-21,2967.0,2982.0,2964.0,2978.0,954037,2273758,2972.0
2026-04-22,2978.0,3034.0,2976.0,3026.0,1655827,2416636,3013.0
2026-04-23,3020.0,3027.0,2981.0,2994.0,1354426,2472154,3001.0
2026-04-24,2991.0,3010.0,2965.0,2984.0,1327417,2471408,2986.0
2026-04-27,2984.0,2994.0,2975.0,2993.0,888919,2448324,2984.0
2026-04-28,2995.0,3010.0,2986.0,3006.0,1017512,2447273,2999.0
2026-04-29,3010.0,3034.0,2996.0,3020.0,1207420,2513695,3017.0
2026-04-30,3018.0,3042.0,3007.0,3021.0,986727,2493483,3024.0
2026-05-06,3040.0,3040.0,2998.0,3007.0,855544,2493929,3015.0
2026-05-07,3004.0,3014.0,2981.0,2988.0,1020196,2520503,2996.0
2026-05-08,2985.0,3007.0,2979.0,3003.0,1125693,2560470,2991.0
2026-05-11,3010.0,3047.0,3003.0,3039.0,1228879,2601290,3023.0
2026-05-12,3047.0,3049.0,3022.0,3033.0,928722,2633835,3035.0
2026-05-13,3033.0,3073.0,3031.0,3048.0,1493305,2689191,3052.0
2026-05-14,3053.0,3072.0,3026.0,3028.0,1475835,2705616,3051.0
2026-05-15,3005.0,3016.0,2974.0,2979.0,1481259,2590953,2998.0
2026-05-18,2971.0,2994.0,2962.0,2985.0,1088032,2571686,2979.0
2026-05-19,2991.0,3039.0,2986.0,3038.0,1325090,2546998,3017.0
2026-05-20,3036.0,3050.0,3020.0,3025.0,1083590,2545066,3030.0
2026-05-21,3016.0,3024.0,2990.0,2993.0,1104110,2458035,3006.0
2026-05-22,2998.0,2999.0,2984.0,2990.0,659103,2461397,2990.0
2026-05-25,2995.0,3009.0,2971.0,2973.0,1000319,2480723,2989.0
2026-05-26,2972.0,2982.0,2960.0,2971.0,839895,2484873,2971.0
2026-05-27,2972.0,2981.0,2965.0,2971.0,684864,2473549,2974.0
2026-05-28,2968.0,3001.0,2963.0,2994.0,826391,2465964,2980.0
2026-05-29,2991.0,3010.0,2986.0,2991.0,788201,2428810,2997.0
2026-06-01,2995.0,2997.0,2973.0,2993.0,820623,2388924,2985.0
2026-06-02,2989.0,2999.0,2964.0,2973.0,908792,2403242,2977.0
2026-06-03,2970.0,2995.0,2949.0,2976.0,1255655,2385479,2968.0
2026-06-04,2982.0,2983.0,2940.0,2943.0,1133899,2447993,2955.0
2026-06-05,2943.0,2947.0,2909.0,2918.0,1196179,2432078,2923.0
2026-06-08,2918.0,2921.0,2896.0,2905.0,935728,2422792,2907.0
2026-06-09,2905.0,2918.0,2889.0,2895.0,920379,2394518,2903.0
2026-06-10,2895.0,2921.0,2887.0,2918.0,829841,2399643,2902.0
2026-06-11,2925.0,2942.0,2918.0,2939.0,930268,2274260,2930.0
2026-06-12,2939.0,2944.0,2924.0,2941.0,633839,2239768,2933.0
2026-06-15,2935.0,2952.0,2924.0,2941.0,752215,2187566,2938.0
2026-06-16,2934.0,2949.0,2929.0,2945.0,680996,2147901,2938.0
2026-06-17,2941.0,2967.0,2939.0,2957.0,981083,2090231,2958.0
2026-06-18,2960.0,2965.0,2933.0,2942.0,772356,2038966,2946.0
2026-06-22,2939.0,2942.0,2923.0,2934.0,525510,2031735,2931.0
2026-06-23,2933.0,2948.0,2919.0,2947.0,787949,2015289,2931.0
2026-06-24,2950.0,2956.0,2941.0,2952.0,622623,1994429,2948.0
2026-06-25,2952.0,2965.0,2919.0,2958.0,1304451,1978580,2943.0
2026-06-26,2958.0,2984.0,2957.0,2974.0,1068780,1977319,2970.0
2026-06-29,2973.0,2986.0,2954.0,2967.0,802671,1934786,2970.0
2026-06-30,2962.0,2966.0,2935.0,2943.0,844626,1892339,2949.0
2026-07-01,2937.0,2979.0,2921.0,2965.0,1232672,1846828,2951.0
2026-07-02,2976.0,2989.0,2969.0,2977.0,818518,1836306,2978.0
2026-07-03,2980.0,2986.0,2957.0,2962.0,721030,1831847,2969.0
2026-07-06,2962.0,3026.0,2960.0,3026.0,1103990,1852572,3005.0
2026-07-07,3039.0,3046.0,3030.0,3045.0,1017070,1893351,3038.0
2026-07-08,3045.0,3059.0,3027.0,3051.0,993980,1915914,3045.0
2026-07-09,3058.0,3063.0,3034.0,3052.0,931973,1908535,3049.0
2026-07-10,3043.0,3058.0,3040.0,3049.0,759154,1946907,3048.0
2026-07-13,3055.0,3100.0,3046.0,3050.0,1243386,1928719,3063.0
2026-07-14,3048.0,3068.0,3040.0,3049.0,835517,1909245,3053.0
2026-07-15,3045.0,3076.0,3039.0,3066.0,783668,1934694,3061.0
2026-07-16,3066.0,3097.0,3057.0,3067.0,1031231,1962194,3076.0
2026-07-17,3068.0,3088.0,3055.0,3061.0,937463,1943053,3069.0
2026-07-20,3072.0,3135.0,3071.0,3129.0,1469082,2000469,3096.0
2026-07-21,3138.0,3153.0,3124.0,3148.0,1168241,2040050,3138.0
2026-07-22,3142.0,3166.0,3127.0,3146.0,1163869,2006767,3144.0
2026-07-23,3161.0,3209.0,3161.0,3175.0,1680654,2052273,3183.0
2026-07-24,3180.0,3230.0,3166.0,3225.0,1421398,2095793,3189.0
2026-07-27,3203.0,3209.0,3155.0,3164.0,1809390,1989086,3176.0
2026-07-28,3148.0,3149.0,3098.0,3101.0,1698179,1817646,3122.0
2026-07-29,3100.0,3122.0,3091.0,3109.0,1038997,1752360,3109.0
2026-07-30,3095.0,3102.0,3062.0,3074.0,1125696,1612932,3080.0
2026-07-31,3076.0,3086.0,3065.0,3071.0,669189,1560278,3075.0
2026-08-03,3071.0,3086.0,3045.0,3067.0,871994,1460690,3065.0
2026-08-04,3120.0,3142.0,3120.0,3135.0,460526,1710396,3131.0
2026-08-05,3125.0,3129.0,3109.0,3123.0,579659,1857531,3118.0
2026-08-06,3115.0,3134.0,3107.0,3134.0,600807,1980492,3121.0
2026-08-07,3133.0,3165.0,3128.0,3154.0,721055,2078470,3144.0
2026-08-10,3150.0,3157.0,3134.0,3148.0,603209,2160574,3146.0
2026-08-11,3148.0,3152.0,3127.0,3140.0,633897,2221189,3139.0
2026-08-12,3133.0,3148.0,3117.0,3142.0,714001,2242701,3131.0
2026-08-13,3137.0,3175.0,3129.0,3152.0,1028363,2287319,3154.0
2026-08-14,3148.0,3168.0,3139.0,3165.0,757114,2292165,3154.0
2026-08-17,3165.0,3187.0,3164.0,3176.0,724344,2338019,3174.0
2026-08-18,3176.0,3245.0,3176.0,3241.0,1261212,2426515,3218.0
2026-08-19,3242.0,3257.0,3229.0,3246.0,1045158,2505753,3246.0
2026-08-20,3247.0,3288.0,3246.0,3267.0,1191446,2532036,3264.0
2026-08-21,3270.0,3280.0,3210.0,3228.0,1390344,2467335,3244.0
2026-08-24,3233.0,3251.0,3230.0,3232.0,976702,2463322,3240.0
2026-08-25,3232.0,3246.0,3213.0,3245.0,924525,2519721,3228.0
2026-08-26,3231.0,3300.0,3228.0,3297.0,1762183,2682712,3266.0
2026-08-27,3297.0,3356.0,3287.0,3355.0,1893769,2786805,3324.0
2026-08-28,3353.0,3370.0,3318.0,3340.0,1657224,2744836,3344.0
2026-08-31,3355.0,3374.0,3331.0,3350.0,1507855,2770819,3353.0
2026-09-01,3338.0,3395.0,3310.0,3377.0,1830938,2826855,3357.0
2026-09-02,3385.0,3415.0,3346.0,3361.0,1742143,2764273,3376.0
2026-09-03,3360.0,3422.0,3352.0,3382.0,1921252,2801405,3386.0
2026-09-04,3361.0,3436.0,3355.0,3423.0,1781974,2900282,3402.0
2026-09-07,3417.0,3428.0,3384.0,3408.0,1415266,2829121,3404.0
2026-09-08,3407.0,3437.0,3395.0,3415.0,1451945,2814855,3415.0
2026-09-09,3403.0,3429.0,3382.0,3425.0,1469587,2812847,3397.0
2026-09-10,3420.0,3432.0,3375.0,3402.0,1484855,2785478,3399.0
2026-09-11,3421.0,3460.0,3400.0,3402.0,1937075,2733771,3422.0
2026-09-14,3402.0,3416.0,3357.0,3361.0,1706690,2677929,3384.0
2026-09-15,3366.0,3390.0,3357.0,3385.0,1184016,2715942,3374.0
2026-09-16,3385.0,3479.0,3382.0,3479.0,1704650,2890152,3434.0
2026-09-17,3479.0,3502.0,3456.0,3477.0,1597249,2928149,3480.0
2026-09-18,3465.0,3477.0,3387.0,3397.0,2046376,2731157,3429.0
2026-09-21,3393.0,3406.0,3374.0,3386.0,1226414,2678908,3391.0
2026-09-22,3399.0,3425.0,3395.0,3416.0,1320817,2703569,3410.0
2026-09-23,3415.0,3431.0,3402.0,3404.0,1060443,2705731,3414.0
2026-09-24,3404.0,3426.0,3385.0,3426.0,1112326,2662957,3405.0
2026-09-28,3412.0,3412.0,3362.0,3363.0,1162962,2575067,3386.0
2026-09-29,3359.0,3371.0,3327.0,3359.0,1202408,2490712,3347.0
2026-09-30,3366.0,3390.0,3350.0,3372.0,845761,2445036,3369.0
2026-10-08,3372.0,3416.0,3360.0,3366.0,967353,2436585,3388.0
2026-10-09,3372.0,3408.0,3370.0,3402.0,940245,2485615,3389.0
