date,symbol,spot,near_contract,near_contract_price,dominant_contract,futures,near_month,dominant_month,near_basis,dom_basis,near_basis_rate,dom_basis_rate,futures_sina
2016-10-10,M,3250.67,m1611,2867.0,m1701,2857.0,1611,1701,-383.6700000000001,-393.6700000000001,-0.11802797577114876,-0.1211042646592857,2857.0
2016-10-11,M,3242.0,m1611,2898.0,m1701,2853.0,1611,1701,-344.0,-389.0,-0.1061073411474398,-0.11998766193707588,2853.0
2016-10-12,M,3238.67,m1611,2907.0,m1701,2815.0,1611,1701,-331.6700000000001,-423.6700000000001,-0.10240932234528377,-0.1308160448579201,2815.0
2016-10-13,M,3230.0,m1611,2940.0,m1701,2769.0,1611,1701,-290.0,-461.0,-0.08978328173374617,-0.14272445820433433,2769.0
2016-10-14,M,3233.0,m1611,2939.0,m1701,2811.0,1611,1701,-294.0,-422.0,-0.09093721002165167,-0.13052892050726883,2811.0
2016-10-17,M,3237.33,m1611,2937.0,m1701,2827.0,1611,1701,-300.3299999999999,-410.3299999999999,-0.0927708945334581,-0.12674951271572554,2827.0
2016-10-18,M,3246.0,m1611,3108.0,m1701,2856.0,1611,1701,-138.0,-390.0,-0.04251386321626616,-0.12014787430683915,2856.0
2016-10-19,M,3237.33,m1611,3090.0,m1701,2829.0,1611,1701,-147.32999999999993,-408.3299999999999,-0.045509725607213336,-0.12613171965786618,2829.0
2016-10-20,M,3247.33,m1611,3043.0,m1701,2874.0,1611,1701,-204.32999999999993,-373.3299999999999,-0.06292246245376965,-0.11496521757874933,2874.0
2016-10-21,M,3242.67,m1611,3030.0,m1701,2870.0,1611,1701,-212.67000000000007,-372.6700000000001,-0.06558484212084492,-0.11492689666231837,2870.0
2016-10-24,M,3252.0,m1611,3019.0,m1701,2906.0,1611,1701,-233.0,-346.0,-0.0716482164821648,-0.10639606396063961,2906.0
2016-10-25,M,3258.0,m1611,2995.0,m1701,2884.0,1611,1701,-263.0,-374.0,-0.08072437077961936,-0.11479435236341318,2884.0
2016-10-26,M,3258.67,m1611,3070.0,m1701,2927.0,1611,1701,-188.67000000000007,-331.6700000000001,-0.057897854032473384,-0.10178078786744282,2927.0
2016-10-27,M,3310.0,m1611,3055.0,m1701,2972.0,1611,1701,-255.0,-338.0,-0.07703927492447127,-0.10211480362537761,2972.0
2016-10-28,M,3315.33,m1611,3120.0,m1701,2959.0,1611,1701,-195.32999999999993,-356.3299999999999,-0.05891721186126264,-0.10747949676201163,2959.0
2016-10-31,M,3281.33,m1611,2970.0,m1701,2910.0,1611,1701,-311.3299999999999,-371.3299999999999,-0.09487921056400905,-0.1131644790374634,2910.0
2016-11-01,M,3279.33,m1611,3384.0,m1701,2902.0,1611,1701,104.67000000000007,-377.3299999999999,0.0319181052227131,-0.11506313789707046,2902.0
2016-11-02,M,3234.67,m1611,3384.0,m1701,2819.0,1611,1701,149.32999999999993,-415.6700000000001,0.04616545118976578,-0.12850460788890372,2819.0
2016-11-03,M,3216.0,m1611,3384.0,m1701,2825.0,1611,1701,168.0,-391.0,0.052238805970149294,-0.1215796019900498,2825.0
2016-11-04,M,3205.33,m1611,3384.0,m1701,2816.0,1611,1701,178.67000000000007,-389.3299999999999,0.055741530513238935,-0.12146331266983423,2816.0
2016-11-07,M,3216.0,m1611,3384.0,m1701,2865.0,1611,1701,168.0,-351.0,0.052238805970149294,-0.10914179104477617,2865.0
2016-11-08,M,3227.33,m1611,3384.0,m1701,2896.0,1611,1701,156.67000000000007,-331.3299999999999,0.04854477230404086,-0.1026638118816483,2896.0
2016-11-09,M,3234.67,m1611,3384.0,m1701,2897.0,1611,1701,149.32999999999993,-337.6700000000001,0.04616545118976578,-0.10439086521963603,2897.0
2016-11-10,M,3225.33,m1611,3384.0,m1701,2995.0,1611,1701,158.67000000000007,-230.32999999999993,0.04919496609649254,-0.07141284767760192,2995.0
2016-11-11,M,3299.33,m1611,3384.0,m1705,2881.0,1611,1705,84.67000000000007,-418.3299999999999,0.025662786080810296,-0.12679240936796254,3005.0
2016-11-14,M,3284.0,m1611,3384.0,m1705,2753.0,1611,1705,100.0,-531.0,0.030450669914738215,-0.16169305724725946,2753.0
2016-11-15,M,3286.67,m1612,3077.0,m1705,2766.0,1612,1705,-209.67000000000007,-520.6700000000001,-0.06379405294720797,-0.15841870342930686,2766.0
2016-11-16,M,3299.33,m1612,3099.0,m1705,2814.0,1612,1705,-200.32999999999993,-485.3299999999999,-0.06071838827883236,-0.147099562638475,2814.0
2016-11-17,M,3298.0,m1612,3094.0,m1705,2807.0,1612,1705,-204.0,-491.0,-0.061855670103092786,-0.14887810794420864,2807.0
2016-11-18,M,3300.67,m1612,3094.0,m1705,2798.0,1612,1705,-206.67000000000007,-502.6700000000001,-0.06261456007416677,-0.15229332226487347,2798.0
2016-11-21,M,3344.0,m1612,3161.0,m1705,2855.0,1612,1705,-183.0,-489.0,-0.05472488038277512,-0.146232057416268,2855.0
2016-11-22,M,3404.67,m1612,3246.0,m1705,2925.0,1612,1705,-158.67000000000007,-479.6700000000001,-0.0466036355946392,-0.14088590083620445,2925.0
2016-11-23,M,3426.0,m1612,3182.0,m1705,2948.0,1612,1705,-244.0,-478.0,-0.07122008172796268,-0.13952130764740223,2948.0
2016-11-24,M,3426.67,m1612,3239.0,m1705,2939.0,1612,1705,-187.67000000000007,-487.6700000000001,-0.05476745645189063,-0.14231600942022427,2939.0
2016-11-25,M,3427.33,m1612,3220.0,m1705,2928.0,1612,1705,-207.32999999999993,-499.3299999999999,-0.06049315356268581,-0.14569066882967208,2928.0
2016-11-28,M,3451.33,m1612,3339.0,m1705,3011.0,1612,1705,-112.32999999999993,-440.3299999999999,-0.03254687323437633,-0.12758270000260763,3011.0
2016-11-29,M,3456.67,m1612,3339.0,m1705,2975.0,1612,1705,-117.67000000000007,-481.6700000000001,-0.03404143293979467,-0.13934509224195546,2975.0
2016-11-30,M,3458.0,m1612,3505.0,m1705,2936.0,1612,1705,47.0,-522.0,0.013591671486408385,-0.1509543088490457,2936.0
2016-12-01,M,3445.33,m1612,3714.0,m1705,2936.0,1612,1705,268.6700000000001,-509.3299999999999,0.07798091909918647,-0.14783199287151016,2936.0
2016-12-02,M,3435.33,m1612,3697.0,m1705,2894.0,1612,1705,261.6700000000001,-541.3299999999999,0.07617026602975563,-0.157577292428966,2894.0
2016-12-05,M,3422.67,m1612,3697.0,m1705,2916.0,1612,1705,274.3299999999999,-506.6700000000001,0.08015087636260576,-0.1480335527526756,2916.0
2016-12-06,M,3430.67,m1612,3697.0,m1705,2928.0,1612,1705,266.3299999999999,-502.6700000000001,0.07763206603957817,-0.14652239941469158,2928.0
2016-12-07,M,3438.0,m1612,3703.0,m1705,2946.0,1612,1705,265.0,-492.0,0.07707969749854571,-0.14310645724258286,2946.0
2016-12-08,M,3429.33,m1612,3703.0,m1705,2913.0,1612,1705,273.6700000000001,-516.3299999999999,0.07980276030594902,-0.15056293794997855,2913.0
2016-12-09,M,3421.33,m1612,3703.0,m1705,2875.0,1612,1705,281.6700000000001,-546.3299999999999,0.0823276328211544,-0.1596835148904081,2875.0
2016-12-12,M,3461.33,m1612,3703.0,m1705,2931.0,1612,1705,241.67000000000007,-530.3299999999999,0.06981998249227894,-0.15321567143265735,2931.0
2016-12-13,M,3488.0,m1612,3703.0,m1705,2948.0,1612,1705,215.0,-540.0,0.061639908256880815,-0.15481651376146788,2948.0
2016-12-14,M,3495.33,m1612,3698.0,m1705,2893.0,1612,1705,202.67000000000007,-602.3299999999999,0.05798308028140409,-0.17232421545319043,2893.0
2016-12-15,M,3494.67,m1701,3192.0,m1705,2907.0,1701,1705,-302.6700000000001,-587.6700000000001,-0.08660903604632197,-0.16816180068504327,2907.0
2016-12-16,M,3521.33,m1701,3220.0,m1705,2909.0,1701,1705,-301.3299999999999,-612.3299999999999,-0.08557278073909569,-0.17389168297205881,2909.0
2016-12-19,M,3552.0,m1701,3226.0,m1705,2913.0,1701,1705,-326.0,-639.0,-0.09177927927927931,-0.17989864864864868,2913.0
2016-12-20,M,3532.67,m1701,3188.0,m1705,2833.0,1701,1705,-344.6700000000001,-699.6700000000001,-0.09756642992410847,-0.19805699371863206,2833.0
2016-12-21,M,3533.33,m1701,3172.0,m1705,2825.0,1701,1705,-361.3299999999999,-708.3299999999999,-0.10226330402198491,-0.200470943840513,2825.0
2016-12-22,M,3518.67,m1701,3154.0,m1705,2804.0,1701,1705,-364.6700000000001,-714.6700000000001,-0.10363859071751547,-0.20310799250853306,2804.0
2016-12-23,M,3506.67,m1701,3089.0,m1705,2803.0,1701,1705,-417.6700000000001,-703.6700000000001,-0.11910730122880109,-0.20066615906258645,2803.0
2016-12-26,M,3470.0,m1701,3097.0,m1705,2769.0,1701,1705,-373.0,-701.0,-0.10749279538904899,-0.2020172910662824,2769.0
2016-12-27,M,3467.33,m1701,3119.0,m1705,2811.0,1701,1705,-348.3299999999999,-656.3299999999999,-0.10046058494576515,-0.18928974167442958,2811.0
2016-12-28,M,3469.33,m1701,3120.0,m1705,2840.0,1701,1705,-349.3299999999999,-629.3299999999999,-0.10069091150164444,-0.18139813739252242,2840.0
2016-12-29,M,3460.0,m1701,3100.0,m1705,2832.0,1701,1705,-360.0,-628.0,-0.10404624277456642,-0.18150289017341037,2832.0
2016-12-30,M,3437.33,m1701,3026.0,m1705,2803.0,1701,1705,-411.3299999999999,-634.3299999999999,-0.1196655543692342,-0.1845414900518716,2803.0
2017-01-03,M,3408.67,m1701,3011.0,m1705,2773.0,1701,1705,-397.6700000000001,-635.6700000000001,-0.1166642708153034,-0.1864862248325594,2773.0
2017-01-04,M,3374.67,m1701,3020.0,m1705,2792.0,1701,1705,-354.6700000000001,-582.6700000000001,-0.10509768362536187,-0.17265984525894384,2792.0
2017-01-05,M,3339.33,m1701,2990.0,m1705,2786.0,1701,1705,-349.3299999999999,-553.3299999999999,-0.10461080516151444,-0.16570090407357163,2786.0
2017-01-06,M,3329.33,m1701,3029.0,m1705,2791.0,1701,1705,-300.3299999999999,-538.3299999999999,-0.09020733901415601,-0.161693193525424,2791.0
2017-01-09,M,3321.33,m1701,3000.0,m1705,2775.0,1701,1705,-321.3299999999999,-546.3299999999999,-0.09674738734181787,-0.16449133329118149,2775.0
2017-01-10,M,3318.67,m1701,2999.0,m1705,2778.0,1701,1705,-319.6700000000001,-540.6700000000001,-0.0963247324982599,-0.16291767485167252,2778.0
2017-01-11,M,3302.67,m1701,2970.0,m1705,2824.0,1701,1705,-332.6700000000001,-478.6700000000001,-0.10072759312919544,-0.1449342501672889,2824.0
2017-01-12,M,3277.33,m1701,3000.0,m1705,2808.0,1701,1705,-277.3299999999999,-469.3299999999999,-0.08462071259226256,-0.14320498698635775,2808.0
2017-01-13,M,3285.33,m1701,2998.0,m1705,2871.0,1701,1705,-287.3299999999999,-414.3299999999999,-0.08745848971031822,-0.1261151847759585,2871.0
2017-01-16,M,3294.0,m1701,3000.0,m1705,2909.0,1701,1705,-294.0,-385.0,-0.08925318761384338,-0.1168791742562234,2909.0
2017-01-17,M,3303.33,m1703,3097.0,m1705,2922.0,1703,1705,-206.32999999999993,-381.3299999999999,-0.06246121338164823,-0.1154380579596952,2922.0
2017-01-18,M,3304.67,m1703,3080.0,m1705,2936.0,1703,1705,-224.67000000000007,-368.6700000000001,-0.06798560824530142,-0.11156030708058595,2936.0
2017-01-19,M,3305.33,m1703,3044.0,m1705,2967.0,1703,1705,-261.3299999999999,-338.3299999999999,-0.07906321002744054,-0.10235891726393431,2967.0
2017-01-20,M,3297.33,m1703,3033.0,m1705,2929.0,1703,1705,-264.3299999999999,-368.3299999999999,-0.08016486065998851,-0.11170553144513895,2929.0
2017-01-23,M,3298.0,m1703,3079.0,m1705,2935.0,1703,1705,-219.0,-363.0,-0.06640388114008489,-0.11006670709520927,2935.0
2017-01-24,M,3298.0,m1703,3150.0,m1705,2939.0,1703,1705,-148.0,-359.0,-0.0448756822316555,-0.10885385081867793,2939.0
2017-01-25,M,3298.0,m1703,3084.0,m1705,2882.0,1703,1705,-214.0,-416.0,-0.06488781079442085,-0.12613705275924803,2882.0
2017-01-26,M,3298.0,m1703,3114.0,m1705,2913.0,1703,1705,-184.0,-385.0,-0.05579138872043665,-0.11673741661613102,2913.0
2017-02-03,M,3290.67,m1703,3000.0,m1705,2889.0,1703,1705,-290.6700000000001,-401.6700000000001,-0.08833155557986672,-0.12206328802341171,2889.0
2017-02-06,M,3254.67,m1703,3060.0,m1705,2921.0,1703,1705,-194.67000000000007,-333.6700000000001,-0.05981251555457234,-0.10252037841009998,2921.0
2017-02-07,M,3250.67,m1703,3056.0,m1705,2916.0,1703,1705,-194.67000000000007,-334.6700000000001,-0.05988611578536118,-0.10295416021927795,2916.0
2017-02-08,M,3252.0,m1703,3119.0,m1705,2965.0,1703,1705,-133.0,-287.0,-0.04089790897908974,-0.08825338253382531,2965.0
2017-02-09,M,3254.0,m1703,3134.0,m1705,2964.0,1703,1705,-120.0,-290.0,-0.03687768899815613,-0.0891210817455439,2964.0
2017-02-10,M,3240.0,m1703,3055.0,m1705,2997.0,1703,1705,-185.0,-243.0,-0.0570987654320988,-0.07499999999999996,2997.0
2017-02-13,M,3246.67,m1703,3055.0,m1705,2985.0,1703,1705,-191.67000000000007,-261.6700000000001,-0.05903587367980112,-0.0805964264923753,2985.0
2017-02-14,M,3238.67,m1703,3022.0,m1705,2956.0,1703,1705,-216.67000000000007,-282.6700000000001,-0.06690091920448826,-0.08727965492007528,2956.0
2017-02-15,M,3219.33,m1703,3021.0,m1705,2937.0,1703,1705,-198.32999999999993,-282.3299999999999,-0.061605986338772345,-0.08769837202150754,2937.0
2017-02-16,M,3225.33,m1703,3051.0,m1705,2955.0,1703,1705,-174.32999999999993,-270.3299999999999,-0.054050283226832585,-0.08381467942815157,2955.0
2017-02-17,M,3214.0,m1703,3040.0,m1705,2906.0,1703,1705,-174.0,-308.0,-0.05413814561294339,-0.09583074051026763,2906.0
2017-02-20,M,3180.67,m1703,2993.0,m1705,2916.0,1703,1705,-187.67000000000007,-264.6700000000001,-0.05900329175928343,-0.08321202765455082,2916.0
2017-02-21,M,3174.0,m1703,2951.0,m1705,2955.0,1703,1705,-223.0,-219.0,-0.07025834908632644,-0.06899810964083175,2955.0
2017-02-22,M,3164.0,m1703,2950.0,m1705,2914.0,1703,1705,-214.0,-250.0,-0.0676359039190898,-0.07901390644753481,2914.0
2017-02-23,M,3167.33,m1703,3041.0,m1705,2880.0,1703,1705,-126.32999999999993,-287.3299999999999,-0.03988532928365529,-0.09071678669415562,2880.0
2017-02-24,M,3150.67,m1703,2987.0,m1705,2878.0,1703,1705,-163.67000000000007,-272.6700000000001,-0.051947680969444576,-0.0865434970974428,2878.0
2017-02-27,M,3127.33,m1703,2985.0,m1705,2890.0,1703,1705,-142.32999999999993,-237.32999999999993,-0.04551166650145644,-0.0758890171488138,2890.0
2017-02-28,M,3125.33,m1703,3110.0,m1705,2881.0,1703,1705,-15.329999999999927,-244.32999999999993,-0.004905082023338281,-0.07817734447242364,2881.0
2017-03-01,M,3147.33,m1703,2978.0,m1705,2909.0,1703,1705,-169.32999999999993,-238.32999999999993,-0.0538011584422351,-0.07572450299142441,2909.0
2017-03-02,M,3152.0,m1703,2978.0,m1705,2945.0,1703,1705,-174.0,-207.0,-0.05520304568527923,-0.06567258883248728,2945.0
2017-03-03,M,3150.67,m1703,2978.0,m1705,2933.0,1703,1705,-172.67000000000007,-217.67000000000007,-0.05480421624606835,-0.06908689262918688,2933.0
2017-03-06,M,3156.0,m1703,2978.0,m1705,2962.0,1703,1705,-178.0,-194.0,-0.056400506970849196,-0.06147021546261089,2962.0
2017-03-07,M,3160.0,m1703,2978.0,m1705,2951.0,1703,1705,-182.0,-209.0,-0.05759493670886073,-0.06613924050632913,2951.0
2017-03-08,M,3156.67,m1703,2978.0,m1705,2903.0,1703,1705,-178.67000000000007,-253.67000000000007,-0.05660078500445087,-0.08035999961985263,2903.0
2017-03-09,M,3152.67,m1703,2978.0,m1705,2898.0,1703,1705,-174.67000000000007,-254.67000000000007,-0.055403832307219014,-0.08077914910218964,2898.0
2017-03-10,M,3137.33,m1703,2978.0,m1705,2860.0,1703,1705,-159.32999999999993,-277.3299999999999,-0.05078522182875245,-0.0883968215010853,2860.0
2017-03-13,M,3120.67,m1703,2978.0,m1705,2874.0,1703,1705,-142.67000000000007,-246.67000000000007,-0.04571774650956373,-0.07904392326006915,2874.0
2017-03-14,M,3100.0,m1703,2978.0,m1705,2844.0,1703,1705,-122.0,-256.0,-0.039354838709677376,-0.08258064516129038,2844.0
2017-03-15,M,3096.0,m1705,2871.0,m1709,2884.0,1705,1709,-225.0,-212.0,-0.07267441860465118,-0.0684754521963824,2871.0
2017-03-16,M,3090.0,m1705,2864.0,m1709,2889.0,1705,1709,-226.0,-201.0,-0.0731391585760518,-0.06504854368932034,2889.0
2017-03-17,M,3086.0,m1705,2851.0,m1709,2875.0,1705,1709,-235.0,-211.0,-0.07615035644847701,-0.06837329876863252,2875.0
2017-03-20,M,3088.67,m1705,2891.0,m1709,2907.0,1705,1709,-197.67000000000007,-181.67000000000007,-0.06399842003192313,-0.05881819682905587,2907.0
2017-03-21,M,3084.0,m1705,2855.0,m1709,2877.0,1705,1709,-229.0,-207.0,-0.07425421530479892,-0.06712062256809337,2877.0
2017-03-22,M,3083.33,m1705,2854.0,m1709,2875.0,1705,1709,-229.32999999999993,-208.32999999999993,-0.0743773777052732,-0.06756655953141566,2875.0
2017-03-23,M,3082.0,m1705,2815.0,m1709,2827.0,1705,1709,-267.0,-255.0,-0.08663205710577548,-0.08273848150551588,2827.0
2017-03-24,M,3075.33,m1705,2804.0,m1709,2813.0,1705,1709,-271.3299999999999,-262.3299999999999,-0.08822793001076301,-0.08530141480751652,2813.0
2017-03-27,M,3049.33,m1705,2798.0,m1709,2807.0,1705,1709,-251.32999999999993,-242.32999999999993,-0.08242138436968116,-0.0794699163422784,2807.0
2017-03-28,M,3038.67,m1705,2792.0,m1709,2801.0,1705,1709,-246.67000000000007,-237.67000000000007,-0.08117696228942273,-0.07821514017645881,2801.0
2017-03-29,M,3020.67,m1705,2801.0,m1709,2816.0,1705,1709,-219.67000000000007,-204.67000000000007,-0.0727222768458653,-0.06775649110958826,2816.0
2017-03-30,M,3019.33,m1705,2780.0,m1709,2785.0,1705,1709,-239.32999999999993,-234.32999999999993,-0.07926592985861103,-0.07760993332957977,2785.0
2017-03-31,M,3016.67,m1705,2780.0,m1709,2780.0,1705,1709,-236.67000000000007,-236.67000000000007,-0.07845405695684315,-0.07845405695684315,2780.0
2017-04-05,M,2981.33,m1705,2757.0,m1709,2755.0,1705,1709,-224.32999999999993,-226.32999999999993,-0.07524494101625778,-0.07591578255342413,2755.0
2017-04-06,M,2986.0,m1705,2779.0,m1709,2754.0,1705,1709,-207.0,-232.0,-0.0693235097119893,-0.0776959142665774,2754.0
2017-04-07,M,2961.33,m1705,2757.0,m1709,2729.0,1705,1709,-204.32999999999993,-232.32999999999993,-0.0689994022955901,-0.07845461329875425,2729.0
2017-04-10,M,2962.0,m1705,2797.0,m1709,2762.0,1705,1709,-165.0,-200.0,-0.05570560432140448,-0.06752194463200545,2762.0
2017-04-11,M,2966.0,m1705,2810.0,m1709,2762.0,1705,1709,-156.0,-204.0,-0.052596089008766,-0.06877950101146324,2762.0
2017-04-12,M,2982.0,m1705,2839.0,m1709,2783.0,1705,1709,-143.0,-199.0,-0.04795439302481552,-0.06673373574782027,2783.0
2017-04-13,M,2997.33,m1705,2871.0,m1709,2836.0,1705,1709,-126.32999999999993,-161.32999999999993,-0.04214751128504368,-0.05382457053444234,2836.0
2017-04-14,M,3003.33,m1705,2864.0,m1709,2830.0,1705,1709,-139.32999999999993,-173.32999999999993,-0.04639183839271743,-0.05771260567436809,2830.0
2017-04-17,M,3006.0,m1705,2861.0,m1709,2825.0,1705,1709,-145.0,-181.0,-0.048236859614105176,-0.06021290751829678,2825.0
2017-04-18,M,3009.33,m1705,2853.0,m1709,2812.0,1705,1709,-156.32999999999993,-197.32999999999993,-0.05194844035050994,-0.06557273545938791,2812.0
2017-04-19,M,3003.33,m1705,2881.0,m1709,2856.0,1705,1709,-122.32999999999993,-147.32999999999993,-0.04073145475189199,-0.04905554834134107,2856.0
2017-04-20,M,3003.33,m1705,2888.0,m1709,2844.0,1705,1709,-115.32999999999993,-159.32999999999993,-0.038400708546846296,-0.053051113264276584,2844.0
2017-04-21,M,3006.0,m1705,2888.0,m1709,2828.0,1705,1709,-118.0,-178.0,-0.03925482368596145,-0.05921490352628078,2828.0
2017-04-24,M,3008.0,m1705,2907.0,m1709,2857.0,1705,1709,-101.0,-151.0,-0.033577127659574435,-0.050199468085106336,2857.0
2017-04-25,M,3006.67,m1705,2909.0,m1709,2851.0,1705,1709,-97.67000000000007,-155.67000000000007,-0.03248444292190367,-0.05177488716753087,2851.0
2017-04-26,M,2992.0,m1705,2866.0,m1709,2806.0,1705,1709,-126.0,-186.0,-0.042112299465240643,-0.06216577540106949,2806.0
2017-04-27,M,2983.33,m1705,2841.0,m1709,2792.0,1705,1709,-142.32999999999993,-191.32999999999993,-0.04770843319378004,-0.06413303255087432,2792.0
2017-04-28,M,2978.0,m1705,2851.0,m1709,2799.0,1705,1709,-127.0,-179.0,-0.042646071188717216,-0.06010745466756218,2799.0
2017-05-02,M,2984.0,m1705,2931.0,m1709,2879.0,1705,1709,-53.0,-105.0,-0.017761394101876715,-0.03518766756032177,2879.0
2017-05-03,M,2995.33,m1705,2880.0,m1709,2861.0,1705,1709,-115.32999999999993,-134.32999999999993,-0.038503270090440744,-0.044846477683594066,2861.0
2017-05-04,M,3005.33,m1705,2910.0,m1709,2869.0,1705,1709,-95.32999999999993,-136.32999999999993,-0.031720310248791295,-0.04536273886727915,2869.0
2017-05-05,M,2996.0,m1705,2887.0,m1709,2841.0,1705,1709,-109.0,-155.0,-0.036381842456608804,-0.05173564753004001,2841.0
2017-05-08,M,2980.67,m1705,2871.0,m1709,2818.0,1705,1709,-109.67000000000007,-162.67000000000007,-0.03679374100453925,-0.054574978108948735,2818.0
2017-05-09,M,2969.33,m1705,2840.0,m1709,2817.0,1705,1709,-129.32999999999993,-152.32999999999993,-0.04355528014737331,-0.051301135272940335,2817.0
2017-05-10,M,2972.67,m1705,2846.0,m1709,2838.0,1705,1709,-126.67000000000007,-134.67000000000007,-0.04261152431988757,-0.045302707666844966,2838.0
2017-05-11,M,2964.0,m1705,2839.0,m1709,2835.0,1705,1709,-125.0,-129.0,-0.04217273954116063,-0.04352226720647778,2835.0
2017-05-12,M,2963.33,m1705,2830.0,m1709,2792.0,1705,1709,-133.32999999999993,-171.32999999999993,-0.04499330145478231,-0.057816712954682714,2792.0
2017-05-15,M,2922.0,m1705,2865.0,m1709,2781.0,1705,1709,-57.0,-141.0,-0.019507186858316206,-0.04825462012320325,2781.0
2017-05-16,M,2914.0,m1707,2814.0,m1709,2772.0,1707,1709,-100.0,-142.0,-0.03431708991077553,-0.04873026767330135,2772.0
2017-05-17,M,2918.0,m1707,2843.0,m1709,2809.0,1707,1709,-75.0,-109.0,-0.025702535983550323,-0.037354352296093185,2809.0
2017-05-18,M,2904.0,m1707,2810.0,m1709,2768.0,1707,1709,-94.0,-136.0,-0.032369146005509664,-0.04683195592286504,2768.0
2017-05-19,M,2882.0,m1707,2784.0,m1709,2737.0,1707,1709,-98.0,-145.0,-0.03400416377515614,-0.050312283136710656,2737.0
2017-05-22,M,2874.0,m1707,2795.0,m1709,2750.0,1707,1709,-79.0,-124.0,-0.027487821851078675,-0.043145441892832315,2750.0
2017-05-23,M,2854.0,m1707,2783.0,m1709,2742.0,1707,1709,-71.0,-112.0,-0.02487736510161176,-0.03924316748423262,2742.0
2017-05-24,M,2840.0,m1707,2772.0,m1709,2733.0,1707,1709,-68.0,-107.0,-0.023943661971830954,-0.037676056338028174,2733.0
2017-05-25,M,2834.67,m1707,2781.0,m1709,2732.0,1707,1709,-53.67000000000007,-102.67000000000007,-0.018933420821471314,-0.036219383561402196,2732.0
2017-05-26,M,2790.0,m1707,2754.0,m1709,2700.0,1707,1709,-36.0,-90.0,-0.012903225806451646,-0.032258064516129004,2700.0
2017-05-31,M,2748.0,m1707,2660.0,m1709,2613.0,1707,1709,-88.0,-135.0,-0.03202328966521106,-0.04912663755458513,2613.0
2017-06-01,M,2728.0,m1707,2665.0,m1709,2629.0,1707,1709,-63.0,-99.0,-0.02309384164222872,-0.03629032258064513,2629.0
2017-06-02,M,2719.33,m1707,2608.0,m1709,2627.0,1707,1709,-111.32999999999993,-92.32999999999993,-0.040940231601166444,-0.03395321641727922,2627.0
2017-06-05,M,2729.33,m1707,2627.0,m1709,2650.0,1707,1709,-102.32999999999993,-79.32999999999993,-0.03749271799306053,-0.029065741409063706,2650.0
2017-06-06,M,2728.67,m1707,2627.0,m1709,2650.0,1707,1709,-101.67000000000007,-78.67000000000007,-0.03725991050585087,-0.028830895637801612,2650.0
2017-06-07,M,2734.67,m1707,2631.0,m1709,2664.0,1707,1709,-103.67000000000007,-70.67000000000007,-0.037909510105424093,-0.025842240562846786,2664.0
2017-06-08,M,2746.0,m1707,2635.0,m1709,2685.0,1707,1709,-111.0,-61.0,-0.040422432629278915,-0.02221412964311731,2685.0
2017-06-09,M,2747.33,m1707,2642.0,m1709,2686.0,1707,1709,-105.32999999999993,-61.32999999999993,-0.03833904190614157,-0.022323492263397582,2686.0
2017-06-12,M,2738.67,m1707,2612.0,m1709,2677.0,1707,1709,-126.67000000000007,-61.67000000000007,-0.046252377979092096,-0.022518229651619204,2677.0
2017-06-13,M,2720.0,m1707,2581.0,m1709,2663.0,1707,1709,-139.0,-57.0,-0.05110294117647063,-0.020955882352941213,2663.0
2017-06-14,M,2718.0,m1707,2585.0,m1709,2680.0,1707,1709,-133.0,-38.0,-0.048933038999264156,-0.013980868285504044,2680.0
2017-06-15,M,2709.33,m1707,2579.0,m1709,2664.0,1707,1709,-130.32999999999993,-45.32999999999993,-0.048104143828917034,-0.016731073734096547,2664.0
2017-06-16,M,2709.33,m1707,2600.0,m1709,2687.0,1707,1709,-109.32999999999993,-22.329999999999927,-0.04035315004078499,-0.00824189006138043,2687.0
2017-06-19,M,2749.33,m1707,2618.0,m1709,2709.0,1707,1709,-131.32999999999993,-40.32999999999993,-0.04776800165858586,-0.014669028454205146,2709.0
2017-06-20,M,2761.33,m1707,2654.0,m1709,2711.0,1707,1709,-107.32999999999993,-50.32999999999993,-0.03886895083166442,-0.018226724078614254,2711.0
2017-06-21,M,2751.33,m1707,2652.0,m1709,2696.0,1707,1709,-99.32999999999993,-55.32999999999993,-0.0361025394990786,-0.020110273940239787,2696.0
2017-06-22,M,2732.0,m1707,2618.0,m1709,2658.0,1707,1709,-114.0,-74.0,-0.04172767203513905,-0.02708638360175697,2658.0
2017-06-23,M,2719.33,m1707,2555.0,m1709,2645.0,1707,1709,-164.32999999999993,-74.32999999999993,-0.06043032658779912,-0.0273339388746493,2645.0
2017-06-26,M,2720.67,m1707,2531.0,m1709,2657.0,1707,1709,-189.67000000000007,-63.67000000000007,-0.06971444533883198,-0.023402323692325866,2657.0
2017-06-27,M,2720.0,m1707,2575.0,m1709,2663.0,1707,1709,-145.0,-57.0,-0.0533088235294118,-0.020955882352941213,2663.0
2017-06-28,M,2716.0,m1707,2632.0,m1709,2658.0,1707,1709,-84.0,-58.0,-0.030927835051546393,-0.021354933726067782,2658.0
2017-06-29,M,2715.33,m1707,2565.0,m1709,2665.0,1707,1709,-150.32999999999993,-50.32999999999993,-0.0553634364883826,-0.018535500289099227,2665.0
2017-06-30,M,2711.33,m1707,2538.0,m1709,2655.0,1707,1709,-173.32999999999993,-56.32999999999993,-0.06392803531845992,-0.02077578162746696,2655.0
2017-07-03,M,2711.33,m1707,2618.0,m1709,2780.0,1707,1709,-93.32999999999993,68.67000000000007,-0.034422220828892014,0.025327053512482767,2780.0
2017-07-04,M,2824.0,m1707,2601.0,m1709,2798.0,1707,1709,-223.0,-26.0,-0.07896600566572243,-0.009206798866855492,2798.0
2017-07-05,M,2821.33,m1707,2674.0,m1709,2792.0,1707,1709,-147.32999999999993,-29.329999999999927,-0.05222005224486326,-0.010395806233230442,2792.0
2017-07-06,M,2827.33,m1707,2750.0,m1709,2815.0,1707,1709,-77.32999999999993,-12.329999999999927,-0.027350892891880307,-0.004361004905688359,2815.0
2017-07-07,M,2830.67,m1707,2752.0,m1709,2834.0,1707,1709,-78.67000000000007,3.3299999999999272,-0.02779200683937022,0.0011763999335845376,2834.0
2017-07-10,M,2920.67,m1707,2740.0,m1709,2919.0,1707,1709,-180.67000000000007,-1.6700000000000728,-0.06185909397501266,-0.0005717866106065284,2919.0
2017-07-11,M,2946.0,m1707,2753.0,m1709,2930.0,1707,1709,-193.0,-16.0,-0.06551255940257972,-0.005431093007467802,2930.0
2017-07-12,M,2938.67,m1707,2822.0,m1709,2914.0,1707,1709,-116.67000000000007,-24.670000000000073,-0.03970163373226665,-0.008394954179952174,2914.0
2017-07-13,M,2911.33,m1707,2850.0,m1709,2849.0,1707,1709,-61.32999999999993,-62.32999999999993,-0.0210659732836882,-0.021409458907097445,2849.0
2017-07-14,M,2844.0,m1707,2807.0,m1709,2803.0,1707,1709,-37.0,-41.0,-0.013009845288326272,-0.014416315049226469,2803.0
2017-07-17,M,2843.33,m1708,2860.0,m1709,2810.0,1708,1709,16.670000000000073,-33.32999999999993,0.005862843918926108,-0.011722170834901346,2810.0
2017-07-18,M,2853.33,m1708,2865.0,m1709,2824.0,1708,1709,11.670000000000073,-29.329999999999927,0.004089958049016351,-0.010279217615908443,2824.0
2017-07-19,M,2836.25,m1708,2870.0,m1709,2826.0,1708,1709,33.75,-10.25,0.01189951520493615,-0.0036139268400176006,2826.0
2017-07-20,M,2837.5,m1708,2883.0,m1709,2842.0,1708,1709,45.5,4.5,0.01603524229074882,0.001585903083700435,2842.0
2017-07-21,M,2861.25,m1708,2900.0,m1709,2869.0,1708,1709,38.75,7.75,0.013543031891655843,0.0027086063783312575,2869.0
2017-07-24,M,2846.25,m1708,2850.0,m1709,2805.0,1708,1709,3.75,-41.25,0.0013175230566535578,-0.01449275362318836,2805.0
2017-07-25,M,2873.75,m1708,2867.0,m1801,2887.0,1708,1801,-6.75,13.25,-0.0023488473249239084,0.004610700304480186,2864.0
2017-07-26,M,2863.75,m1708,2829.0,m1801,2824.0,1708,1801,-34.75,-39.75,-0.012134439109559136,-0.013880401571366163,2824.0
2017-07-27,M,2855.0,m1708,2820.0,m1801,2828.0,1708,1801,-35.0,-27.0,-0.012259194395796813,-0.00945709281961471,2828.0
2017-07-28,M,2868.75,m1708,2892.0,m1801,2851.0,1708,1801,23.25,-17.75,0.008104575163398797,-0.006187363834422643,2851.0
2017-07-31,M,2863.75,m1708,2850.0,m1801,2844.0,1708,1801,-13.75,-19.75,-0.00480139676996949,-0.006896551724137945,2844.0
2017-08-01,M,2862.5,m1708,2871.0,m1801,2838.0,1708,1801,8.5,-24.5,0.0029694323144104917,-0.008558951965065509,2838.0
2017-08-02,M,2851.25,m1708,2871.0,m1801,2796.0,1708,1801,19.75,-55.25,0.0069267864971502835,-0.01937746602367385,2796.0
2017-08-03,M,2855.0,m1708,2820.0,m1801,2760.0,1708,1801,-35.0,-95.0,-0.012259194395796813,-0.03327495621716292,2760.0
2017-08-04,M,2855.0,m1708,2820.0,m1801,2768.0,1708,1801,-35.0,-87.0,-0.012259194395796813,-0.030472854640980707,2768.0
2017-08-07,M,2872.5,m1708,2820.0,m1801,2775.0,1708,1801,-52.5,-97.5,-0.018276762402088753,-0.03394255874673624,2775.0
2017-08-08,M,2882.5,m1708,2820.0,m1801,2819.0,1708,1801,-62.5,-63.5,-0.021682567215958404,-0.022029488291413712,2819.0
2017-08-09,M,2890.0,m1708,2820.0,m1801,2820.0,1708,1801,-70.0,-70.0,-0.02422145328719727,-0.02422145328719727,2820.0
2017-08-10,M,2893.75,m1708,2820.0,m1801,2829.0,1708,1801,-73.75,-64.75,-0.02548596112311019,-0.02237580993520516,2829.0
2017-08-11,M,2861.25,m1708,2820.0,m1801,2725.0,1708,1801,-41.25,-136.25,-0.014416775884665833,-0.04761904761904767,2725.0
2017-08-14,M,2852.5,m1708,2820.0,m1801,2734.0,1708,1801,-32.5,-118.5,-0.011393514460999121,-0.04154250657318137,2734.0
2017-08-15,M,2852.5,m1709,2778.0,m1801,2728.0,1709,1801,-74.5,-124.5,-0.026117440841367245,-0.043645924627519705,2728.0
2017-08-16,M,2832.5,m1709,2757.0,m1801,2716.0,1709,1801,-75.5,-116.5,-0.02665489849955871,-0.04112974404236536,2716.0
2017-08-17,M,2836.25,m1709,2765.0,m1801,2725.0,1709,1801,-71.25,-111.25,-0.025121198765976183,-0.03922432789775232,2725.0
2017-08-18,M,2841.25,m1709,2769.0,m1801,2727.0,1709,1801,-72.25,-114.25,-0.02542894852617683,-0.040211174659040894,2727.0
2017-08-21,M,2846.25,m1709,2765.0,m1801,2727.0,1709,1801,-81.25,-119.25,-0.028546332894158977,-0.04189723320158101,2727.0
2017-08-22,M,2847.5,m1709,2763.0,m1801,2739.0,1709,1801,-84.5,-108.5,-0.029675153643547003,-0.03810359964881471,2739.0
2017-08-23,M,2838.75,m1709,2759.0,m1801,2734.0,1709,1801,-79.75,-104.75,-0.028093350946719498,-0.03690004403346547,2734.0
2017-08-24,M,2832.5,m1709,2754.0,m1801,2724.0,1709,1801,-78.5,-108.5,-0.02771403353927626,-0.03830538393645189,2724.0
2017-08-25,M,2838.75,m1709,2775.0,m1801,2735.0,1709,1801,-63.75,-103.75,-0.022457067371202122,-0.03654777630999562,2735.0
2017-08-28,M,2866.25,m1709,2775.0,m1801,2746.0,1709,1801,-91.25,-120.25,-0.03183602267771479,-0.04195377235063236,2746.0
2017-08-29,M,2846.25,m1709,2756.0,m1801,2723.0,1709,1801,-90.25,-123.25,-0.03170838823012734,-0.04330259112867807,2723.0
2017-08-30,M,2836.25,m1709,2741.0,m1801,2707.0,1709,1801,-95.25,-129.25,-0.033583076245041865,-0.04557073600705153,2707.0
2017-08-31,M,2822.5,m1709,2720.0,m1801,2697.0,1709,1801,-102.5,-125.5,-0.03631532329495124,-0.04446412754650131,2697.0
2017-09-01,M,2837.5,m1709,2725.0,m1801,2705.0,1709,1801,-112.5,-132.5,-0.03964757709251099,-0.04669603524229071,2705.0
2017-09-04,M,2841.25,m1709,2765.0,m1801,2726.0,1709,1801,-76.25,-115.25,-0.02683677958644959,-0.04056313242410914,2726.0
2017-09-05,M,2860.0,m1709,2737.0,m1801,2727.0,1709,1801,-123.0,-133.0,-0.043006993006992955,-0.0465034965034965,2727.0
2017-09-06,M,2868.75,m1709,2750.0,m1801,2737.0,1709,1801,-118.75,-131.75,-0.04139433551198257,-0.045925925925925926,2737.0
2017-09-07,M,2868.75,m1709,2750.0,m1801,2742.0,1709,1801,-118.75,-126.75,-0.04139433551198257,-0.044183006535947755,2742.0
2017-09-08,M,2870.0,m1709,2750.0,m1801,2717.0,1709,1801,-120.0,-153.0,-0.04181184668989546,-0.05331010452961671,2717.0
2017-09-11,M,2856.25,m1709,2756.0,m1801,2725.0,1709,1801,-100.25,-131.25,-0.03509846827133478,-0.045951859956236296,2725.0
2017-09-12,M,2863.75,m1709,2756.0,m1801,2722.0,1709,1801,-107.75,-141.75,-0.03762549105194235,-0.049498035792230444,2722.0
2017-09-13,M,2860.0,m1709,2756.0,m1801,2690.0,1709,1801,-104.0,-170.0,-0.036363636363636376,-0.05944055944055948,2690.0
2017-09-14,M,2860.0,m1709,2741.0,m1801,2713.0,1709,1801,-119.0,-147.0,-0.04160839160839158,-0.05139860139860142,2713.0
2017-09-15,M,2882.5,m1711,2770.0,m1801,2738.0,1711,1801,-112.5,-144.5,-0.03902862098872506,-0.050130095403295716,2738.0
2017-09-18,M,2895.0,m1711,2767.0,m1801,2741.0,1711,1801,-128.0,-154.0,-0.04421416234887743,-0.05319516407599312,2741.0
2017-09-19,M,2893.75,m1711,2775.0,m1801,2730.0,1711,1801,-118.75,-163.75,-0.04103671706263501,-0.05658747300215983,2730.0
2017-09-20,M,2903.75,m1711,2777.0,m1801,2730.0,1711,1801,-126.75,-173.75,-0.04365045200172191,-0.05983641842445109,2730.0
2017-09-21,M,2910.0,m1711,2774.0,m1801,2741.0,1711,1801,-136.0,-169.0,-0.04673539518900338,-0.05807560137457046,2741.0
2017-09-22,M,2950.0,m1711,2808.0,m1801,2790.0,1711,1801,-142.0,-160.0,-0.048135593220339,-0.05423728813559325,2790.0
2017-09-25,M,3040.0,m1711,2838.0,m1801,2809.0,1711,1801,-202.0,-231.0,-0.06644736842105259,-0.07598684210526319,2809.0
2017-09-26,M,3041.25,m1711,2823.0,m1801,2787.0,1711,1801,-218.25,-254.25,-0.07176325524044391,-0.08360049321824903,2787.0
2017-09-27,M,3030.0,m1711,2817.0,m1801,2783.0,1711,1801,-213.0,-247.0,-0.07029702970297025,-0.08151815181518152,2783.0
2017-09-28,M,3022.5,m1711,2826.0,m1801,2762.0,1711,1801,-196.5,-260.5,-0.06501240694789079,-0.08618693134822164,2762.0
2017-09-29,M,3025.0,m1711,2789.0,m1801,2729.0,1711,1801,-236.0,-296.0,-0.07801652892561983,-0.09785123966942144,2729.0
2017-10-09,M,3032.5,m1711,2827.0,m1801,2782.0,1711,1801,-205.5,-250.5,-0.06776586974443533,-0.08260511129431158,2827.0
2017-10-10,M,3032.5,m1711,2812.0,m1801,2774.0,1711,1801,-220.5,-258.5,-0.07271228359439408,-0.08524319868095631,2774.0
2017-10-11,M,3006.25,m1711,2807.0,m1801,2764.0,1711,1801,-199.25,-242.25,-0.0662785862785863,-0.08058212058212055,2764.0
2017-10-12,M,3000.0,m1711,2805.0,m1801,2769.0,1711,1801,-195.0,-231.0,-0.06499999999999995,-0.07699999999999996,2769.0
2017-10-13,M,3077.5,m1711,2902.0,m1801,2855.0,1711,1801,-175.5,-222.5,-0.05702680747359867,-0.07229894394800973,2855.0
2017-10-16,M,3077.5,m1711,2880.0,m1801,2852.0,1711,1801,-197.5,-225.5,-0.06417546709991873,-0.07327376116978068,2852.0
2017-10-17,M,3053.75,m1711,2906.0,m1801,2842.0,1711,1801,-147.75,-211.75,-0.04838313548915263,-0.06934097421203433,2842.0
2017-10-18,M,3045.0,m1711,2899.0,m1801,2837.0,1711,1801,-146.0,-208.0,-0.04794745484400653,-0.0683087027914614,2837.0
2017-10-19,M,3043.75,m1711,2883.0,m1801,2851.0,1711,1801,-160.75,-192.75,-0.052813141683778264,-0.06332648870636548,2851.0
2017-10-20,M,3043.75,m1711,2896.0,m1801,2852.0,1711,1801,-147.75,-191.75,-0.048542094455852114,-0.0629979466119096,2852.0
2017-10-23,M,3040.0,m1711,2890.0,m1801,2835.0,1711,1801,-150.0,-205.0,-0.049342105263157854,-0.06743421052631582,2835.0
2017-10-24,M,3052.5,m1711,2908.0,m1801,2822.0,1711,1801,-144.5,-230.5,-0.04733824733824732,-0.07551187551187555,2822.0
2017-10-25,M,3053.75,m1711,2947.0,m1801,2830.0,1711,1801,-106.75,-223.75,-0.03495702005730661,-0.07327056897257467,2830.0
2017-10-26,M,3051.25,m1711,2882.0,m1801,2817.0,1711,1801,-169.25,-234.25,-0.05546907005325685,-0.07677181482998774,2817.0
2017-10-27,M,3043.75,m1711,2910.0,m1801,2797.0,1711,1801,-133.75,-246.75,-0.0439425051334702,-0.0810677618069815,2797.0
2017-10-30,M,3042.5,m1711,2858.0,m1801,2803.0,1711,1801,-184.5,-239.5,-0.060640920295809364,-0.07871815940838123,2803.0
2017-10-31,M,3030.0,m1711,3026.0,m1801,2792.0,1711,1801,-4.0,-238.0,-0.0013201320132013583,-0.07854785478547854,2792.0
2017-11-01,M,3027.5,m1711,2900.0,m1801,2797.0,1711,1801,-127.5,-230.5,-0.04211395540875307,-0.07613542526837325,2797.0
2017-11-02,M,3027.5,m1711,2726.0,m1801,2801.0,1711,1801,-301.5,-226.5,-0.09958711808422793,-0.07481420313790255,2801.0
2017-11-03,M,3028.75,m1711,2808.0,m1801,2809.0,1711,1801,-220.75,-219.75,-0.07288485348741225,-0.07255468427569134,2809.0
2017-11-06,M,3017.5,m1711,2808.0,m1801,2784.0,1711,1801,-209.5,-233.5,-0.06942833471416732,-0.07738193869096932,2784.0
2017-11-07,M,3018.75,m1711,2808.0,m1801,2794.0,1711,1801,-210.75,-224.75,-0.06981366459627325,-0.07445134575569357,2794.0
2017-11-08,M,3015.0,m1711,2808.0,m1801,2804.0,1711,1801,-207.0,-211.0,-0.06865671641791049,-0.06998341625207294,2804.0
2017-11-09,M,3015.0,m1711,2808.0,m1801,2819.0,1711,1801,-207.0,-196.0,-0.06865671641791049,-0.06500829187396351,2819.0
2017-11-10,M,3010.0,m1711,2808.0,m1801,2794.0,1711,1801,-202.0,-216.0,-0.06710963455149499,-0.07176079734219265,2794.0
2017-11-13,M,3011.25,m1711,2808.0,m1801,2834.0,1711,1801,-203.25,-177.25,-0.06749688667496889,-0.05886259858862597,2834.0
2017-11-14,M,2997.5,m1711,2840.0,m1801,2820.0,1711,1801,-157.5,-177.5,-0.052543786488740585,-0.0592160133444537,2820.0
2017-11-15,M,2998.75,m1712,2840.0,m1801,2832.0,1712,1801,-158.75,-166.75,-0.05293872446852854,-0.055606502709462324,2832.0
2017-11-16,M,3030.0,m1712,2884.0,m1801,2861.0,1712,1801,-146.0,-169.0,-0.04818481848184819,-0.05577557755775575,2861.0
2017-11-17,M,3030.0,m1712,2881.0,m1801,2850.0,1712,1801,-149.0,-180.0,-0.04917491749174918,-0.05940594059405946,2850.0
2017-11-20,M,3058.75,m1712,2881.0,m1801,2897.0,1712,1801,-177.75,-161.75,-0.05811197384552513,-0.05288107887208826,2897.0
2017-11-21,M,3077.5,m1712,2841.0,m1805,2832.0,1712,1805,-236.5,-245.5,-0.07684809098294065,-0.0797725426482534,2921.0
2017-11-22,M,3063.75,m1712,2949.0,m1805,2826.0,1712,1805,-114.75,-237.75,-0.037454100367197096,-0.07760097919216646,2826.0
2017-11-23,M,3063.75,m1712,2937.0,m1805,2821.0,1712,1805,-126.75,-242.75,-0.041370869033047764,-0.07923296613627095,2821.0
2017-11-24,M,3059.38,m1712,2947.0,m1805,2842.0,1712,1805,-112.38000000000011,-217.3800000000001,-0.03673293281645307,-0.07105361216978612,2842.0
2017-11-27,M,3043.75,m1712,2940.0,m1805,2823.0,1712,1805,-103.75,-220.75,-0.03408624229979462,-0.07252566735112931,2823.0
2017-11-28,M,3037.5,m1712,2940.0,m1805,2832.0,1712,1805,-97.5,-205.5,-0.032098765432098775,-0.06765432098765434,2832.0
2017-11-29,M,3032.5,m1712,2929.0,m1805,2822.0,1712,1805,-103.5,-210.5,-0.034130255564715606,-0.06941467436108817,2822.0
2017-11-30,M,3031.25,m1712,2902.0,m1805,2816.0,1712,1805,-129.25,-215.25,-0.042639175257731976,-0.0710103092783505,2816.0
2017-12-01,M,3012.5,m1712,2900.0,m1805,2800.0,1712,1805,-112.5,-212.5,-0.03734439834024894,-0.0705394190871369,2800.0
2017-12-04,M,3043.75,m1712,2900.0,m1805,2871.0,1712,1805,-143.75,-172.75,-0.047227926078028726,-0.05675564681724843,2871.0
2017-12-05,M,3045.0,m1712,2889.0,m1805,2864.0,1712,1805,-156.0,-181.0,-0.05123152709359602,-0.059441707717569736,2864.0
2017-12-06,M,3081.25,m1712,2886.0,m1805,2912.0,1712,1805,-195.25,-169.25,-0.063367139959432,-0.05492900608519269,2912.0
2017-12-07,M,3066.25,m1712,2886.0,m1805,2880.0,1712,1805,-180.25,-186.25,-0.05878516102731346,-0.06074194863432536,2880.0
2017-12-08,M,3038.75,m1712,2886.0,m1805,2875.0,1712,1805,-152.75,-163.75,-0.05026737967914441,-0.05388728918140684,2875.0
2017-12-11,M,3030.0,m1712,2940.0,m1805,2850.0,1712,1805,-90.0,-180.0,-0.02970297029702973,-0.05940594059405946,2850.0
2017-12-12,M,3026.25,m1712,2945.0,m1805,2844.0,1712,1805,-81.25,-182.25,-0.026848409748038038,-0.06022304832713754,2844.0
2017-12-13,M,3025.0,m1712,2945.0,m1805,2842.0,1712,1805,-80.0,-183.0,-0.026446280991735516,-0.06049586776859506,2842.0
2017-12-14,M,3035.0,m1712,2945.0,m1805,2823.0,1712,1805,-90.0,-212.0,-0.029654036243822124,-0.06985172981878085,2823.0
2017-12-15,M,3023.75,m1801,2900.0,m1805,2811.0,1801,1805,-123.75,-212.75,-0.04092600248036382,-0.07035965274906986,2811.0
2017-12-18,M,3021.25,m1801,2903.0,m1805,2815.0,1801,1805,-118.25,-206.25,-0.0391394290442697,-0.06826644600744725,2815.0
2017-12-19,M,3016.25,m1801,2890.0,m1805,2818.0,1801,1805,-126.25,-198.25,-0.04185661002900953,-0.0657273104019892,2818.0
2017-12-20,M,3010.0,m1801,2894.0,m1805,2804.0,1801,1805,-116.0,-206.0,-0.03853820598006641,-0.06843853820598012,2804.0
2017-12-21,M,3012.5,m1801,2878.0,m1805,2790.0,1801,1805,-134.5,-222.5,-0.04464730290456431,-0.07385892116182569,2790.0
2017-12-22,M,3005.0,m1801,2881.0,m1805,2786.0,1801,1805,-124.0,-219.0,-0.041264559068219686,-0.0728785357737105,2786.0
2017-12-25,M,3007.5,m1801,2883.0,m1805,2794.0,1801,1805,-124.5,-213.5,-0.04139650872817957,-0.07098919368246048,2794.0
2017-12-26,M,3012.5,m1801,2910.0,m1805,2820.0,1801,1805,-102.5,-192.5,-0.034024896265560156,-0.06390041493775933,2820.0
2017-12-27,M,3027.5,m1801,2917.0,m1805,2824.0,1801,1805,-110.5,-203.5,-0.03649876135425267,-0.06721717588769616,2824.0
2017-12-28,M,3011.25,m1801,2902.0,m1805,2806.0,1801,1805,-109.25,-205.25,-0.03628061436280616,-0.0681610626816106,2806.0
2017-12-29,M,2987.5,m1801,2850.0,m1805,2761.0,1801,1805,-137.5,-226.5,-0.046025104602510414,-0.07581589958158996,2761.0
2018-01-02,M,2987.5,m1801,2850.0,m1805,2765.0,1801,1805,-137.5,-222.5,-0.046025104602510414,-0.0744769874476987,2765.0
2018-01-03,M,2991.25,m1801,2831.0,m1805,2773.0,1801,1805,-160.25,-218.25,-0.05357292101964062,-0.07296280819055578,2773.0
2018-01-04,M,2986.25,m1801,2820.0,m1805,2770.0,1801,1805,-166.25,-216.25,-0.05567182921724567,-0.07241523650062787,2770.0
2018-01-05,M,2990.0,m1801,2820.0,m1805,2775.0,1801,1805,-170.0,-215.0,-0.05685618729096986,-0.07190635451505012,2775.0
2018-01-08,M,2981.25,m1801,2817.0,m1805,2767.0,1801,1805,-164.25,-214.25,-0.05509433962264154,-0.07186582809224318,2767.0
2018-01-09,M,2981.25,m1801,2816.0,m1805,2776.0,1801,1805,-165.25,-205.25,-0.05542976939203359,-0.06884696016771485,2776.0
2018-01-10,M,2977.5,m1801,2835.0,m1805,2768.0,1801,1805,-142.5,-209.5,-0.04785894206549124,-0.07036104114189756,2768.0
2018-01-11,M,2953.75,m1801,3005.0,m1805,2754.0,1801,1805,51.25,-199.75,0.017350825222175237,-0.0676258992805755,2754.0
2018-01-12,M,2941.25,m1801,2825.0,m1805,2729.0,1801,1805,-116.25,-212.25,-0.03952401189970256,-0.07216319592010201,2729.0
2018-01-15,M,2965.0,m1801,2843.0,m1805,2757.0,1801,1805,-122.0,-208.0,-0.041146711635750455,-0.07015177065767286,2757.0
2018-01-16,M,2955.0,m1803,2801.0,m1805,2754.0,1803,1805,-154.0,-201.0,-0.052115059221658155,-0.06802030456852792,2754.0
2018-01-17,M,2955.0,m1803,2791.0,m1805,2770.0,1803,1805,-164.0,-185.0,-0.05549915397631133,-0.06260575296108295,2770.0
2018-01-18,M,2955.0,m1803,2800.0,m1805,2767.0,1803,1805,-155.0,-188.0,-0.05245346869712353,-0.06362098138747885,2767.0
2018-01-19,M,2950.0,m1803,2802.0,m1805,2780.0,1803,1805,-148.0,-170.0,-0.050169491525423715,-0.057627118644067776,2780.0
2018-01-22,M,2953.75,m1803,2810.0,m1805,2786.0,1803,1805,-143.75,-167.75,-0.048666948793906095,-0.05679221328819295,2786.0
2018-01-23,M,2950.0,m1803,2808.0,m1805,2784.0,1803,1805,-142.0,-166.0,-0.048135593220339,-0.05627118644067797,2784.0
2018-01-24,M,2938.75,m1803,2790.0,m1805,2758.0,1803,1805,-148.75,-180.75,-0.05061675882603145,-0.06150574223734584,2758.0
2018-01-25,M,2938.75,m1803,2789.0,m1805,2781.0,1803,1805,-149.75,-157.75,-0.050957039557635087,-0.05367928541046363,2781.0
2018-01-26,M,2926.25,m1803,2729.0,m1805,2771.0,1803,1805,-197.25,-155.25,-0.06740709098675779,-0.05305425032037592,2771.0
2018-01-29,M,2936.25,m1803,2878.0,m1805,2808.0,1803,1805,-58.25,-128.25,-0.019838229033631305,-0.04367816091954024,2808.0
2018-01-30,M,2937.5,m1803,2837.0,m1805,2804.0,1803,1805,-100.5,-133.5,-0.03421276595744682,-0.045446808510638315,2804.0
2018-01-31,M,2947.5,m1803,2847.0,m1805,2815.0,1803,1805,-100.5,-132.5,-0.034096692111959315,-0.04495335029686176,2815.0
2018-02-01,M,2938.75,m1803,2837.0,m1805,2799.0,1803,1805,-101.75,-139.75,-0.0346235644406635,-0.04755423224159927,2799.0
2018-02-02,M,2925.0,m1803,2785.0,m1805,2767.0,1803,1805,-140.0,-158.0,-0.047863247863247915,-0.05401709401709398,2767.0
2018-02-05,M,2923.75,m1803,2784.0,m1805,2769.0,1803,1805,-139.75,-154.75,-0.047798204360837926,-0.05292860196665239,2769.0
2018-02-06,M,2921.25,m1803,2775.0,m1805,2764.0,1803,1805,-146.25,-157.25,-0.05006418485237485,-0.05382969619169875,2764.0
2018-02-07,M,2942.5,m1803,2813.0,m1805,2805.0,1803,1805,-129.5,-137.5,-0.04401019541206452,-0.04672897196261683,2805.0
2018-02-08,M,2943.75,m1803,2816.0,m1805,2806.0,1803,1805,-127.75,-137.75,-0.04339702760084929,-0.04679405520169855,2806.0
2018-02-09,M,2938.75,m1803,2810.0,m1805,2801.0,1803,1805,-128.75,-137.75,-0.04381114419396004,-0.04687367077839222,2801.0
2018-02-12,M,2938.75,m1803,2851.0,m1805,2841.0,1803,1805,-87.75,-97.75,-0.02985963419821358,-0.033262441514249286,2841.0
2018-02-13,M,2938.75,m1803,2869.0,m1805,2843.0,1803,1805,-69.75,-95.75,-0.023734581029349222,-0.03258188005104212,2843.0
2018-02-14,M,2938.75,m1803,2900.0,m1805,2857.0,1803,1805,-38.75,-81.75,-0.013185878349638469,-0.02781794980859209,2857.0
2018-02-22,M,3068.57,m1803,3019.0,m1805,2959.0,1803,1805,-49.570000000000164,-109.57000000000016,-0.01615410435479725,-0.03570718608342005,2959.0
2018-02-23,M,3064.29,m1803,3008.0,m1805,2957.0,1803,1805,-56.289999999999964,-107.28999999999996,-0.018369671277849053,-0.03501300464381629,2957.0
2018-02-26,M,3081.43,m1803,3028.0,m1805,2972.0,1803,1805,-53.429999999999836,-109.42999999999984,-0.0173393521838886,-0.035512732724741425,2972.0
2018-02-27,M,3077.14,m1803,3070.0,m1805,2972.0,1803,1805,-7.139999999999873,-105.13999999999987,-0.002320336416282598,-0.034168091149573865,2972.0
2018-02-28,M,3111.43,m1803,3030.0,m1805,3008.0,1803,1805,-81.42999999999984,-103.42999999999984,-0.02617124601871157,-0.03324194984299822,3008.0
2018-03-01,M,3147.14,m1803,3031.0,m1805,3054.0,1803,1805,-116.13999999999987,-93.13999999999987,-0.0369033471659983,-0.02959512446221013,3054.0
2018-03-02,M,3217.14,m1803,3200.0,m1805,3129.0,1803,1805,-17.139999999999873,-88.13999999999987,-0.0053277134349142274,-0.02739700479307705,3129.0
2018-03-05,M,3224.29,m1803,3202.0,m1805,3120.0,1803,1805,-22.289999999999964,-104.28999999999996,-0.006913149871754731,-0.03234510543406455,3120.0
2018-03-06,M,3235.71,m1803,3202.0,m1805,3123.0,1803,1805,-33.710000000000036,-112.71000000000004,-0.010418115344082102,-0.0348331587194155,3123.0
2018-03-07,M,3240.0,m1803,3202.0,m1805,3117.0,1803,1805,-38.0,-123.0,-0.011728395061728403,-0.037962962962962976,3117.0
2018-03-08,M,3232.86,m1803,3202.0,m1805,3115.0,1803,1805,-30.860000000000127,-117.86000000000013,-0.009545727312658125,-0.03645688337880393,3115.0
2018-03-09,M,3224.29,m1803,3202.0,m1805,3097.0,1803,1805,-22.289999999999964,-127.28999999999996,-0.006913149871754731,-0.03947845882349288,3097.0
2018-03-12,M,3150.0,m1803,3202.0,m1805,3054.0,1803,1805,52.0,-96.0,0.016507936507936583,-0.030476190476190435,3054.0
2018-03-13,M,3170.0,m1803,3202.0,m1805,3060.0,1803,1805,32.0,-110.0,0.010094637223974745,-0.034700315457413256,3060.0
2018-03-14,M,3167.14,m1803,3202.0,m1809,3018.0,1803,1809,34.86000000000013,-149.13999999999987,0.0110067758292971,-0.04708980341885738,3065.0
2018-03-15,M,3148.57,m1805,3036.0,m1809,2995.0,1805,1809,-112.57000000000016,-153.57000000000016,-0.03575273854479977,-0.04877452303744245,2995.0
2018-03-16,M,3157.14,m1805,3066.0,m1809,3036.0,1805,1809,-91.13999999999987,-121.13999999999987,-0.028867899427963195,-0.038370170470742426,3036.0
2018-03-19,M,3157.14,m1805,3024.0,m1809,2993.0,1805,1809,-133.13999999999987,-164.13999999999987,-0.04217107888785421,-0.051990092298725976,2993.0
2018-03-20,M,3120.0,m1805,3008.0,m1809,2979.0,1805,1809,-112.0,-141.0,-0.03589743589743588,-0.04519230769230764,2979.0
2018-03-21,M,3125.71,m1805,3020.0,m1809,2993.0,1805,1809,-105.71000000000004,-132.71000000000004,-0.033819516205918054,-0.042457553643812096,2993.0
2018-03-22,M,3114.29,m1805,3021.0,m1809,3000.0,1805,1809,-93.28999999999996,-114.28999999999996,-0.0299554633640412,-0.03669857335058713,3000.0
2018-03-23,M,3152.86,m1805,3062.0,m1809,3046.0,1805,1809,-90.86000000000013,-106.86000000000013,-0.028818279276593306,-0.03389303679833555,3046.0
2018-03-26,M,3184.29,m1805,3098.0,m1809,3090.0,1805,1809,-86.28999999999996,-94.28999999999996,-0.027098662496192194,-0.029610996485872842,3090.0
2018-03-27,M,3155.71,m1805,3067.0,m1809,3057.0,1805,1809,-88.71000000000004,-98.71000000000004,-0.028110948090920962,-0.031279807079864774,3057.0
2018-03-28,M,3154.29,m1805,3052.0,m1809,3044.0,1805,1809,-102.28999999999996,-110.28999999999996,-0.032428850866597525,-0.03496507930469295,3044.0
2018-03-29,M,3131.43,m1805,3027.0,m1809,3018.0,1805,1809,-104.42999999999984,-113.42999999999984,-0.03334898113641371,-0.036223067416483845,3018.0
2018-03-30,M,3213.33,m1805,3149.0,m1809,3158.0,1805,1809,-64.32999999999993,-55.32999999999993,-0.020019730310923523,-0.01721889752997663,3158.0
2018-04-02,M,3216.67,m1805,3133.0,m1809,3163.0,1805,1809,-83.67000000000007,-53.67000000000007,-0.02601137200894099,-0.016684956803153628,3163.0
2018-04-03,M,3193.33,m1805,3138.0,m1809,3161.0,1805,1809,-55.32999999999993,-32.32999999999993,-0.017326740424572495,-0.010124227687085208,3161.0
2018-04-04,M,3210.0,m1805,3175.0,m1809,3223.0,1805,1809,-35.0,13.0,-0.010903426791277204,0.004049844236760025,3223.0
2018-04-09,M,3431.67,m1805,3293.0,m1809,3327.0,1805,1809,-138.67000000000007,-104.67000000000007,-0.04040889712588913,-0.030501184554458938,3327.0
2018-04-10,M,3385.0,m1805,3225.0,m1809,3251.0,1805,1809,-160.0,-134.0,-0.04726735598227472,-0.03958641063515511,3251.0
2018-04-11,M,3308.33,m1805,3222.0,m1809,3247.0,1805,1809,-86.32999999999993,-61.32999999999993,-0.026094736619381997,-0.018538053942623645,3247.0
2018-04-12,M,3288.33,m1805,3172.0,m1809,3220.0,1805,1809,-116.32999999999993,-68.32999999999993,-0.035376619743152316,-0.02077954463207765,3220.0
2018-04-13,M,3283.33,m1805,3175.0,m1809,3229.0,1805,1809,-108.32999999999993,-54.32999999999993,-0.03299394212582951,-0.01654722492104055,3229.0
2018-04-16,M,3240.0,m1805,3148.0,m1809,3202.0,1805,1809,-92.0,-38.0,-0.02839506172839501,-0.011728395061728403,3202.0
2018-04-17,M,3213.33,m1805,3199.0,m1809,3265.0,1805,1809,-14.329999999999927,51.67000000000007,-0.0044595481945520765,0.016079892199058365,3265.0
2018-04-18,M,3233.33,m1805,3173.0,m1809,3228.0,1805,1809,-60.32999999999993,-5.329999999999927,-0.018658782122455753,-0.00164845530768587,3228.0
2018-04-19,M,3218.33,m1805,3154.0,m1809,3214.0,1805,1809,-64.32999999999993,-4.329999999999927,-0.019988627642286483,-0.0013454182759381483,3214.0
2018-04-20,M,3213.33,m1805,3162.0,m1809,3232.0,1805,1809,-51.32999999999993,18.670000000000073,-0.015974082960666935,0.0058101720022532,3232.0
2018-04-23,M,3196.67,m1805,3120.0,m1809,3205.0,1805,1809,-76.67000000000007,8.329999999999927,-0.023984333697253724,0.0026058366988146453,3205.0
2018-04-24,M,3180.0,m1805,3091.0,m1809,3194.0,1805,1809,-89.0,14.0,-0.027987421383647848,0.00440251572327055,3194.0
2018-04-25,M,3191.67,m1805,3090.0,m1809,3202.0,1805,1809,-101.67000000000007,10.329999999999927,-0.03185479701848881,0.0032365501445952294,3202.0
2018-04-26,M,3165.0,m1805,3083.0,m1809,3176.0,1805,1809,-82.0,11.0,-0.025908372827804116,0.003475513428120136,3176.0
2018-04-27,M,3131.67,m1805,3068.0,m1809,3168.0,1805,1809,-63.67000000000007,36.32999999999993,-0.020331005501856847,0.011600839168877997,3168.0
2018-05-02,M,3181.67,m1805,3112.0,m1809,3226.0,1805,1809,-69.67000000000007,44.32999999999993,-0.021897305503084885,0.013932934590953794,3226.0
2018-05-03,M,3168.33,m1805,3128.0,m1809,3224.0,1805,1809,-40.32999999999993,55.67000000000007,-0.01272910334466415,0.017570770721484275,3224.0
2018-05-04,M,3153.33,m1805,3086.0,m1809,3206.0,1805,1809,-67.32999999999993,52.67000000000007,-0.021352031027516927,0.016702977487291326,3206.0
2018-05-07,M,3150.0,m1805,3080.0,m1809,3157.0,1805,1809,-70.0,7.0,-0.022222222222222254,0.0022222222222221255,3157.0
2018-05-08,M,3073.33,m1805,3023.0,m1809,3089.0,1805,1809,-50.32999999999993,15.670000000000073,-0.01637637351016652,0.005098704011609501,3089.0
2018-05-09,M,3061.67,m1805,3025.0,m1809,3106.0,1805,1809,-36.67000000000007,44.32999999999993,-0.011977123595946049,0.014479026152393937,3106.0
2018-05-10,M,3063.33,m1805,3001.0,m1809,3115.0,1805,1809,-62.32999999999993,51.67000000000007,-0.020347138571423895,0.01686726536155092,3115.0
2018-05-11,M,3040.0,m1805,2999.0,m1809,3074.0,1805,1809,-41.0,34.0,-0.013486842105263186,0.011184210526315796,3074.0
2018-05-14,M,3031.67,m1805,2961.0,m1809,3030.0,1805,1809,-70.67000000000007,-1.6700000000000728,-0.02331058459528912,-0.00055085151088341,3030.0
2018-05-15,M,2998.33,m1805,3096.0,m1809,3028.0,1805,1809,97.67000000000007,29.670000000000073,0.032574799971984536,0.009895508499731642,3028.0
2018-05-16,M,2926.67,m1807,2911.0,m1809,2971.0,1807,1809,-15.670000000000073,44.32999999999993,-0.005354208024820006,0.01514690757755388,2971.0
2018-05-17,M,2920.0,m1807,2906.0,m1809,2976.0,1807,1809,-14.0,56.0,-0.004794520547945158,0.019178082191780854,2976.0
2018-05-18,M,2915.0,m1807,2883.0,m1809,2961.0,1807,1809,-32.0,46.0,-0.010977701543739227,0.015780445969125312,2961.0
2018-05-21,M,2915.0,m1807,2890.0,m1809,2956.0,1807,1809,-25.0,41.0,-0.00857632933104635,0.014065180102915908,2956.0
2018-05-22,M,2911.67,m1807,2897.0,m1809,2958.0,1807,1809,-14.670000000000073,46.32999999999993,-0.005038345691647739,0.015911830667623805,2958.0
2018-05-23,M,2941.67,m1807,2920.0,m1809,2980.0,1807,1809,-21.670000000000073,38.32999999999993,-0.007366563890579214,0.013030013563724019,2980.0
2018-05-24,M,2985.0,m1807,2977.0,m1809,3044.0,1807,1809,-8.0,59.0,-0.0026800670016750017,0.019765494137353512,3044.0
2018-05-25,M,2978.33,m1807,2954.0,m1809,3024.0,1807,1809,-24.329999999999927,45.67000000000007,-0.008169007463914357,0.015334096624618487,3024.0
2018-05-28,M,2988.33,m1807,2951.0,m1809,3036.0,1807,1809,-37.32999999999993,47.67000000000007,-0.012491926929087405,0.015952053488068607,3036.0
2018-05-29,M,3011.67,m1807,2990.0,m1809,3076.0,1807,1809,-21.670000000000073,64.32999999999993,-0.00719534344732331,0.021360241991984497,3076.0
2018-05-30,M,3005.0,m1807,2968.0,m1809,3045.0,1807,1809,-37.0,40.0,-0.012312811980033311,0.01331114808652245,3045.0
2018-05-31,M,2966.67,m1807,2947.0,m1809,3020.0,1807,1809,-19.670000000000073,53.32999999999993,-0.006630329628843135,0.0179763842961973,3020.0
2018-06-01,M,2976.67,m1807,2952.0,m1809,3029.0,1807,1809,-24.670000000000073,52.32999999999993,-0.008287784672133647,0.017580047502746332,3029.0
2018-06-04,M,2963.33,m1807,2982.0,m1809,3042.0,1807,1809,18.670000000000073,78.67000000000007,0.006300344544819536,0.02654783638676772,3042.0
2018-06-05,M,2938.33,m1807,2952.0,m1809,3011.0,1807,1809,13.670000000000073,72.67000000000007,0.004652302498358019,0.0247317353734946,3011.0
2018-06-06,M,2936.67,m1807,2915.0,m1809,3013.0,1807,1809,-21.670000000000073,76.32999999999993,-0.007379106266621749,0.02599202498067532,3013.0
2018-06-07,M,2911.67,m1807,2903.0,m1809,2985.0,1807,1809,-8.670000000000073,73.32999999999993,-0.0029776726071292225,0.025184859547956906,2985.0
2018-06-08,M,2843.33,m1807,2781.0,m1809,2893.0,1807,1809,-62.32999999999993,49.67000000000007,-0.02192147939212119,0.01746895365645207,2893.0
2018-06-11,M,2833.33,m1807,2807.0,m1809,2906.0,1807,1809,-26.329999999999927,72.67000000000007,-0.009292952109355435,0.025648265468547704,2906.0
2018-06-12,M,2825.0,m1807,2802.0,m1809,2910.0,1807,1809,-23.0,85.0,-0.00814159292035399,0.030088495575221197,2910.0
2018-06-13,M,2843.33,m1807,2818.0,m1809,2940.0,1807,1809,-25.329999999999927,96.67000000000007,-0.008908568474288892,0.03399886752504977,2940.0
2018-06-14,M,2853.33,m1807,2826.0,m1809,2947.0,1807,1809,-27.329999999999927,93.67000000000007,-0.00957828221761936,0.03282830937886616,2947.0
2018-06-15,M,2861.67,m1807,2817.0,m1809,2935.0,1807,1809,-44.67000000000007,73.32999999999993,-0.015609766325257679,0.025624897350148723,2935.0
2018-06-19,M,2996.67,m1807,2914.0,m1809,3054.0,1807,1809,-82.67000000000007,57.32999999999993,-0.027587288556964906,0.01913123567159536,3054.0
2018-06-20,M,2976.67,m1807,2925.0,m1809,3044.0,1807,1809,-51.67000000000007,67.32999999999993,-0.017358323226961736,0.022619235588762,3044.0
2018-06-21,M,2956.67,m1807,2937.0,m1809,3012.0,1807,1809,-19.670000000000073,55.32999999999993,-0.006652754619216883,0.018713620390506946,3012.0
2018-06-22,M,2951.67,m1807,2882.0,m1809,2968.0,1807,1809,-69.67000000000007,16.329999999999927,-0.02360358712186661,0.005532461284628587,2968.0
2018-06-25,M,2920.0,m1807,2897.0,m1809,3004.0,1807,1809,-23.0,84.0,-0.007876712328767077,0.02876712328767117,3004.0
2018-06-26,M,2973.33,m1807,2940.0,m1809,3058.0,1807,1809,-33.32999999999993,84.67000000000007,-0.011209653822481846,0.02847648932341862,3058.0
2018-06-27,M,3021.67,m1807,2994.0,m1809,3126.0,1807,1809,-27.670000000000073,104.32999999999993,-0.009157187912644305,0.03452726472447343,3126.0
2018-06-28,M,3018.33,m1807,2984.0,m1809,3119.0,1807,1809,-34.32999999999993,100.67000000000007,-0.011373839175968126,0.03335288056640606,3119.0
2018-06-29,M,3025.0,m1807,2993.0,m1901,3217.0,1807,1901,-32.0,192.0,-0.010578512396694162,0.0634710743801652,3140.0
2018-07-02,M,3103.33,m1807,3059.0,m1901,3252.0,1807,1901,-44.32999999999993,148.67000000000007,-0.014284655515204636,0.04790660355166865,3252.0
2018-07-03,M,3090.0,m1807,3000.0,m1901,3217.0,1807,1901,-90.0,127.0,-0.029126213592232997,0.04110032362459548,3217.0
2018-07-04,M,3085.0,m1807,2980.0,m1901,3193.0,1807,1901,-105.0,108.0,-0.03403565640194495,0.03500810372771479,3193.0
2018-07-05,M,3081.67,m1807,2980.0,m1901,3199.0,1807,1901,-101.67000000000007,117.32999999999993,-0.032991851820603824,0.03807351208922438,3199.0
2018-07-06,M,3080.0,m1807,2980.0,m1901,3162.0,1807,1901,-100.0,82.0,-0.03246753246753242,0.02662337662337655,3162.0
2018-07-09,M,3095.0,m1807,2980.0,m1901,3166.0,1807,1901,-115.0,71.0,-0.037156704361874016,0.022940226171243916,3166.0
2018-07-10,M,3053.33,m1807,2980.0,m1901,3129.0,1807,1901,-73.32999999999993,75.67000000000007,-0.024016401764630713,0.024782778147137696,3129.0
2018-07-11,M,3051.67,m1807,2980.0,m1901,3138.0,1807,1901,-71.67000000000007,86.32999999999993,-0.02348550138121097,0.028289428411328865,3138.0
2018-07-12,M,3060.0,m1807,2980.0,m1901,3118.0,1807,1901,-80.0,58.0,-0.02614379084967322,0.018954248366013005,3118.0
2018-07-13,M,3056.67,m1807,3044.0,m1901,3089.0,1807,1901,-12.670000000000073,32.32999999999993,-0.0041450336477277805,0.010576869599923988,3089.0
2018-07-16,M,3055.0,m1808,3033.0,m1901,3088.0,1808,1901,-22.0,33.0,-0.007201309328968897,0.010801963993453345,3088.0
2018-07-17,M,3061.67,m1808,3045.0,m1901,3126.0,1808,1901,-16.670000000000073,64.32999999999993,-0.0054447409420349535,0.02101140880630492,3126.0
2018-07-18,M,3063.33,m1808,3053.0,m1901,3115.0,1808,1901,-10.329999999999927,51.67000000000007,-0.0033721473037511274,0.01686726536155092,3115.0
2018-07-19,M,3063.33,m1808,3065.0,m1901,3135.0,1808,1901,1.6700000000000728,71.67000000000007,0.0005451583734041865,0.023396108156809703,3135.0
2018-07-20,M,3070.0,m1808,3098.0,m1901,3157.0,1808,1901,28.0,87.0,0.009120521172638396,0.02833876221498377,3157.0
2018-07-23,M,3071.67,m1808,3084.0,m1901,3154.0,1808,1901,12.329999999999927,82.32999999999993,0.004014103077478959,0.026803009437862846,3154.0
2018-07-24,M,3013.33,m1808,3080.0,m1901,3159.0,1808,1901,66.67000000000007,145.67000000000007,0.02212502447458453,0.0483418676348093,3159.0
2018-07-25,M,3038.33,m1808,3109.0,m1901,3180.0,1808,1901,70.67000000000007,141.67000000000007,0.023259487942389523,0.04662758818166557,3180.0
2018-07-26,M,3040.0,m1808,3072.0,m1901,3200.0,1808,1901,32.0,160.0,0.010526315789473717,0.05263157894736836,3200.0
2018-07-27,M,3033.33,m1808,3107.0,m1901,3181.0,1808,1901,73.67000000000007,147.67000000000007,0.02428683987564817,0.04868247107963852,3181.0
2018-07-30,M,3065.0,m1808,3149.0,m1901,3227.0,1808,1901,84.0,162.0,0.02740619902120711,0.05285481239804235,3227.0
2018-07-31,M,3100.0,m1808,3128.0,m1901,3228.0,1808,1901,28.0,128.0,0.00903225806451613,0.041290322580645133,3228.0
2018-08-01,M,3106.67,m1808,3183.0,m1901,3181.0,1808,1901,76.32999999999993,74.32999999999993,0.024569716126914054,0.023925939993626688,3181.0
2018-08-02,M,3111.67,m1808,3183.0,m1901,3197.0,1808,1901,71.32999999999993,85.32999999999993,0.022923381978166013,0.027422573730504718,3197.0
2018-08-03,M,3111.67,m1808,3183.0,m1901,3163.0,1808,1901,71.32999999999993,51.32999999999993,0.022923381978166013,0.016495965189110562,3163.0
2018-08-06,M,3101.67,m1808,3183.0,m1901,3203.0,1808,1901,81.32999999999993,101.32999999999993,0.026221358171565567,0.03266949739978786,3203.0
2018-08-07,M,3115.0,m1808,3183.0,m1901,3224.0,1808,1901,68.0,109.0,0.021829855537720766,0.03499197431781709,3224.0
2018-08-08,M,3138.33,m1808,3183.0,m1901,3289.0,1808,1901,44.67000000000007,150.67000000000007,0.01423368479414222,0.04800961020670225,3289.0
2018-08-09,M,3220.0,m1808,3183.0,m1901,3279.0,1808,1901,-37.0,59.0,-0.011490683229813614,0.0183229813664596,3279.0
2018-08-10,M,3206.67,m1808,3183.0,m1901,3279.0,1808,1901,-23.670000000000073,72.32999999999993,-0.00738148920843118,0.022556109609033648,3279.0
2018-08-13,M,3178.33,m1808,3183.0,m1901,3206.0,1808,1901,4.670000000000073,27.670000000000073,0.0014693250858155427,0.00870582979111667,3206.0
2018-08-14,M,3193.33,m1808,3183.0,m1901,3260.0,1808,1901,-10.329999999999927,66.67000000000007,-0.0032348676773148455,0.02087789235688131,3260.0
2018-08-15,M,3235.0,m1809,3320.0,m1901,3292.0,1809,1901,85.0,57.0,0.026275115919629055,0.017619783616692475,3292.0
2018-08-16,M,3223.33,m1809,3254.0,m1901,3240.0,1809,1901,30.670000000000073,16.670000000000073,0.009515004669084393,0.005171670291282737,3240.0
2018-08-17,M,3221.67,m1809,3235.0,m1901,3224.0,1809,1901,13.329999999999927,2.3299999999999272,0.004137605651727272,0.0007232273944879353,3224.0
2018-08-20,M,3191.67,m1809,3203.0,m1901,3183.0,1809,1901,11.329999999999927,-8.670000000000073,0.0035498657442654125,-0.002716446249142357,3183.0
2018-08-21,M,3191.67,m1809,3210.0,m1901,3182.0,1809,1901,18.329999999999927,-9.670000000000073,0.005743074941958248,-0.003029761848812762,3182.0
2018-08-22,M,3203.33,m1809,3237.0,m1901,3201.0,1809,1901,33.67000000000007,-2.3299999999999272,0.010510937056126046,-0.0007273680825889972,3201.0
2018-08-23,M,3191.67,m1809,3164.0,m1901,3116.0,1809,1901,-27.670000000000073,-75.67000000000007,-0.008669442642879721,-0.023708591427058612,3116.0
2018-08-24,M,3181.67,m1809,3180.0,m1901,3128.0,1809,1901,-1.6700000000000728,-53.67000000000007,-0.0005248815873425405,-0.016868499875851373,3128.0
2018-08-27,M,3140.0,m1809,3118.0,m1901,3042.0,1809,1901,-22.0,-98.0,-0.007006369426751591,-0.03121019108280254,3042.0
2018-08-28,M,3140.0,m1809,3134.0,m1901,3050.0,1809,1901,-6.0,-90.0,-0.0019108280254777066,-0.0286624203821656,3050.0
2018-08-29,M,3148.33,m1809,3161.0,m1901,3067.0,1809,1901,12.670000000000073,-81.32999999999993,0.004024355769566723,-0.025832743073311848,3067.0
2018-08-30,M,3196.67,m1809,3222.0,m1901,3110.0,1809,1901,25.329999999999927,-86.67000000000007,0.007923870778028252,-0.02711258903796765,3110.0
2018-08-31,M,3198.33,m1809,3237.0,m1901,3102.0,1809,1901,38.67000000000007,-96.32999999999993,0.012090684826143727,-0.030118843271332185,3102.0
2018-09-03,M,3226.67,m1809,3266.0,m1901,3132.0,1809,1901,39.32999999999993,-94.67000000000007,0.012189036994796565,-0.02933984572329984,3132.0
2018-09-04,M,3213.33,m1809,3300.0,m1901,3120.0,1809,1901,86.67000000000007,-93.32999999999993,0.026972019680518322,-0.029044635938418994,3120.0
2018-09-05,M,3213.33,m1809,3282.0,m1901,3116.0,1809,1901,68.67000000000007,-97.32999999999993,0.021370354118624535,-0.030289450507728688,3116.0
2018-09-06,M,3215.0,m1809,3274.0,m1901,3120.0,1809,1901,59.0,-95.0,0.018351477449455755,-0.029548989113530322,3120.0
2018-09-07,M,3215.0,m1809,3295.0,m1901,3125.0,1809,1901,80.0,-90.0,0.02488335925349916,-0.027993779160186638,3125.0
2018-09-10,M,3243.33,m1809,3330.0,m1901,3178.0,1809,1901,86.67000000000007,-65.32999999999993,0.02672253517218426,-0.02014287784468427,3178.0
2018-09-11,M,3296.67,m1809,3335.0,m1901,3187.0,1809,1901,38.32999999999993,-109.67000000000007,0.011626884098196122,-0.033266902662383524,3187.0
2018-09-13,M,3240.0,m1809,3286.0,m1901,3099.0,1809,1901,46.0,-141.0,0.014197530864197505,-0.04351851851851851,3099.0
2018-09-14,M,3256.67,m1809,3338.0,m1901,3120.0,1809,1901,81.32999999999993,-136.67000000000007,0.024973362360939166,-0.04196618017791176,3120.0
2018-09-17,M,3306.67,m1811,3319.0,m1901,3158.0,1811,1901,12.329999999999927,-148.67000000000007,0.0037288268862631924,-0.04496064016064505,3158.0
2018-09-18,M,3306.67,m1811,3338.0,m1901,3179.0,1811,1901,31.329999999999927,-127.67000000000007,0.009474788835898362,-0.03860984011104829,3179.0
2018-09-19,M,3316.67,m1811,3334.0,m1901,3177.0,1811,1901,17.329999999999927,-139.67000000000007,0.005225120376763481,-0.0421115154658136,3177.0
2018-09-20,M,3315.0,m1811,3354.0,m1901,3173.0,1811,1901,39.0,-142.0,0.0117647058823529,-0.042835595776772206,3173.0
2018-09-21,M,3323.33,m1811,3386.0,m1901,3195.0,1811,1901,62.67000000000007,-128.32999999999993,0.018857591632489124,-0.038614883264677324,3195.0
2018-09-25,M,3421.67,m1811,3462.0,m1901,3274.0,1811,1901,40.32999999999993,-147.67000000000007,0.011786642195185326,-0.04315728869236368,3274.0
2018-09-26,M,3426.67,m1811,3473.0,m1901,3292.0,1811,1901,46.32999999999993,-134.67000000000007,0.013520414863409602,-0.03930054542748507,3292.0
2018-09-27,M,3413.33,m1811,3493.0,m1901,3324.0,1811,1901,79.67000000000007,-89.32999999999993,0.02334084310629203,-0.02617092399504295,3324.0
2018-09-28,M,3486.67,m1811,3542.0,m1901,3367.0,1811,1901,55.32999999999993,-119.67000000000007,0.015869009685459234,-0.0343221469195536,3367.0
2018-10-08,M,3601.67,m1811,3590.0,m1901,3449.0,1811,1901,-11.670000000000073,-152.67000000000007,-0.003240163590778722,-0.042388669700444526,3449.0
2018-10-09,M,3618.33,m1811,3654.0,m1901,3487.0,1811,1901,35.67000000000007,-131.32999999999993,0.009858138975715303,-0.036295749696683255,3487.0
2018-10-10,M,3618.33,m1811,3665.0,m1901,3513.0,1811,1901,46.67000000000007,-105.32999999999993,0.012898215475094954,-0.02911011433451338,3513.0
2018-10-11,M,3618.33,m1811,3632.0,m1901,3497.0,1811,1901,13.670000000000073,-121.32999999999993,0.003777985976956222,-0.03353204378815644,3497.0
2018-10-12,M,3606.67,m1811,3575.0,m1901,3441.0,1811,1901,-31.670000000000073,-165.67000000000007,-0.008780953067511033,-0.045934338323162405,3441.0
2018-10-15,M,3601.67,m1811,3581.0,m1901,3433.0,1811,1901,-20.670000000000073,-168.67000000000007,-0.005739004406289272,-0.046831053372463294,3433.0
2018-10-16,M,3600.0,m1811,3571.0,m1901,3425.0,1811,1901,-29.0,-175.0,-0.008055555555555594,-0.04861111111111116,3425.0
2018-10-17,M,3578.33,m1811,3595.0,m1901,3449.0,1811,1901,16.670000000000073,-129.32999999999993,0.004658597725754721,-0.03614255812068756,3449.0
2018-10-18,M,3603.33,m1811,3581.0,m1901,3435.0,1811,1901,-22.329999999999927,-168.32999999999993,-0.0061970455106803435,-0.046715121845626095,3435.0
2018-10-19,M,3598.33,m1811,3579.0,m1901,3440.0,1811,1901,-19.329999999999927,-158.32999999999993,-0.005371936426064261,-0.04400096711530066,3440.0
2018-10-22,M,3555.0,m1811,3503.0,m1901,3370.0,1811,1901,-52.0,-185.0,-0.014627285513361454,-0.0520393811533052,3370.0
2018-10-23,M,3535.0,m1811,3508.0,m1901,3370.0,1811,1901,-27.0,-165.0,-0.007637906647807613,-0.04667609618104662,3370.0
2018-10-24,M,3543.33,m1811,3527.0,m1901,3412.0,1811,1901,-16.329999999999927,-131.32999999999993,-0.004608659086226763,-0.037064004763880276,3412.0
2018-10-25,M,3550.0,m1811,3506.0,m1901,3391.0,1811,1901,-44.0,-159.0,-0.012394366197183149,-0.044788732394366204,3391.0
2018-10-26,M,3531.67,m1811,3509.0,m1901,3397.0,1811,1901,-22.670000000000073,-134.67000000000007,-0.006419059538405381,-0.038132101810191776,3397.0
2018-10-29,M,3516.67,m1811,3465.0,m1901,3349.0,1811,1901,-51.67000000000007,-167.67000000000007,-0.014692877068362975,-0.04767862779276988,3349.0
2018-10-30,M,3475.0,m1811,3420.0,m1901,3309.0,1811,1901,-55.0,-166.0,-0.015827338129496438,-0.04776978417266187,3309.0
2018-10-31,M,3471.67,m1811,3448.0,m1901,3307.0,1811,1901,-23.670000000000073,-164.67000000000007,-0.006818044341772134,-0.047432503665382986,3307.0
2018-11-01,M,3418.33,m1811,3271.0,m1901,3260.0,1811,1901,-147.32999999999993,-158.32999999999993,-0.043099993271568215,-0.04631793887658586,3260.0
2018-11-02,M,3310.0,m1811,3198.0,m1901,3105.0,1811,1901,-112.0,-205.0,-0.0338368580060423,-0.0619335347432024,3105.0
2018-11-05,M,3315.0,m1811,3031.0,m1901,3142.0,1811,1901,-284.0,-173.0,-0.08567119155354452,-0.05218702865761693,3142.0
2018-11-06,M,3338.33,m1811,3197.0,m1901,3158.0,1811,1901,-141.32999999999993,-180.32999999999993,-0.04233553902699849,-0.05401802697756064,3158.0
2018-11-07,M,3336.67,m1811,3195.0,m1901,3198.0,1811,1901,-141.67000000000007,-138.67000000000007,-0.042458499042458575,-0.041559399041559475,3198.0
2018-11-08,M,3330.0,m1811,3195.0,m1901,3152.0,1811,1901,-135.0,-178.0,-0.04054054054054057,-0.053453453453453426,3152.0
2018-11-09,M,3305.0,m1811,3195.0,m1901,3142.0,1811,1901,-110.0,-163.0,-0.033282904689863835,-0.049319213313161914,3142.0
2018-11-12,M,3280.0,m1811,3195.0,m1901,3138.0,1811,1901,-85.0,-142.0,-0.02591463414634143,-0.04329268292682931,3138.0
2018-11-13,M,3261.67,m1811,3195.0,m1901,3119.0,1811,1901,-66.67000000000007,-142.67000000000007,-0.020440449217732026,-0.043741396278593525,3119.0
2018-11-14,M,3233.33,m1811,3242.0,m1901,3078.0,1811,1901,8.670000000000073,-155.32999999999993,0.0026814460633464154,-0.04804025571160375,3078.0
2018-11-15,M,3205.0,m1812,3330.0,m1901,3054.0,1812,1901,125.0,-151.0,0.03900156006240252,-0.047113884555382235,3054.0
2018-11-16,M,3263.33,m1812,3331.0,m1901,3158.0,1812,1901,67.67000000000007,-105.32999999999993,0.020736486962703804,-0.03227684604376513,3158.0
2018-11-19,M,3266.67,m1812,3292.0,m1901,3124.0,1812,1901,25.329999999999927,-142.67000000000007,0.007754073720332988,-0.043674445230157954,3124.0
2018-11-20,M,3255.0,m1812,3337.0,m1901,3124.0,1812,1901,82.0,-131.0,0.025192012288786536,-0.040245775729646716,3124.0
2018-11-21,M,3276.67,m1812,3337.0,m1901,3170.0,1812,1901,60.32999999999993,-106.67000000000007,0.018411985338773862,-0.03255439211150346,3170.0
2018-11-22,M,3255.0,m1812,3306.0,m1901,3154.0,1812,1901,51.0,-101.0,0.015668202764977046,-0.031029185867895492,3154.0
2018-11-23,M,3238.33,m1812,3270.0,m1901,3116.0,1812,1901,31.670000000000073,-122.32999999999993,0.009779732145890119,-0.03777564361877883,3116.0
2018-11-26,M,3193.33,m1812,3200.0,m1905,2670.0,1812,1905,6.670000000000073,-523.3299999999999,0.0020887286938713334,-0.1638822169960511,3040.0
2018-11-27,M,3156.67,m1812,3150.0,m1905,2663.0,1812,1905,-6.670000000000073,-493.6700000000001,-0.0021129861531297145,-0.15638948638913797,2663.0
2018-11-28,M,3150.0,m1812,3130.0,m1905,2699.0,1812,1905,-20.0,-451.0,-0.006349206349206327,-0.14317460317460318,2699.0
2018-11-29,M,3150.0,m1812,3100.0,m1905,2720.0,1812,1905,-50.0,-430.0,-0.015873015873015928,-0.13650793650793647,2720.0
2018-11-30,M,3153.33,m1812,2948.0,m1905,2716.0,1812,1905,-205.32999999999993,-437.3299999999999,-0.06511529081954626,-0.13868830728150872,2716.0
2018-12-03,M,3100.0,m1812,2901.0,m1905,2720.0,1812,1905,-199.0,-380.0,-0.06419354838709679,-0.1225806451612903,2720.0
2018-12-04,M,3030.0,m1812,2983.0,m1905,2682.0,1812,1905,-47.0,-348.0,-0.015511551155115488,-0.11485148514851484,2682.0
2018-12-05,M,3010.0,m1812,2900.0,m1905,2718.0,1812,1905,-110.0,-292.0,-0.03654485049833889,-0.09700996677740858,2718.0
2018-12-06,M,3030.0,m1812,2900.0,m1905,2716.0,1812,1905,-130.0,-314.0,-0.04290429042904287,-0.10363036303630369,2716.0
2018-12-07,M,3010.0,m1812,2900.0,m1905,2711.0,1812,1905,-110.0,-299.0,-0.03654485049833889,-0.09933554817275747,2711.0
2018-12-10,M,2980.0,m1812,2900.0,m1905,2681.0,1812,1905,-80.0,-299.0,-0.02684563758389258,-0.10033557046979868,2681.0
2018-12-11,M,3000.0,m1812,2900.0,m1905,2684.0,1812,1905,-100.0,-316.0,-0.033333333333333326,-0.10533333333333328,2684.0
2018-12-12,M,3000.0,m1812,2900.0,m1905,2701.0,1812,1905,-100.0,-299.0,-0.033333333333333326,-0.09966666666666668,2701.0
2018-12-13,M,2980.0,m1812,2900.0,m1905,2702.0,1812,1905,-80.0,-278.0,-0.02684563758389258,-0.09328859060402683,2702.0
2018-12-14,M,2980.0,m1812,2913.0,m1905,2662.0,1812,1905,-67.0,-318.0,-0.02248322147651005,-0.10671140939597312,2662.0
2018-12-17,M,2960.0,m1901,2893.0,m1905,2652.0,1901,1905,-67.0,-308.0,-0.022635135135135154,-0.1040540540540541,2652.0
2018-12-18,M,2950.0,m1901,2907.0,m1905,2668.0,1901,1905,-43.0,-282.0,-0.01457627118644067,-0.0955932203389831,2668.0
2018-12-19,M,2950.0,m1901,2920.0,m1905,2674.0,1901,1905,-30.0,-276.0,-0.01016949152542368,-0.09355932203389827,2674.0
2018-12-20,M,2960.0,m1901,2916.0,m1905,2663.0,1901,1905,-44.0,-297.0,-0.014864864864864824,-0.10033783783783778,2663.0
2018-12-21,M,2940.0,m1901,2880.0,m1905,2649.0,1901,1905,-60.0,-291.0,-0.020408163265306145,-0.09897959183673466,2649.0
2018-12-24,M,2880.0,m1901,2856.0,m1905,2623.0,1901,1905,-24.0,-257.0,-0.008333333333333304,-0.08923611111111107,2623.0
2018-12-25,M,2875.0,m1901,2851.0,m1905,2631.0,1901,1905,-24.0,-244.0,-0.0083478260869565,-0.08486956521739131,2631.0
2018-12-26,M,2875.0,m1901,2810.0,m1905,2634.0,1901,1905,-65.0,-241.0,-0.022608695652173938,-0.08382608695652172,2634.0
2018-12-27,M,2875.0,m1901,2770.0,m1905,2625.0,1901,1905,-105.0,-250.0,-0.03652173913043477,-0.08695652173913049,2625.0
2018-12-28,M,2875.0,m1901,2815.0,m1905,2625.0,1901,1905,-60.0,-250.0,-0.02086956521739125,-0.08695652173913049,2625.0
2019-01-02,M,2875.0,m1901,2841.0,m1905,2646.0,1901,1905,-34.0,-229.0,-0.011826086956521764,-0.07965217391304347,2646.0
2019-01-03,M,2875.0,m1901,2830.0,m1905,2661.0,1901,1905,-45.0,-214.0,-0.01565217391304352,-0.07443478260869563,2661.0
2019-01-04,M,2865.0,m1901,2850.0,m1905,2698.0,1901,1905,-15.0,-167.0,-0.005235602094240788,-0.05828970331588135,2698.0
2019-01-07,M,2865.0,m1901,2847.0,m1905,2697.0,1901,1905,-18.0,-168.0,-0.006282722513089034,-0.058638743455497355,2697.0
2019-01-08,M,2865.0,m1901,2839.0,m1905,2677.0,1901,1905,-26.0,-188.0,-0.009075043630017432,-0.06561954624781852,2677.0
2019-01-09,M,2855.0,m1901,2837.0,m1905,2674.0,1901,1905,-18.0,-181.0,-0.0063047285464098435,-0.06339754816112086,2674.0
2019-01-10,M,2855.0,m1901,2837.0,m1905,2670.0,1901,1905,-18.0,-185.0,-0.0063047285464098435,-0.06479859894921192,2670.0
2019-01-11,M,2890.0,m1901,2837.0,m1905,2628.0,1901,1905,-53.0,-262.0,-0.01833910034602071,-0.09065743944636673,2628.0
2019-01-14,M,2890.0,m1901,2837.0,m1905,2566.0,1901,1905,-53.0,-324.0,-0.01833910034602071,-0.11211072664359867,2566.0
2019-01-15,M,2850.0,m1901,2837.0,m1905,2577.0,1901,1905,-13.0,-273.0,-0.004561403508771877,-0.09578947368421054,2577.0
2019-01-16,M,2835.0,m1903,2605.0,m1905,2535.0,1903,1905,-230.0,-300.0,-0.08112874779541446,-0.10582010582010581,2535.0
2019-01-17,M,2835.0,m1903,2585.0,m1905,2538.0,1903,1905,-250.0,-297.0,-0.08818342151675485,-0.10476190476190472,2538.0
2019-01-18,M,2792.5,m1903,2598.0,m1905,2560.0,1903,1905,-194.5,-232.5,-0.06965085049239028,-0.08325872873769025,2560.0
2019-01-21,M,2797.5,m1903,2627.0,m1905,2585.0,1903,1905,-170.5,-212.5,-0.06094727435210012,-0.07596067917783733,2585.0
2019-01-22,M,2797.5,m1903,2629.0,m1905,2580.0,1903,1905,-168.5,-217.5,-0.06023235031277929,-0.07774798927613946,2580.0
2019-01-23,M,2800.0,m1903,2637.0,m1905,2585.0,1903,1905,-163.0,-215.0,-0.05821428571428566,-0.07678571428571423,2585.0
2019-01-24,M,2776.67,m1903,2646.0,m1905,2599.0,1903,1905,-130.67000000000007,-177.67000000000007,-0.04705996751504504,-0.06398671790309973,2599.0
2019-01-25,M,2780.0,m1903,2634.0,m1905,2586.0,1903,1905,-146.0,-194.0,-0.052517985611510776,-0.06978417266187054,2586.0
2019-01-28,M,2776.67,m1903,2618.0,m1905,2582.0,1903,1905,-158.67000000000007,-194.67000000000007,-0.05714398902282236,-0.07010915953282171,2582.0
2019-01-29,M,2776.67,m1903,2596.0,m1905,2560.0,1903,1905,-180.67000000000007,-216.67000000000007,-0.06506714877893305,-0.0780323192889325,2560.0
2019-01-30,M,2776.67,m1903,2584.0,m1905,2552.0,1903,1905,-192.67000000000007,-224.67000000000007,-0.0693888722822662,-0.08091346829115453,2552.0
2019-01-31,M,2750.0,m1903,2623.0,m1905,2589.0,1903,1905,-127.0,-161.0,-0.04618181818181821,-0.05854545454545457,2589.0
2019-02-01,M,2750.0,m1903,2623.0,m1905,2586.0,1903,1905,-127.0,-164.0,-0.04618181818181821,-0.0596363636363636,2586.0
2019-02-11,M,2756.67,m1903,2634.0,m1905,2602.0,1903,1905,-122.67000000000007,-154.67000000000007,-0.0444993415969267,-0.05610755005133006,2602.0
2019-02-12,M,2756.67,m1903,2643.0,m1905,2616.0,1903,1905,-113.67000000000007,-140.67000000000007,-0.041234532969125826,-0.05102895885252867,2616.0
2019-02-13,M,2766.67,m1903,2646.0,m1905,2620.0,1903,1905,-120.67000000000007,-146.67000000000007,-0.043615610101674585,-0.05301318914073605,2620.0
2019-02-14,M,2760.0,m1903,2625.0,m1905,2605.0,1903,1905,-135.0,-155.0,-0.048913043478260865,-0.0561594202898551,2605.0
2019-02-15,M,2733.33,m1903,2565.0,m1905,2581.0,1903,1905,-168.32999999999993,-152.32999999999993,-0.061584221444172416,-0.05573055576897046,2581.0
2019-02-18,M,2730.0,m1903,2573.0,m1905,2574.0,1903,1905,-157.0,-156.0,-0.05750915750915753,-0.05714285714285716,2574.0
2019-02-19,M,2683.33,m1903,2572.0,m1905,2576.0,1903,1905,-111.32999999999993,-107.32999999999993,-0.04148949253353107,-0.03999880745193474,2576.0
2019-02-20,M,2656.67,m1903,2532.0,m1905,2531.0,1903,1905,-124.67000000000007,-125.67000000000007,-0.04692716822187182,-0.04730357929287421,2531.0
2019-02-21,M,2623.33,m1903,2528.0,m1905,2535.0,1903,1905,-95.32999999999993,-88.32999999999993,-0.036339309198613945,-0.03367094494402145,2535.0
2019-02-22,M,2620.0,m1903,2541.0,m1905,2546.0,1903,1905,-79.0,-74.0,-0.030152671755725224,-0.028244274809160252,2546.0
2019-02-25,M,2603.33,m1903,2512.0,m1905,2522.0,1903,1905,-91.32999999999993,-81.32999999999993,-0.03508199114211408,-0.03124075703041873,2522.0
2019-02-26,M,2586.67,m1903,2515.0,m1905,2525.0,1903,1905,-71.67000000000007,-61.67000000000007,-0.027707438521342165,-0.02384146412182464,2525.0
2019-02-27,M,2546.67,m1903,2454.0,m1905,2480.0,1903,1905,-92.67000000000007,-66.67000000000007,-0.03638869582631443,-0.02617928510564782,2480.0
2019-02-28,M,2550.0,m1903,2450.0,m1905,2486.0,1903,1905,-100.0,-64.0,-0.039215686274509776,-0.02509803921568632,2486.0
2019-03-01,M,2546.67,m1903,2476.0,m1905,2512.0,1903,1905,-70.67000000000007,-34.67000000000007,-0.027749963678058043,-0.01361385652636582,2512.0
2019-03-04,M,2540.0,m1903,2415.0,m1905,2474.0,1903,1905,-125.0,-66.0,-0.049212598425196874,-0.025984251968503957,2474.0
2019-03-05,M,2510.0,m1903,2380.0,m1905,2484.0,1903,1905,-130.0,-26.0,-0.05179282868525892,-0.01035856573705174,2484.0
2019-03-06,M,2513.33,m1903,2409.0,m1905,2507.0,1903,1905,-104.32999999999993,-6.329999999999927,-0.041510665133508096,-0.002518570979537116,2507.0
2019-03-07,M,2536.67,m1903,2400.0,m1905,2525.0,1903,1905,-136.67000000000007,-11.670000000000073,-0.05387772157986659,-0.004600519578817908,2525.0
2019-03-08,M,2543.33,m1903,2407.0,m1905,2522.0,1903,1905,-136.32999999999993,-21.329999999999927,-0.053602953608064996,-0.00838664270857492,2522.0
2019-03-11,M,2548.33,m1903,2496.0,m1905,2524.0,1903,1905,-52.32999999999993,-24.329999999999927,-0.020535017050381965,-0.00954742910062667,2524.0
2019-03-12,M,2543.33,m1903,2421.0,m1905,2510.0,1903,1905,-122.32999999999993,-33.32999999999993,-0.048098359237692234,-0.013104866454608732,2510.0
2019-03-13,M,2553.33,m1903,2421.0,m1905,2534.0,1903,1905,-132.32999999999993,-19.329999999999927,-0.05182643841571588,-0.007570505966717933,2534.0
2019-03-14,M,2586.67,m1903,2444.0,m1905,2566.0,1903,1905,-142.67000000000007,-20.670000000000073,-0.055155856757916566,-0.007990969083802701,2566.0
2019-03-15,M,2603.33,m1905,2566.0,m1905,2566.0,1905,1905,-37.32999999999993,-37.32999999999993,-0.014339326938958896,-0.014339326938958896,2566.0
2019-03-18,M,2620.0,m1905,2550.0,m1905,2550.0,1905,1905,-70.0,-70.0,-0.026717557251908386,-0.026717557251908386,2550.0
2019-03-19,M,2613.33,m1905,2539.0,m1905,2539.0,1905,1905,-74.32999999999993,-74.32999999999993,-0.028442638319691738,-0.028442638319691738,2539.0
2019-03-20,M,2593.33,m1905,2536.0,m1905,2536.0,1905,1905,-57.32999999999993,-57.32999999999993,-0.022106712219424396,-0.022106712219424396,2536.0
2019-03-21,M,2590.0,m1905,2540.0,m1905,2540.0,1905,1905,-50.0,-50.0,-0.019305019305019266,-0.019305019305019266,2540.0
2019-03-22,M,2596.67,m1905,2556.0,m1905,2556.0,1905,1905,-40.67000000000007,-40.67000000000007,-0.015662367570773328,-0.015662367570773328,2556.0
2019-03-25,M,2583.33,m1905,2555.0,m1905,2555.0,1905,1905,-28.329999999999927,-28.329999999999927,-0.01096646576318161,-0.01096646576318161,2555.0
2019-03-26,M,2587.5,m1905,2557.0,m1905,2557.0,1905,1905,-30.5,-30.5,-0.011787439613526574,-0.011787439613526574,2557.0
2019-03-27,M,2577.5,m1905,2556.0,m1905,2556.0,1905,1905,-21.5,-21.5,-0.008341416100872912,-0.008341416100872912,2556.0
2019-03-28,M,2555.0,m1905,2504.0,m1909,2570.0,1905,1909,-51.0,15.0,-0.019960861056751433,0.005870841487279899,2504.0
2019-03-29,M,2522.5,m1905,2489.0,m1909,2572.0,1905,1909,-33.5,49.5,-0.013280475718533191,0.019623389494549004,2572.0
2019-04-01,M,2497.5,m1905,2495.0,m1909,2584.0,1905,1909,-2.5,86.5,-0.0010010010010009784,0.034634634634634676,2584.0
2019-04-02,M,2545.0,m1905,2541.0,m1909,2634.0,1905,1909,-4.0,89.0,-0.001571709233791796,0.03497053045186638,2634.0
2019-04-03,M,2550.0,m1905,2542.0,m1909,2634.0,1905,1909,-8.0,84.0,-0.0031372549019608176,0.03294117647058825,2634.0
2019-04-04,M,2551.25,m1905,2542.0,m1909,2641.0,1905,1909,-9.25,89.75,-0.0036256736893679475,0.03517883390494858,2641.0
2019-04-08,M,2563.75,m1905,2540.0,m1909,2639.0,1905,1909,-23.75,75.25,-0.009263773768893202,0.029351535836177556,2639.0
2019-04-09,M,2547.5,m1905,2531.0,m1909,2621.0,1905,1909,-16.5,73.5,-0.0064769381746810906,0.028851815505397393,2621.0
2019-04-10,M,2550.0,m1905,2525.0,m1909,2621.0,1905,1909,-25.0,71.0,-0.009803921568627416,0.02784313725490195,2621.0
2019-04-11,M,2552.5,m1905,2534.0,m1909,2628.0,1905,1909,-18.5,75.5,-0.007247796278158636,0.029578844270323312,2628.0
2019-04-12,M,2546.25,m1905,2514.0,m1909,2601.0,1905,1909,-32.25,54.75,-0.01266568483063324,0.021502209131075034,2601.0
2019-04-15,M,2567.5,m1905,2540.0,m1909,2632.0,1905,1909,-27.5,64.5,-0.01071080817916259,0.025121713729308714,2632.0
2019-04-16,M,2563.75,m1905,2546.0,m1909,2635.0,1905,1909,-17.75,71.25,-0.0069234519746464995,0.027791321306679606,2635.0
2019-04-17,M,2556.25,m1905,2526.0,m1909,2614.0,1905,1909,-30.25,57.75,-0.011833740831295847,0.02259168704156478,2614.0
2019-04-18,M,2556.25,m1905,2524.0,m1909,2608.0,1905,1909,-32.25,51.75,-0.012616136919315402,0.020244498777506115,2608.0
2019-04-19,M,2573.75,m1905,2523.0,m1909,2611.0,1905,1909,-50.75,37.25,-0.019718309859154903,0.014473045167556986,2611.0
2019-04-23,M,2571.25,m1905,2523.0,m1909,2612.0,1905,1909,-48.25,40.75,-0.018765192027224153,0.015848322800194437,2612.0
2019-04-24,M,2565.0,m1905,2513.0,m1909,2602.0,1905,1909,-52.0,37.0,-0.020272904483430776,0.014424951267056452,2602.0
2019-04-25,M,2561.25,m1905,2490.0,m1909,2567.0,1905,1909,-71.25,5.75,-0.027818448023426035,0.0022449975597853555,2567.0
2019-04-26,M,2553.75,m1905,2477.0,m1909,2560.0,1905,1909,-76.75,6.25,-0.03005384238864417,0.0024473813020069457,2560.0
2019-04-29,M,2556.25,m1905,2493.0,m1909,2566.0,1905,1909,-63.25,9.75,-0.02474327628361861,0.0038141809290952455,2566.0
2019-04-30,M,2546.25,m1905,2463.0,m1909,2569.0,1905,1909,-83.25,22.75,-0.03269513991163475,0.008934707903780037,2569.0
2019-05-06,M,2597.5,m1905,2514.0,m1909,2585.0,1905,1909,-83.5,-12.5,-0.032146294513955675,-0.004812319538017307,2585.0
2019-05-07,M,2597.5,m1905,2516.0,m1909,2600.0,1905,1909,-81.5,2.5,-0.031376323387872995,0.0009624639076035724,2600.0
2019-05-08,M,2615.0,m1905,2542.0,m1909,2608.0,1905,1909,-73.0,-7.0,-0.027915869980879582,-0.0026768642447418944,2608.0
2019-05-09,M,2647.5,m1905,2626.0,m1909,2690.0,1905,1909,-21.5,42.5,-0.00812086874409823,0.016052880075543063,2690.0
2019-05-10,M,2680.0,m1905,2636.0,m1909,2658.0,1905,1909,-44.0,-22.0,-0.016417910447761197,-0.008208955223880543,2658.0
2019-05-13,M,2672.5,m1905,2609.0,m1909,2659.0,1905,1909,-63.5,-13.5,-0.023760523854069238,-0.0050514499532272605,2659.0
2019-05-14,M,2687.5,m1905,2626.0,m1909,2667.0,1905,1909,-61.5,-20.5,-0.02288372093023261,-0.007627906976744203,2667.0
2019-05-15,M,2705.0,m1905,2665.0,m1909,2695.0,1905,1909,-40.0,-10.0,-0.014787430683918634,-0.003696857670979714,2695.0
2019-05-16,M,2705.0,m1905,2709.0,m1909,2726.0,1905,1909,4.0,21.0,0.0014787430683917968,0.007763401109057266,2726.0
2019-05-17,M,2737.5,m1905,2697.0,m1909,2719.0,1905,1909,-40.5,-18.5,-0.014794520547945167,-0.006757990867579888,2719.0
2019-05-20,M,2760.0,m1907,2763.0,m1909,2742.0,1907,1909,3.0,-18.0,0.0010869565217390686,-0.006521739130434745,2742.0
2019-05-21,M,2795.0,m1907,2823.0,m1909,2786.0,1907,1909,28.0,-9.0,0.01001788908765655,-0.003220035778175312,2786.0
2019-05-22,M,2797.5,m1907,2803.0,m1909,2775.0,1907,1909,5.5,-22.5,0.001966041108132366,-0.008042895442359255,2775.0
2019-05-23,M,2810.0,m1907,2798.0,m1909,2771.0,1907,1909,-12.0,-39.0,-0.004270462633451988,-0.01387900355871885,2771.0
2019-05-24,M,2795.0,m1907,2796.0,m1909,2770.0,1907,1909,1.0,-25.0,0.0003577817531306149,-0.008944543828264706,2770.0
2019-05-27,M,2877.5,m1907,2844.0,m1909,2827.0,1907,1909,-33.5,-50.5,-0.011642050390964331,-0.017549956559513413,2827.0
2019-05-28,M,2927.5,m1907,2872.0,m1909,2867.0,1907,1909,-55.5,-60.5,-0.018958155422715617,-0.020666097352689983,2867.0
2019-05-29,M,2980.0,m1907,2959.0,m1909,2954.0,1907,1909,-21.0,-26.0,-0.007046979865771852,-0.008724832214765055,2954.0
2019-05-30,M,2972.5,m1907,2872.0,m1909,2902.0,1907,1909,-100.5,-70.5,-0.033809924306139605,-0.023717409587888927,2902.0
2019-05-31,M,2992.5,m1907,2885.0,m1909,2923.0,1907,1909,-107.5,-69.5,-0.035923141186299135,-0.02322472848788637,2923.0
2019-06-03,M,2992.5,m1907,2922.0,m1909,2959.0,1907,1909,-70.5,-33.5,-0.02355889724310778,-0.011194653299916424,2959.0
2019-06-04,M,3035.0,m1907,2944.0,m1909,2982.0,1907,1909,-91.0,-53.0,-0.029983525535420052,-0.017462932454695212,2982.0
2019-06-05,M,3027.5,m1907,2905.0,m1909,2954.0,1907,1909,-122.5,-73.5,-0.040462427745664775,-0.024277456647398887,2954.0
2019-06-06,M,2975.0,m1907,2815.0,m1909,2874.0,1907,1909,-160.0,-101.0,-0.05378151260504205,-0.03394957983193281,2874.0
2019-06-10,M,2950.0,m1907,2784.0,m1909,2864.0,1907,1909,-166.0,-86.0,-0.05627118644067797,-0.02915254237288134,2864.0
2019-06-11,M,2952.5,m1907,2791.0,m1909,2868.0,1907,1909,-161.5,-84.5,-0.05469940728196443,-0.028619813717188802,2868.0
2019-06-12,M,2966.67,m1907,2800.0,m1909,2863.0,1907,1909,-166.67000000000007,-103.67000000000007,-0.05618083575186994,-0.03494490455628707,2863.0
2019-06-13,M,3033.33,m1907,2854.0,m1909,2917.0,1907,1909,-179.32999999999993,-116.32999999999993,-0.05911984518664304,-0.03835059159405663,2917.0
2019-06-14,M,3013.33,m1907,2850.0,m1909,2909.0,1907,1909,-163.32999999999993,-104.32999999999993,-0.05420249358682916,-0.0346228259102056,2909.0
2019-06-17,M,3040.0,m1907,2909.0,m1909,2973.0,1907,1909,-131.0,-67.0,-0.043092105263157876,-0.022039473684210553,2973.0
2019-06-18,M,3040.0,m1907,2873.0,m1909,2939.0,1907,1909,-167.0,-101.0,-0.05493421052631575,-0.03322368421052635,2939.0
2019-06-19,M,2973.33,m1907,2810.0,m1909,2884.0,1907,1909,-163.32999999999993,-89.32999999999993,-0.05493167593237214,-0.030043755654434512,2884.0
2019-06-20,M,2953.33,m1907,2813.0,m1909,2873.0,1907,1909,-140.32999999999993,-80.32999999999993,-0.04751585498403499,-0.027199804965919783,2873.0
2019-06-21,M,2960.0,m1907,2817.0,m1909,2880.0,1907,1909,-143.0,-80.0,-0.04831081081081079,-0.027027027027026973,2880.0
2019-06-24,M,2976.67,m1907,2845.0,m1909,2912.0,1907,1909,-131.67000000000007,-64.67000000000007,-0.04423399301904485,-0.021725619568175203,2912.0
2019-06-25,M,2968.33,m1907,2826.0,m1909,2906.0,1907,1909,-142.32999999999993,-62.32999999999993,-0.047949520437417625,-0.02099833913345217,2906.0
2019-06-26,M,2943.33,m1907,2805.0,m1909,2887.0,1907,1909,-138.32999999999993,-56.32999999999993,-0.04699778821946565,-0.019138187019464348,2887.0
2019-06-27,M,2950.0,m1907,2803.0,m1909,2880.0,1907,1909,-147.0,-70.0,-0.04983050847457626,-0.023728813559321993,2880.0
2019-06-28,M,2953.33,m1907,2801.0,m1909,2897.0,1907,1909,-152.32999999999993,-56.32999999999993,-0.05157906498765796,-0.019073384958673723,2897.0
2019-07-01,M,2940.0,m1907,2883.0,m1909,2865.0,1907,1909,-57.0,-75.0,-0.019387755102040827,-0.025510204081632626,2865.0
2019-07-02,M,2906.67,m1907,2826.0,m1909,2822.0,1907,1909,-80.67000000000007,-84.67000000000007,-0.027753408539669122,-0.02912955375051174,2822.0
2019-07-03,M,2906.67,m1907,2779.0,m1909,2818.0,1907,1909,-127.67000000000007,-88.67000000000007,-0.043923114767070226,-0.030505698961354466,2818.0
2019-07-04,M,2846.67,m1907,2764.0,m1909,2804.0,1907,1909,-82.67000000000007,-42.67000000000007,-0.029040949600761645,-0.014989443806271874,2804.0
2019-07-05,M,2840.0,m1907,2764.0,m1909,2804.0,1907,1909,-76.0,-36.0,-0.026760563380281654,-0.012676056338028152,2804.0
2019-07-08,M,2830.0,m1907,2764.0,m1909,2772.0,1907,1909,-66.0,-58.0,-0.023321554770318054,-0.020494699646643078,2772.0
2019-07-09,M,2790.0,m1907,2764.0,m1909,2759.0,1907,1909,-26.0,-31.0,-0.009318996415770608,-0.011111111111111072,2759.0
2019-07-10,M,2816.67,m1907,2764.0,m1909,2779.0,1907,1909,-52.67000000000007,-37.67000000000007,-0.018699386154572673,-0.013373948669883284,2779.0
2019-07-11,M,2810.0,m1907,2764.0,m1909,2789.0,1907,1909,-46.0,-21.0,-0.016370106761565806,-0.007473309608540979,2789.0
2019-07-12,M,2816.67,m1907,2786.0,m1909,2808.0,1907,1909,-30.670000000000073,-8.670000000000073,-0.010888744510361592,-0.0030781028661505117,2808.0
2019-07-15,M,2843.33,m1908,2876.0,m1909,2861.0,1908,1909,32.67000000000007,17.670000000000073,0.011490048640150796,0.006214544214002693,2861.0
2019-07-16,M,2850.0,m1908,2833.0,m1909,2813.0,1908,1909,-17.0,-37.0,-0.0059649122807017285,-0.012982456140350873,2813.0
2019-07-17,M,2853.33,m1908,2850.0,m1909,2828.0,1908,1909,-3.3299999999999272,-25.329999999999927,-0.0011670574381511534,-0.00887734681933039,2828.0
2019-07-18,M,2873.33,m1908,2884.0,m1909,2832.0,1908,1909,10.670000000000073,-41.32999999999993,0.0037134613845259956,-0.014384007406041066,2832.0
2019-07-19,M,2876.67,m1908,2867.0,m1909,2840.0,1908,1909,-9.670000000000073,-36.67000000000007,-0.0033615256529251347,-0.012747378044753122,2840.0
2019-07-22,M,2846.67,m1908,2880.0,m1909,2797.0,1908,1909,33.32999999999993,-49.67000000000007,0.011708417203258437,-0.017448457320307642,2797.0
2019-07-23,M,2840.0,m1908,2837.0,m1909,2814.0,1908,1909,-3.0,-26.0,-0.0010563380281690682,-0.009154929577464777,2814.0
2019-07-24,M,2826.67,m1908,2816.0,m1909,2799.0,1908,1909,-10.670000000000073,-27.670000000000073,-0.003774759699575858,-0.009788903550821293,2799.0
2019-07-25,M,2840.0,m1908,2766.0,m1909,2810.0,1908,1909,-74.0,-30.0,-0.02605633802816898,-0.010563380281690127,2810.0
2019-07-26,M,2820.0,m1908,2746.0,m1909,2784.0,1908,1909,-74.0,-36.0,-0.026241134751773032,-0.012765957446808529,2784.0
2019-07-29,M,2823.33,m1908,2788.0,m1909,2770.0,1908,1909,-35.32999999999993,-53.32999999999993,-0.01251359210577574,-0.01888904237195088,2770.0
2019-07-30,M,2826.67,m1908,2800.0,m1909,2789.0,1908,1909,-26.670000000000073,-37.67000000000007,-0.009435130383100954,-0.013326635228024575,2789.0
2019-07-31,M,2830.0,m1908,2720.0,m1909,2799.0,1908,1909,-110.0,-31.0,-0.03886925795053009,-0.010954063604240227,2799.0
2019-08-01,M,2810.0,m1908,2788.0,m1909,2773.0,1908,1909,-22.0,-37.0,-0.007829181494661941,-0.013167259786476815,2773.0
2019-08-02,M,2866.67,m1908,2788.0,m2001,2821.0,1908,2001,-78.67000000000007,-45.67000000000007,-0.02744299134535888,-0.015931376823980492,2819.0
2019-08-05,M,2883.33,m1908,2788.0,m2001,2875.0,1908,2001,-95.32999999999993,-8.329999999999927,-0.03306246596816875,-0.0028890206809487617,2864.0
2019-08-06,M,2926.67,m1908,2788.0,m2001,2867.0,1908,2001,-138.67000000000007,-59.67000000000007,-0.0473814950096868,-0.020388359466561035,2860.0
2019-08-07,M,2923.33,m1908,2788.0,m2001,2883.0,1908,2001,-135.32999999999993,-40.32999999999993,-0.046293097255527105,-0.01379591082772047,2887.0
2019-08-08,M,2916.67,m1908,2788.0,m2001,2873.0,1908,2001,-128.67000000000007,-43.67000000000007,-0.04411537815385358,-0.014972554317080777,2883.0
2019-08-09,M,2936.67,m1908,2788.0,m2001,2899.0,1908,2001,-148.67000000000007,-37.67000000000007,-0.05062536818913943,-0.012827454225364132,2899.0
2019-08-12,M,2953.33,m1908,2788.0,m2001,2884.0,1908,2001,-165.32999999999993,-69.32999999999993,-0.05598087582491629,-0.023475195795932047,2884.0
2019-08-13,M,3013.33,m1908,2788.0,m2001,2940.0,1908,2001,-225.32999999999993,-73.32999999999993,-0.07477773758599293,-0.024335203910623826,2940.0
2019-08-14,M,2960.0,m1908,2788.0,m2001,2889.0,1908,2001,-172.0,-71.0,-0.05810810810810807,-0.02398648648648649,2889.0
2019-08-15,M,2945.0,m1909,2875.0,m2001,2867.0,1909,2001,-70.0,-78.0,-0.02376910016977929,-0.026485568760611256,2867.0
2019-08-16,M,2936.67,m1909,2869.0,m2001,2861.0,1909,2001,-67.67000000000007,-75.67000000000007,-0.02304310664800613,-0.02576728062737732,2861.0
2019-08-19,M,2933.33,m1909,2880.0,m2001,2877.0,1909,2001,-53.32999999999993,-56.32999999999993,-0.01818070247807102,-0.019203430912989594,2877.0
2019-08-20,M,2943.33,m1909,2889.0,m2001,2887.0,1909,2001,-54.32999999999993,-56.32999999999993,-0.01845868455117161,-0.019138187019464348,2887.0
2019-08-21,M,2970.0,m1909,2901.0,m2001,2898.0,1909,2001,-69.0,-72.0,-0.02323232323232327,-0.024242424242424288,2898.0
2019-08-22,M,3010.0,m1909,2936.0,m2001,2934.0,1909,2001,-74.0,-76.0,-0.024584717607973428,-0.025249169435215935,2934.0
2019-08-23,M,3016.67,m1909,2960.0,m2001,2958.0,1909,2001,-56.67000000000007,-58.67000000000007,-0.01878561460153083,-0.019448597294367653,2958.0
2019-08-26,M,3073.33,m1909,2971.0,m2001,2977.0,1909,2001,-102.32999999999993,-96.32999999999993,-0.03329613155762634,-0.03134385178291943,2977.0
2019-08-27,M,3080.0,m1909,2932.0,m2001,2935.0,1909,2001,-148.0,-145.0,-0.04805194805194801,-0.04707792207792205,2935.0
2019-08-28,M,3080.0,m1909,2962.0,m2001,2957.0,1909,2001,-118.0,-123.0,-0.0383116883116883,-0.039935064935064934,2957.0
2019-08-29,M,3123.33,m1909,3018.0,m2001,2987.0,1909,2001,-105.32999999999993,-136.32999999999993,-0.033723621903545276,-0.04364892598604697,2987.0
2019-08-30,M,3093.33,m1909,2979.0,m2001,2935.0,1909,2001,-114.32999999999993,-158.32999999999993,-0.036960169138113286,-0.051184322396899073,2935.0
2019-09-02,M,3153.33,m1909,3016.0,m2001,2974.0,1909,2001,-137.32999999999993,-179.32999999999993,-0.04355078599448836,-0.056870038974671244,2974.0
2019-09-03,M,3153.33,m1909,3039.0,m2001,2995.0,1909,2001,-114.32999999999993,-158.32999999999993,-0.03625690936248349,-0.0502104124845798,2995.0
2019-09-04,M,3163.33,m1909,3025.0,m2001,2973.0,1909,2001,-138.32999999999993,-190.32999999999993,-0.04372923469887746,-0.06016760818504552,2973.0
2019-09-05,M,3126.67,m1909,2990.0,m2001,2928.0,1909,2001,-136.67000000000007,-198.67000000000007,-0.04371104081978594,-0.06354044398673353,2928.0
2019-09-06,M,3093.33,m1909,2940.0,m2001,2885.0,1909,2001,-153.32999999999993,-208.32999999999993,-0.04956794134476439,-0.0673481329182467,2885.0
2019-09-09,M,3056.67,m1909,2910.0,m2001,2851.0,1909,2001,-146.67000000000007,-205.67000000000007,-0.04798358998517993,-0.0672856409098791,2851.0
2019-09-10,M,3043.33,m1909,2928.0,m2001,2867.0,1909,2001,-115.32999999999993,-176.32999999999993,-0.03789598893317514,-0.057939822497067306,2867.0
2019-09-11,M,3030.0,m1909,2860.0,m2001,2840.0,1909,2001,-170.0,-190.0,-0.05610561056105612,-0.06270627062706269,2840.0
2019-09-12,M,3030.0,m1909,2862.0,m2001,2858.0,1909,2001,-168.0,-172.0,-0.055445544554455495,-0.05676567656765674,2858.0
2019-09-16,M,3013.33,m1909,3007.0,m2001,2845.0,1909,2001,-6.329999999999927,-168.32999999999993,-0.0021006660405598065,-0.05586178745772952,2845.0
2019-09-17,M,3023.33,m1911,2891.0,m2001,2859.0,1911,2001,-132.32999999999993,-164.32999999999993,-0.04376961826859782,-0.054353973929408994,2859.0
2019-09-18,M,3023.33,m1911,2904.0,m2001,2863.0,1911,2001,-119.32999999999993,-160.32999999999993,-0.03946972378139335,-0.05303092947180754,2863.0
2019-09-19,M,3035.0,m1911,2902.0,m2001,2862.0,1911,2001,-133.0,-173.0,-0.04382207578253705,-0.05700164744645797,2862.0
2019-09-20,M,3036.67,m1911,2896.0,m2001,2863.0,1911,2001,-140.67000000000007,-173.67000000000007,-0.046323769128683745,-0.05719093612410964,2863.0
2019-09-23,M,3056.67,m1911,2902.0,m2001,2862.0,1911,2001,-154.67000000000007,-194.67000000000007,-0.05060081722920695,-0.06368695344934194,2862.0
2019-09-24,M,3036.67,m1911,2879.0,m2001,2845.0,1911,2001,-157.67000000000007,-191.67000000000007,-0.05192200667178193,-0.0631184817579783,2845.0
2019-09-25,M,3056.67,m1911,2913.0,m2001,2880.0,1911,2001,-143.67000000000007,-176.67000000000007,-0.0470021297686698,-0.05779819215028126,2880.0
2019-09-26,M,3053.33,m1911,2897.0,m2001,2860.0,1911,2001,-156.32999999999993,-193.32999999999993,-0.05119983755440782,-0.06331775471370604,2860.0
2019-09-27,M,3043.33,m1911,2889.0,m2001,2849.0,1911,2001,-154.32999999999993,-194.32999999999993,-0.05071089891664715,-0.06385439633559287,2849.0
2019-09-30,M,3046.67,m1911,2917.0,m2001,2880.0,1911,2001,-129.67000000000007,-166.67000000000007,-0.04256122258071926,-0.05470562942491308,2880.0
2019-10-08,M,3110.0,m1911,2946.0,m2001,2910.0,1911,2001,-164.0,-200.0,-0.052733118971061144,-0.06430868167202575,2910.0
2019-10-09,M,3133.33,m1911,2981.0,m2001,2959.0,1911,2001,-152.32999999999993,-174.32999999999993,-0.0486160091659672,-0.055637293231162954,2959.0
2019-10-10,M,3133.33,m1911,2984.0,m2001,2957.0,1911,2001,-149.32999999999993,-176.32999999999993,-0.04765856133889501,-0.056275591782544376,2957.0
2019-10-11,M,3163.33,m1911,3011.0,m2001,2989.0,1911,2001,-152.32999999999993,-174.32999999999993,-0.048154950637461114,-0.055109647112378424,2989.0
2019-10-14,M,3160.0,m1911,2998.0,m2001,2969.0,1911,2001,-162.0,-191.0,-0.05126582278481018,-0.06044303797468353,2969.0
2019-10-15,M,3160.0,m1911,3005.0,m2001,2973.0,1911,2001,-155.0,-187.0,-0.049050632911392444,-0.0591772151898734,2973.0
2019-10-16,M,3173.33,m1911,3008.0,m2001,2970.0,1911,2001,-165.32999999999993,-203.32999999999993,-0.052099844642693904,-0.06407464713723432,2970.0
2019-10-17,M,3163.33,m1911,3000.0,m2001,2968.0,1911,2001,-163.32999999999993,-195.32999999999993,-0.05163229887491971,-0.0617482210202539,2968.0
2019-10-18,M,3176.67,m1911,3015.0,m2001,2986.0,1911,2001,-161.67000000000007,-190.67000000000007,-0.05089291616692959,-0.06002197269467713,2986.0
2019-10-21,M,3243.33,m1911,3103.0,m2001,3078.0,1911,2001,-140.32999999999993,-165.32999999999993,-0.043267259267481206,-0.05097538640841359,3078.0
2019-10-22,M,3266.67,m1911,3090.0,m2001,3059.0,1911,2001,-176.67000000000007,-207.67000000000007,-0.05408259787490011,-0.06357238410981214,3059.0
2019-10-23,M,3263.33,m1911,3075.0,m2001,3052.0,1911,2001,-188.32999999999993,-211.32999999999993,-0.057710988468833935,-0.06475900383963618,3052.0
2019-10-24,M,3253.33,m1911,3072.0,m2001,3047.0,1911,2001,-181.32999999999993,-206.32999999999993,-0.055736737435181816,-0.06342117153808557,3047.0
2019-10-25,M,3250.0,m1911,3055.0,m2001,3046.0,1911,2001,-195.0,-204.0,-0.06000000000000005,-0.0627692307692308,3046.0
2019-10-28,M,3196.67,m1911,3011.0,m2001,2982.0,1911,2001,-185.67000000000007,-214.67000000000007,-0.0580823169110356,-0.06715425739910597,2982.0
2019-10-29,M,3180.0,m1911,2952.0,m2001,2988.0,1911,2001,-228.0,-192.0,-0.07169811320754715,-0.060377358490566024,2988.0
2019-10-30,M,3180.0,m1911,2973.0,m2001,2989.0,1911,2001,-207.0,-191.0,-0.06509433962264155,-0.06006289308176105,2989.0
2019-10-31,M,3180.0,m1911,2950.0,m2005,2855.0,1911,2005,-230.0,-325.0,-0.07232704402515722,-0.10220125786163525,2956.0
2019-11-01,M,3160.0,m1911,2982.0,m2005,2867.0,1911,2005,-178.0,-293.0,-0.0563291139240506,-0.09272151898734182,2968.0
2019-11-04,M,3176.67,m1911,2982.0,m2005,2874.0,1911,2005,-194.67000000000007,-302.6700000000001,-0.061281152905400926,-0.09527901859494381,2969.0
2019-11-05,M,3176.67,m1911,2982.0,m2005,2865.0,1911,2005,-194.67000000000007,-311.6700000000001,-0.061281152905400926,-0.09811217406907236,2963.0
2019-11-06,M,3146.67,m1911,2982.0,m2005,2827.0,1911,2005,-164.67000000000007,-319.6700000000001,-0.05233151236068612,-0.10158993475642508,2921.0
2019-11-07,M,3146.67,m1911,2982.0,m2005,2830.0,1911,2005,-164.67000000000007,-316.6700000000001,-0.05233151236068612,-0.10063654593586235,2935.0
2019-11-08,M,3153.33,m1911,2982.0,m2005,2836.0,1911,2005,-171.32999999999993,-317.3299999999999,-0.05433303840701731,-0.10063329876670057,2933.0
2019-11-11,M,3133.33,m1911,2982.0,m2005,2791.0,1911,2005,-151.32999999999993,-342.3299999999999,-0.04829685989027643,-0.10925437154720374,2891.0
2019-11-12,M,3133.33,m1911,2982.0,m2005,2785.0,1911,2005,-151.32999999999993,-348.3299999999999,-0.04829685989027643,-0.11116926720134812,2877.0
2019-11-13,M,3103.33,m1911,2982.0,m2005,2787.0,1911,2005,-121.32999999999993,-316.3299999999999,-0.03909671224136646,-0.10193244031411419,2887.0
2019-11-14,M,3136.67,m1911,2982.0,m2005,2775.0,1911,2005,-154.67000000000007,-361.6700000000001,-0.04931025578081216,-0.11530380945397511,2877.0
2019-11-15,M,3116.67,m1912,2862.0,m2005,2765.0,1912,2005,-254.67000000000007,-351.6700000000001,-0.08171221207250046,-0.11283517343831717,2873.0
2019-11-18,M,3140.0,m1912,2877.0,m2005,2777.0,1912,2005,-263.0,-363.0,-0.08375796178343953,-0.1156050955414013,2889.0
2019-11-19,M,3140.0,m1912,2876.0,m2005,2771.0,1912,2005,-264.0,-369.0,-0.08407643312101909,-0.11751592356687901,2888.0
2019-11-20,M,3120.0,m1912,2874.0,m2005,2765.0,1912,2005,-246.0,-355.0,-0.0788461538461539,-0.11378205128205132,2884.0
2019-11-21,M,3116.67,m1912,2875.0,m2005,2759.0,1912,2005,-241.67000000000007,-357.6700000000001,-0.07754109353893746,-0.11476030506919244,2886.0
2019-11-22,M,3110.0,m1912,2857.0,m2005,2744.0,1912,2005,-253.0,-366.0,-0.08135048231511255,-0.1176848874598071,2870.0
2019-11-25,M,3106.67,m1912,2870.0,m2005,2756.0,1912,2005,-236.67000000000007,-350.6700000000001,-0.07618124873256571,-0.11287648832994812,2878.0
2019-11-26,M,3110.0,m1912,2864.0,m2005,2761.0,1912,2005,-246.0,-349.0,-0.0790996784565916,-0.1122186495176849,2880.0
2019-11-27,M,3090.0,m1912,2835.0,m2005,2748.0,1912,2005,-255.0,-342.0,-0.08252427184466016,-0.11067961165048545,2748.0
2019-11-28,M,3083.33,m1912,2836.0,m2005,2754.0,1912,2005,-247.32999999999993,-329.3299999999999,-0.08021522185429386,-0.10680984519983261,2754.0
2019-11-29,M,3076.67,m1912,2733.0,m2005,2769.0,1912,2005,-343.6700000000001,-307.6700000000001,-0.11170193748435808,-0.10000097508020034,2769.0
2019-12-02,M,3030.0,m1912,2747.0,m2005,2743.0,1912,2005,-283.0,-287.0,-0.09339933993399341,-0.09471947194719477,2743.0
2019-12-03,M,3030.0,m1912,2780.0,m2005,2753.0,1912,2005,-250.0,-277.0,-0.08250825082508251,-0.09141914191419143,2753.0
2019-12-04,M,3030.0,m1912,2780.0,m2005,2740.0,1912,2005,-250.0,-290.0,-0.08250825082508251,-0.09570957095709576,2740.0
2019-12-05,M,3010.0,m1912,2780.0,m2005,2755.0,1912,2005,-230.0,-255.0,-0.07641196013289031,-0.08471760797342198,2755.0
2019-12-06,M,3020.0,m1912,2805.0,m2005,2749.0,1912,2005,-215.0,-271.0,-0.07119205298013243,-0.08973509933774837,2749.0
2019-12-09,M,3023.33,m1912,2811.0,m2005,2776.0,1912,2005,-212.32999999999993,-247.32999999999993,-0.07023050742062553,-0.08180714642463771,2776.0
2019-12-10,M,3000.0,m1912,2811.0,m2005,2772.0,1912,2005,-189.0,-228.0,-0.06299999999999994,-0.07599999999999996,2772.0
2019-12-11,M,3000.0,m1912,2811.0,m2005,2783.0,1912,2005,-189.0,-217.0,-0.06299999999999994,-0.07233333333333336,2783.0
2019-12-12,M,2980.0,m1912,2811.0,m2005,2764.0,1912,2005,-169.0,-216.0,-0.05671140939597319,-0.0724832214765101,2764.0
2019-12-13,M,2980.0,m1912,2777.0,m2005,2741.0,1912,2005,-203.0,-239.0,-0.06812080536912757,-0.08020134228187914,2741.0
2019-12-16,M,2953.33,m2001,2779.0,m2005,2758.0,2001,2005,-174.32999999999993,-195.32999999999993,-0.059028283327633546,-0.06613890083397378,2758.0
2019-12-17,M,2946.67,m2001,2759.0,m2005,2754.0,2001,2005,-187.67000000000007,-192.67000000000007,-0.06368884198094804,-0.06538567264064188,2754.0
2019-12-18,M,2946.67,m2001,2757.0,m2005,2763.0,2001,2005,-189.67000000000007,-183.67000000000007,-0.06436757424482553,-0.06233137745319295,2763.0
2019-12-19,M,2930.0,m2001,2726.0,m2005,2741.0,2001,2005,-204.0,-189.0,-0.06962457337883954,-0.0645051194539249,2741.0
2019-12-20,M,2910.0,m2001,2718.0,m2005,2737.0,2001,2005,-192.0,-173.0,-0.06597938144329896,-0.05945017182130585,2737.0
2019-12-23,M,2896.67,m2001,2734.0,m2005,2752.0,2001,2005,-162.67000000000007,-144.67000000000007,-0.0561575878508771,-0.04994355587623034,2752.0
2019-12-24,M,2900.0,m2001,2725.0,m2005,2752.0,2001,2005,-175.0,-148.0,-0.06034482758620685,-0.05103448275862066,2752.0
2019-12-25,M,2890.0,m2001,2705.0,m2005,2742.0,2001,2005,-185.0,-148.0,-0.06401384083044981,-0.05121107266435987,2742.0
2019-12-26,M,2880.0,m2001,2673.0,m2005,2736.0,2001,2005,-207.0,-144.0,-0.07187500000000002,-0.050000000000000044,2736.0
2019-12-27,M,2873.33,m2001,2667.0,m2005,2735.0,2001,2005,-206.32999999999993,-138.32999999999993,-0.07180866799149421,-0.04814274726536805,2735.0
2019-12-30,M,2896.67,m2001,2669.0,m2005,2775.0,2001,2005,-227.67000000000007,-121.67000000000007,-0.0785971477593237,-0.042003403908626114,2775.0
2019-12-31,M,2896.67,m2001,2624.0,m2005,2772.0,2001,2005,-272.6700000000001,-124.67000000000007,-0.09413222769594054,-0.04303907590440059,2772.0
2020-01-02,M,2900.0,m2001,2647.0,m2005,2771.0,2001,2005,-253.0,-129.0,-0.08724137931034481,-0.04448275862068962,2771.0
2020-01-03,M,2900.0,m2001,2653.0,m2005,2761.0,2001,2005,-247.0,-139.0,-0.08517241379310347,-0.047931034482758594,2761.0
2020-01-06,M,2890.0,m2001,2602.0,m2005,2739.0,2001,2005,-288.0,-151.0,-0.0996539792387543,-0.05224913494809691,2739.0
2020-01-07,M,2890.0,m2001,2629.0,m2005,2743.0,2001,2005,-261.0,-147.0,-0.09031141868512116,-0.05086505190311419,2743.0
2020-01-08,M,2863.33,m2001,2609.0,m2005,2727.0,2001,2005,-254.32999999999993,-136.32999999999993,-0.08882315346117975,-0.047612395357852555,2727.0
2020-01-09,M,2866.67,m2001,2626.0,m2005,2716.0,2001,2005,-240.67000000000007,-150.67000000000007,-0.08395455354121684,-0.052559241210184626,2716.0
2020-01-10,M,2866.67,m2001,2591.0,m2005,2666.0,2001,2005,-275.6700000000001,-200.67000000000007,-0.09616384166995162,-0.07000108139409145,2666.0
2020-01-13,M,2836.67,m2001,2528.0,m2005,2655.0,2001,2005,-308.6700000000001,-181.67000000000007,-0.10881420820892107,-0.06404340300422684,2655.0
2020-01-14,M,2833.33,m2001,2533.0,m2005,2659.0,2001,2005,-300.3299999999999,-174.32999999999993,-0.10599894823405676,-0.06152830768036199,2659.0
2020-01-15,M,2833.33,m2001,2627.0,m2005,2693.0,2001,2005,-206.32999999999993,-140.32999999999993,-0.07282243861463367,-0.04952829356269828,2693.0
2020-01-16,M,2836.67,m2003,2619.0,m2005,2689.0,2003,2005,-217.67000000000007,-147.67000000000007,-0.07673433991264411,-0.052057518146277126,2689.0
2020-01-17,M,2836.67,m2003,2607.0,m2005,2682.0,2003,2005,-229.67000000000007,-154.67000000000007,-0.0809646522154498,-0.05452520032291386,2682.0
2020-01-20,M,2836.67,m2003,2615.0,m2005,2681.0,2003,2005,-221.67000000000007,-155.67000000000007,-0.07814444401357934,-0.05487772634814769,2681.0
2020-01-21,M,2836.67,m2003,2642.0,m2005,2710.0,2003,2005,-194.67000000000007,-126.67000000000007,-0.06862624133226636,-0.04465447161636715,2710.0
2020-01-22,M,2836.67,m2003,2611.0,m2005,2678.0,2003,2005,-225.67000000000007,-158.67000000000007,-0.07955454811451457,-0.055935304423849086,2678.0
2020-01-23,M,2836.67,m2003,2562.0,m2005,2640.0,2003,2005,-274.6700000000001,-196.67000000000007,-0.09682832335097136,-0.06933129338273403,2640.0
2020-02-03,M,2836.67,m2003,2546.0,m2005,2580.0,2003,2005,-290.6700000000001,-256.6700000000001,-0.10246873975471238,-0.09048285489676278,2580.0
2020-02-04,M,2790.0,m2003,2621.0,m2005,2649.0,2003,2005,-169.0,-141.0,-0.06057347670250901,-0.05053763440860215,2649.0
2020-02-05,M,2790.0,m2003,2605.0,m2005,2635.0,2003,2005,-185.0,-155.0,-0.06630824372759858,-0.05555555555555558,2635.0
2020-02-06,M,2822.25,m2003,2602.0,m2005,2637.0,2003,2005,-220.25,-185.25,-0.07804057046682611,-0.06563911772521924,2637.0
2020-02-07,M,2819.5,m2003,2598.0,m2005,2634.0,2003,2005,-221.5,-185.5,-0.07856002837382514,-0.06579180705798904,2634.0
2020-02-10,M,2824.0,m2003,2608.0,m2005,2656.0,2003,2005,-216.0,-168.0,-0.07648725212464591,-0.059490084985835745,2656.0
2020-02-11,M,2854.5,m2003,2597.0,m2005,2657.0,2003,2005,-257.5,-197.5,-0.09020844280959883,-0.06918899982483795,2657.0
2020-02-12,M,2859.5,m2003,2597.0,m2005,2641.0,2003,2005,-262.5,-218.5,-0.09179926560587515,-0.07641196013289031,2641.0
2020-02-13,M,2862.25,m2003,2639.0,m2005,2684.0,2003,2005,-223.25,-178.25,-0.07799807843479778,-0.062276181325879976,2684.0
2020-02-14,M,2869.25,m2003,2642.0,m2005,2668.0,2003,2005,-227.25,-201.25,-0.0792018820249194,-0.0701402805611222,2668.0
2020-02-17,M,2869.25,m2003,2658.0,m2005,2681.0,2003,2005,-211.25,-188.25,-0.07362551189335187,-0.06560947982922372,2681.0
2020-02-18,M,2878.25,m2003,2626.0,m2005,2656.0,2003,2005,-252.25,-222.25,-0.08764005906366712,-0.07721705897680886,2656.0
2020-02-19,M,2878.25,m2003,2636.0,m2005,2660.0,2003,2005,-242.25,-218.25,-0.08416572570138103,-0.07582732563189443,2660.0
2020-02-20,M,2880.0,m2003,2642.0,m2005,2664.0,2003,2005,-238.0,-216.0,-0.08263888888888893,-0.07499999999999996,2664.0
2020-02-21,M,2880.0,m2003,2632.0,m2005,2661.0,2003,2005,-248.0,-219.0,-0.08611111111111114,-0.07604166666666667,2661.0
2020-02-24,M,2869.0,m2003,2574.0,m2005,2619.0,2003,2005,-295.0,-250.0,-0.10282328337399793,-0.08713837574067618,2619.0
2020-02-25,M,2879.0,m2003,2591.0,m2005,2636.0,2003,2005,-288.0,-243.0,-0.10003473428273701,-0.08440430705105939,2636.0
2020-02-26,M,2858.5,m2003,2574.0,m2009,2722.0,2003,2009,-284.5,-136.5,-0.09952772433094281,-0.04775231764911669,2638.0
2020-02-27,M,2866.5,m2003,2592.0,m2009,2725.0,2003,2009,-274.5,-141.5,-0.09576138147566715,-0.04936333507762081,2646.0
2020-02-28,M,2890.5,m2003,2568.0,m2009,2687.0,2003,2009,-322.5,-203.5,-0.11157239231966787,-0.07040304445597645,2616.0
2020-03-02,M,2874.0,m2003,2700.0,m2009,2786.0,2003,2009,-174.0,-88.0,-0.06054279749478075,-0.03061934585942938,2719.0
2020-03-03,M,2959.25,m2003,2695.0,m2009,2790.0,2003,2009,-264.25,-169.25,-0.0892962743938498,-0.0571935456619076,2730.0
2020-03-04,M,2972.5,m2003,2730.0,m2009,2782.0,2003,2009,-242.5,-190.5,-0.08158116063919263,-0.06408746846089153,2718.0
2020-03-05,M,2970.0,m2003,2697.0,m2009,2788.0,2003,2009,-273.0,-182.0,-0.09191919191919196,-0.06127946127946127,2724.0
2020-03-06,M,2950.25,m2003,2690.0,m2009,2773.0,2003,2009,-260.25,-177.25,-0.08821286331666811,-0.06007965426658757,2717.0
2020-03-09,M,2927.75,m2003,2691.0,m2009,2728.0,2003,2009,-236.75,-199.75,-0.08086414482110837,-0.06822645376142089,2669.0
2020-03-10,M,2917.5,m2003,2691.0,m2009,2755.0,2003,2009,-226.5,-162.5,-0.0776349614395887,-0.0556983718937446,2693.0
2020-03-11,M,2912.5,m2003,2715.0,m2009,2733.0,2003,2009,-197.5,-179.5,-0.06781115879828326,-0.06163090128755366,2681.0
2020-03-12,M,2882.5,m2003,2677.0,m2009,2721.0,2003,2009,-205.5,-161.5,-0.0712922810060711,-0.05602775368603641,2721.0
2020-03-13,M,2912.5,m2003,2718.0,m2009,2758.0,2003,2009,-194.5,-154.5,-0.06678111587982838,-0.05304721030042914,2758.0
2020-03-16,M,3000.0,m2005,2747.0,m2009,2749.0,2005,2009,-253.0,-251.0,-0.08433333333333337,-0.08366666666666667,2749.0
2020-03-17,M,2995.0,m2005,2775.0,m2009,2770.0,2005,2009,-220.0,-225.0,-0.07345575959933226,-0.07512520868113526,2770.0
2020-03-18,M,3012.5,m2005,2778.0,m2009,2753.0,2005,2009,-234.5,-259.5,-0.07784232365145227,-0.08614107883817423,2753.0
2020-03-19,M,3005.0,m2005,2750.0,m2009,2732.0,2005,2009,-255.0,-273.0,-0.08485856905158073,-0.09084858569051579,2732.0
2020-03-20,M,3062.5,m2005,2831.0,m2009,2817.0,2005,2009,-231.5,-245.5,-0.07559183673469383,-0.0801632653061225,2817.0
2020-03-23,M,3227.5,m2005,2943.0,m2009,2915.0,2005,2009,-284.5,-312.5,-0.08814872192099144,-0.09682416731216115,2915.0
2020-03-24,M,3240.0,m2005,2918.0,m2009,2920.0,2005,2009,-322.0,-320.0,-0.09938271604938276,-0.09876543209876543,2920.0
2020-03-25,M,3262.5,m2005,2968.0,m2009,2965.0,2005,2009,-294.5,-297.5,-0.09026819923371643,-0.09118773946360148,2965.0
2020-03-26,M,3212.5,m2005,2895.0,m2009,2892.0,2005,2009,-317.5,-320.5,-0.0988326848249027,-0.0997665369649805,2892.0
2020-03-27,M,3242.5,m2005,2947.0,m2009,2928.0,2005,2009,-295.5,-314.5,-0.09113338473400157,-0.09699306090979187,2928.0
2020-03-30,M,3335.0,m2005,2977.0,m2009,2950.0,2005,2009,-358.0,-385.0,-0.10734632683658174,-0.11544227886056968,2950.0
2020-03-31,M,3327.5,m2005,2957.0,m2009,2940.0,2005,2009,-370.5,-387.5,-0.11134485349361378,-0.11645379413974455,2940.0
2020-04-01,M,3327.5,m2005,2868.0,m2009,2862.0,2005,2009,-459.5,-465.5,-0.13809166040570997,-0.13989481592787378,2862.0
2020-04-02,M,3262.5,m2005,2834.0,m2009,2848.0,2005,2009,-428.5,-414.5,-0.1313409961685824,-0.12704980842911873,2848.0
2020-04-03,M,3222.5,m2005,2774.0,m2009,2805.0,2005,2009,-448.5,-417.5,-0.13917765709852603,-0.12955779674166024,2805.0
2020-04-07,M,3207.5,m2005,2782.0,m2009,2807.0,2005,2009,-425.5,-400.5,-0.1326578332034295,-0.1248636009353079,2807.0
2020-04-08,M,3207.5,m2005,2793.0,m2009,2821.0,2005,2009,-414.5,-386.5,-0.12922837100545592,-0.12049883086515978,2821.0
2020-04-09,M,3182.5,m2005,2798.0,m2009,2822.0,2005,2009,-384.5,-360.5,-0.12081696779261586,-0.11327572663000784,2822.0
2020-04-10,M,3210.0,m2005,2800.0,m2009,2826.0,2005,2009,-410.0,-384.0,-0.12772585669781933,-0.11962616822429906,2826.0
2020-04-13,M,3187.5,m2005,2775.0,m2009,2804.0,2005,2009,-412.5,-383.5,-0.12941176470588234,-0.12031372549019603,2804.0
2020-04-14,M,3175.0,m2005,2759.0,m2009,2808.0,2005,2009,-416.0,-367.0,-0.13102362204724405,-0.1155905511811024,2808.0
2020-04-15,M,3185.0,m2005,2765.0,m2009,2811.0,2005,2009,-420.0,-374.0,-0.13186813186813184,-0.11742543171114594,2811.0
2020-04-16,M,3172.5,m2005,2713.0,m2009,2760.0,2005,2009,-459.5,-412.5,-0.14483845547675334,-0.1300236406619385,2760.0
2020-04-17,M,3167.5,m2005,2721.0,m2009,2771.0,2005,2009,-446.5,-396.5,-0.1409629044988161,-0.1251775848460931,2771.0
2020-04-20,M,3160.0,m2005,2679.0,m2009,2735.0,2005,2009,-481.0,-425.0,-0.15221518987341776,-0.134493670886076,2735.0
2020-04-21,M,3133.75,m2005,2672.0,m2009,2731.0,2005,2009,-461.75,-402.75,-0.14734742720382932,-0.12852014359792585,2731.0
2020-04-22,M,3116.25,m2005,2693.0,m2009,2762.0,2005,2009,-423.25,-354.25,-0.13582029683112717,-0.11367829923786599,2762.0
2020-04-23,M,3122.5,m2005,2715.0,m2009,2775.0,2005,2009,-407.5,-347.5,-0.13050440352281822,-0.11128903122498002,2775.0
2020-04-24,M,3137.5,m2005,2726.0,m2009,2760.0,2005,2009,-411.5,-377.5,-0.13115537848605574,-0.12031872509960162,2760.0
2020-04-27,M,3115.0,m2005,2736.0,m2009,2781.0,2005,2009,-379.0,-334.0,-0.12166934189406098,-0.10722311396468698,2781.0
2020-04-28,M,3062.5,m2005,2691.0,m2009,2730.0,2005,2009,-371.5,-332.5,-0.12130612244897954,-0.10857142857142854,2730.0
2020-04-29,M,3007.5,m2005,2682.0,m2009,2719.0,2005,2009,-325.5,-288.5,-0.1082294264339152,-0.09592684954280961,2719.0
2020-04-30,M,2957.5,m2005,2664.0,m2009,2729.0,2005,2009,-293.5,-228.5,-0.09923922231614535,-0.07726120033812345,2729.0
2020-05-06,M,2895.0,m2005,2694.0,m2009,2758.0,2005,2009,-201.0,-137.0,-0.0694300518134715,-0.04732297063903279,2758.0
2020-05-07,M,2890.0,m2005,2690.0,m2009,2747.0,2005,2009,-200.0,-143.0,-0.0692041522491349,-0.04948096885813147,2747.0
2020-05-08,M,2885.0,m2005,2690.0,m2009,2750.0,2005,2009,-195.0,-135.0,-0.06759098786828421,-0.04679376083188913,2750.0
2020-05-11,M,2882.5,m2005,2670.0,m2009,2735.0,2005,2009,-212.5,-147.5,-0.07372072853425848,-0.05117085862966175,2735.0
2020-05-12,M,2860.0,m2005,2629.0,m2009,2738.0,2005,2009,-231.0,-122.0,-0.08076923076923082,-0.04265734265734267,2738.0
2020-05-13,M,2827.5,m2005,2571.0,m2009,2727.0,2005,2009,-256.5,-100.5,-0.09071618037135276,-0.035543766578249314,2727.0
2020-05-14,M,2782.5,m2005,2546.0,m2009,2697.0,2005,2009,-236.5,-85.5,-0.08499550763701702,-0.030727762803234526,2697.0
2020-05-15,M,2775.0,m2005,2590.0,m2009,2702.0,2005,2009,-185.0,-73.0,-0.06666666666666665,-0.02630630630630626,2702.0
2020-05-18,M,2765.0,m2005,2553.0,m2009,2748.0,2005,2009,-212.0,-17.0,-0.07667269439421343,-0.0061482820976491714,2748.0
2020-05-19,M,2765.0,m2005,2542.0,m2009,2738.0,2005,2009,-223.0,-27.0,-0.08065099457504521,-0.009764918625678076,2738.0
2020-05-20,M,2770.0,m2007,2620.0,m2009,2757.0,2007,2009,-150.0,-13.0,-0.054151624548736454,-0.004693140794223782,2757.0
2020-05-21,M,2775.0,m2007,2597.0,m2009,2742.0,2007,2009,-178.0,-33.0,-0.06414414414414416,-0.011891891891891881,2742.0
2020-05-22,M,2765.0,m2007,2598.0,m2009,2754.0,2007,2009,-167.0,-11.0,-0.06039783001808319,-0.003978300180831784,2754.0
2020-05-25,M,2797.5,m2007,2624.0,m2009,2788.0,2007,2009,-173.5,-9.5,-0.06201966041108131,-0.003395889186773915,2788.0
2020-05-26,M,2802.5,m2007,2630.0,m2009,2789.0,2007,2009,-172.5,-13.5,-0.0615521855486173,-0.0048171275646744505,2789.0
2020-05-27,M,2830.0,m2007,2658.0,m2009,2818.0,2007,2009,-172.0,-12.0,-0.060777385159010655,-0.004240282685512353,2818.0
2020-05-28,M,2820.0,m2007,2632.0,m2009,2793.0,2007,2009,-188.0,-27.0,-0.06666666666666665,-0.009574468085106425,2793.0
2020-05-29,M,2810.0,m2007,2643.0,m2009,2804.0,2007,2009,-167.0,-6.0,-0.059430604982206425,-0.002135231316725994,2804.0
2020-06-01,M,2792.5,m2007,2629.0,m2009,2789.0,2007,2009,-163.5,-3.5,-0.058549686660698264,-0.0012533572068039733,2789.0
2020-06-02,M,2790.0,m2007,2631.0,m2009,2787.0,2007,2009,-159.0,-3.0,-0.05698924731182797,-0.0010752688172043223,2787.0
2020-06-03,M,2790.0,m2007,2642.0,m2009,2801.0,2007,2009,-148.0,11.0,-0.053046594982078865,0.003942652329748997,2801.0
2020-06-04,M,2817.5,m2007,2674.0,m2009,2833.0,2007,2009,-143.5,15.5,-0.05093167701863355,0.005501330967169427,2833.0
2020-06-05,M,2830.0,m2007,2675.0,m2009,2842.0,2007,2009,-155.0,12.0,-0.05477031802120136,0.004240282685512353,2842.0
2020-06-08,M,2830.0,m2007,2641.0,m2009,2809.0,2007,2009,-189.0,-21.0,-0.06678445229681984,-0.007420494699646674,2809.0
2020-06-09,M,2807.5,m2007,2640.0,m2009,2815.0,2007,2009,-167.5,7.5,-0.0596616206589492,0.002671415850400649,2815.0
2020-06-10,M,2787.5,m2007,2645.0,m2009,2818.0,2007,2009,-142.5,30.5,-0.05112107623318385,0.010941704035874356,2818.0
2020-06-11,M,2785.0,m2007,2626.0,m2009,2801.0,2007,2009,-159.0,16.0,-0.0570915619389587,0.005745062836624681,2801.0
2020-06-12,M,2785.0,m2007,2648.0,m2009,2832.0,2007,2009,-137.0,47.0,-0.04919210053859968,0.016876122082585265,2832.0
2020-06-15,M,2785.0,m2007,2629.0,m2009,2802.0,2007,2009,-156.0,17.0,-0.05601436265709159,0.006104129263913904,2802.0
2020-06-16,M,2785.0,m2007,2656.0,m2009,2835.0,2007,2009,-129.0,50.0,-0.04631956912028723,0.01795332136445249,2835.0
2020-06-17,M,2782.5,m2007,2643.0,m2009,2815.0,2007,2009,-139.5,32.5,-0.05013477088948792,0.011680143755615546,2815.0
2020-06-18,M,2782.5,m2007,2647.0,m2009,2816.0,2007,2009,-135.5,33.5,-0.04869721473495059,0.012039532794249741,2816.0
2020-06-19,M,2777.5,m2007,2644.0,m2009,2811.0,2007,2009,-133.5,33.5,-0.04806480648064804,0.012061206120612011,2811.0
2020-06-22,M,2785.0,m2007,2650.0,m2009,2823.0,2007,2009,-135.0,38.0,-0.04847396768402157,0.013644524236983813,2823.0
2020-06-23,M,2785.0,m2007,2642.0,m2009,2810.0,2007,2009,-143.0,25.0,-0.05134649910233391,0.008976660682226134,2810.0
2020-06-24,M,2785.0,m2007,2643.0,m2009,2818.0,2007,2009,-142.0,33.0,-0.05098743267504491,0.011849192100538586,2818.0
2020-06-29,M,2770.0,m2007,2628.0,m2009,2805.0,2007,2009,-142.0,35.0,-0.051263537906137135,0.012635379061371799,2805.0
2020-06-30,M,2770.0,m2007,2628.0,m2009,2813.0,2007,2009,-142.0,43.0,-0.051263537906137135,0.015523465703971118,2813.0
2020-07-01,M,2855.0,m2007,2704.0,m2009,2882.0,2007,2009,-151.0,27.0,-0.052889667250437866,0.00945709281961471,2882.0
2020-07-02,M,2882.5,m2007,2702.0,m2009,2898.0,2007,2009,-180.5,15.5,-0.06261925411968772,0.0053772766695576735,2898.0
2020-07-03,M,2877.5,m2007,2702.0,m2009,2906.0,2007,2009,-175.5,28.5,-0.06099044309296264,0.00990443092962634,2906.0
2020-07-06,M,2922.5,m2007,2750.0,m2009,2927.0,2007,2009,-172.5,4.5,-0.05902480752780159,0.0015397775876817565,2927.0
2020-07-07,M,2935.0,m2007,2750.0,m2009,2910.0,2007,2009,-185.0,-25.0,-0.06303236797274281,-0.008517887563884163,2910.0
2020-07-08,M,2925.0,m2007,2750.0,m2009,2897.0,2007,2009,-175.0,-28.0,-0.05982905982905984,-0.009572649572649583,2897.0
2020-07-09,M,2917.5,m2007,2750.0,m2009,2905.0,2007,2009,-167.5,-12.5,-0.05741216795201376,-0.00428449014567267,2905.0
2020-07-10,M,2922.5,m2007,2750.0,m2009,2919.0,2007,2009,-172.5,-3.5,-0.05902480752780159,-0.0011976047904191933,2919.0
2020-07-13,M,2917.5,m2007,2750.0,m2009,2875.0,2007,2009,-167.5,-42.5,-0.05741216795201376,-0.014567266495287057,2875.0
2020-07-14,M,2917.5,m2007,2688.0,m2009,2866.0,2007,2009,-229.5,-51.5,-0.07866323907455008,-0.017652099400171428,2866.0
2020-07-15,M,2927.5,m2008,2873.0,m2009,2878.0,2008,2009,-54.5,-49.5,-0.018616567036720766,-0.0169086251067464,2878.0
2020-07-16,M,2927.5,m2008,2891.0,m2009,2895.0,2008,2009,-36.5,-32.5,-0.012467976088813004,-0.01110162254483349,2895.0
2020-07-17,M,2977.5,m2008,2899.0,m2009,2901.0,2008,2009,-78.5,-76.5,-0.02636439966414772,-0.025692695214105776,2901.0
2020-07-20,M,2980.0,m2008,2908.0,m2009,2920.0,2008,2009,-72.0,-60.0,-0.024161073825503365,-0.020134228187919434,2920.0
2020-07-21,M,3025.0,m2008,2923.0,m2009,2911.0,2008,2009,-102.0,-114.0,-0.033719008264462835,-0.03768595041322309,2911.0
2020-07-22,M,3005.0,m2008,2915.0,m2009,2928.0,2008,2009,-90.0,-77.0,-0.029950083194675514,-0.025623960066555762,2928.0
2020-07-23,M,3035.0,m2008,2953.0,m2101,2956.0,2008,2101,-82.0,-79.0,-0.027018121911037918,-0.0260296540362438,2957.0
2020-07-24,M,3050.0,m2008,2967.0,m2101,3002.0,2008,2101,-83.0,-48.0,-0.027213114754098378,-0.015737704918032835,3000.0
2020-07-27,M,3127.5,m2008,2980.0,m2101,3004.0,2008,2101,-147.5,-123.5,-0.047162270183852883,-0.039488409272581904,3020.0
2020-07-28,M,3072.5,m2008,2906.0,m2101,2927.0,2008,2101,-166.5,-145.5,-0.05419039869812858,-0.0473555736371033,2929.0
2020-07-29,M,3052.5,m2008,2910.0,m2101,2942.0,2008,2101,-142.5,-110.5,-0.04668304668304668,-0.036199836199836244,2927.0
2020-07-30,M,3045.0,m2008,2930.0,m2101,2924.0,2008,2101,-115.0,-121.0,-0.0377668308702791,-0.039737274220032814,2905.0
2020-07-31,M,3045.0,m2008,2899.0,m2101,2937.0,2008,2101,-146.0,-108.0,-0.04794745484400653,-0.035467980295566526,2920.0
2020-08-03,M,3047.5,m2008,2900.0,m2101,2950.0,2008,2101,-147.5,-97.5,-0.048400328137817916,-0.03199343724364234,2927.0
2020-08-04,M,3042.5,m2008,2900.0,m2101,2927.0,2008,2101,-142.5,-115.5,-0.04683648315529987,-0.037962202136401,2907.0
2020-08-05,M,3017.5,m2008,3108.0,m2101,2888.0,2008,2101,90.5,-129.5,0.02999171499585751,-0.04291632145816071,2888.0
2020-08-06,M,2980.0,m2008,2988.0,m2101,2873.0,2008,2101,8.0,-107.0,0.0026845637583892135,-0.03590604026845634,2873.0
2020-08-07,M,2980.0,m2008,3014.0,m2101,2872.0,2008,2101,34.0,-108.0,0.011409395973154268,-0.03624161073825505,2872.0
2020-08-10,M,2947.5,m2008,2949.0,m2101,2862.0,2008,2101,1.5,-85.5,0.0005089058524172518,-0.02900763358778624,2862.0
2020-08-11,M,2945.0,m2008,2949.0,m2101,2851.0,2008,2101,4.0,-94.0,0.0013582342954159277,-0.03191850594227508,2851.0
2020-08-12,M,2932.5,m2008,2949.0,m2101,2853.0,2008,2101,16.5,-79.5,0.005626598465473087,-0.02710997442455243,2853.0
2020-08-13,M,2963.75,m2008,2949.0,m2101,2881.0,2008,2101,-14.75,-82.75,-0.004976803036693345,-0.0279207085617883,2881.0
2020-08-14,M,2972.5,m2008,2932.0,m2101,2895.0,2008,2101,-40.5,-77.5,-0.01362489486963836,-0.026072329688814122,2895.0
2020-08-17,M,2975.0,m2009,2858.0,m2101,2908.0,2009,2101,-117.0,-67.0,-0.039327731092436924,-0.022521008403361353,2908.0
2020-08-18,M,2975.0,m2009,2860.0,m2101,2916.0,2009,2101,-115.0,-59.0,-0.03865546218487392,-0.01983193277310924,2916.0
2020-08-19,M,2960.0,m2009,2844.0,m2101,2901.0,2009,2101,-116.0,-59.0,-0.03918918918918923,-0.01993243243243248,2901.0
2020-08-20,M,2950.0,m2009,2847.0,m2101,2901.0,2009,2101,-103.0,-49.0,-0.03491525423728814,-0.016610169491525384,2901.0
2020-08-21,M,2935.0,m2009,2835.0,m2101,2885.0,2009,2101,-100.0,-50.0,-0.03407155025553665,-0.017035775127768327,2885.0
2020-08-24,M,2932.5,m2009,2842.0,m2101,2886.0,2009,2101,-90.5,-46.5,-0.03086104006820123,-0.015856777493606145,2886.0
2020-08-25,M,2967.5,m2009,2869.0,m2101,2919.0,2009,2101,-98.5,-48.5,-0.033192923336141544,-0.016343723673125532,2919.0
2020-08-26,M,2980.0,m2009,2880.0,m2101,2934.0,2009,2101,-100.0,-46.0,-0.03355704697986572,-0.01543624161073831,2934.0
2020-08-27,M,2975.0,m2009,2872.0,m2101,2921.0,2009,2101,-103.0,-54.0,-0.03462184873949581,-0.018151260504201683,2921.0
2020-08-28,M,3002.5,m2009,2893.0,m2101,2937.0,2009,2101,-109.5,-65.5,-0.03646960865945048,-0.021815154038301365,2937.0
2020-08-31,M,3020.0,m2009,2930.0,m2101,2981.0,2009,2101,-90.0,-39.0,-0.0298013245033113,-0.012913907284768267,2981.0
2020-09-01,M,3000.0,m2009,2910.0,m2101,2942.0,2009,2101,-90.0,-58.0,-0.030000000000000027,-0.019333333333333313,2942.0
2020-09-02,M,2990.0,m2009,2937.0,m2101,2940.0,2009,2101,-53.0,-50.0,-0.01772575250836117,-0.01672240802675584,2940.0
2020-09-03,M,2987.5,m2009,2912.0,m2101,2933.0,2009,2101,-75.5,-54.5,-0.025271966527196654,-0.018242677824267806,2933.0
2020-09-04,M,2995.0,m2009,2937.0,m2101,2973.0,2009,2101,-58.0,-22.0,-0.019365609348914847,-0.007345575959933237,2973.0
2020-09-07,M,3035.0,m2009,2999.0,m2101,2992.0,2009,2101,-36.0,-43.0,-0.011861614497528872,-0.014168039538715038,2992.0
2020-09-08,M,3032.5,m2009,2959.0,m2101,2998.0,2009,2101,-73.5,-34.5,-0.02423742786479799,-0.011376751854905165,2998.0
2020-09-09,M,3037.5,m2009,2930.0,m2101,2978.0,2009,2101,-107.5,-59.5,-0.03539094650205765,-0.01958847736625513,2978.0
2020-09-10,M,3022.5,m2009,2962.0,m2101,2996.0,2009,2101,-60.5,-26.5,-0.02001654259718777,-0.008767576509511987,2996.0
2020-09-11,M,3060.0,m2009,2999.0,m2101,3066.0,2009,2101,-61.0,6.0,-0.019934640522875857,0.0019607843137254832,3066.0
2020-09-14,M,3152.5,m2009,2929.0,m2101,3118.0,2009,2101,-223.5,-34.5,-0.07089611419508324,-0.010943695479777915,3118.0
2020-09-15,M,3127.5,m2011,3093.0,m2101,3116.0,2011,2101,-34.5,-11.5,-0.011031175059951992,-0.0036770583533173307,3116.0
2020-09-16,M,3110.0,m2011,3038.0,m2101,3064.0,2011,2101,-72.0,-46.0,-0.023151125401929207,-0.014790996784565968,3064.0
2020-09-17,M,3117.5,m2011,3055.0,m2101,3073.0,2011,2101,-62.5,-44.5,-0.020048115477145134,-0.014274258219727387,3073.0
2020-09-18,M,3167.5,m2011,3135.0,m2101,3153.0,2011,2101,-32.5,-14.5,-0.010260457774269982,-0.0045777426992896775,3153.0
2020-09-21,M,3160.0,m2011,3115.0,m2101,3137.0,2011,2101,-45.0,-23.0,-0.014240506329113889,-0.007278481012658267,3137.0
2020-09-22,M,3127.5,m2011,3072.0,m2101,3096.0,2011,2101,-55.5,-31.5,-0.017745803357314127,-0.010071942446043147,3096.0
2020-09-23,M,3120.0,m2011,3066.0,m2101,3087.0,2011,2101,-54.0,-33.0,-0.017307692307692357,-0.01057692307692304,3087.0
2020-09-24,M,3120.0,m2011,3068.0,m2101,3089.0,2011,2101,-52.0,-31.0,-0.01666666666666672,-0.0099358974358974,3089.0
2020-09-25,M,3120.0,m2011,3056.0,m2101,3078.0,2011,2101,-64.0,-42.0,-0.02051282051282055,-0.013461538461538414,3078.0
2020-09-28,M,3142.5,m2011,3072.0,m2101,3094.0,2011,2101,-70.5,-48.5,-0.022434367541766087,-0.01543357199681783,3094.0
2020-09-29,M,3135.0,m2011,3050.0,m2101,3072.0,2011,2101,-85.0,-63.0,-0.027113237639553422,-0.020095693779904278,3072.0
2020-09-30,M,3135.0,m2011,3065.0,m2101,3087.0,2011,2101,-70.0,-48.0,-0.022328548644338087,-0.015311004784688942,3087.0
2020-10-09,M,3307.5,m2011,3240.0,m2101,3262.0,2011,2101,-67.5,-45.5,-0.020408163265306145,-0.013756613756613745,3262.0
2020-10-12,M,3327.5,m2011,3263.0,m2101,3286.0,2011,2101,-64.5,-41.5,-0.019383921863260656,-0.012471825694966188,3286.0
2020-10-13,M,3282.5,m2011,3214.0,m2101,3238.0,2011,2101,-68.5,-44.5,-0.02086824067022086,-0.01355674028941356,3238.0
2020-10-14,M,3280.0,m2011,3208.0,m2101,3233.0,2011,2101,-72.0,-47.0,-0.02195121951219514,-0.014329268292682884,3233.0
2020-10-15,M,3300.0,m2011,3202.0,m2101,3231.0,2011,2101,-98.0,-69.0,-0.029696969696969666,-0.020909090909090877,3231.0
2020-10-16,M,3300.0,m2011,3240.0,m2101,3275.0,2011,2101,-60.0,-25.0,-0.018181818181818188,-0.007575757575757569,3275.0
2020-10-19,M,3312.5,m2011,3231.0,m2101,3258.0,2011,2101,-81.5,-54.5,-0.02460377358490562,-0.01645283018867927,3258.0
2020-10-20,M,3312.5,m2011,3257.0,m2101,3283.0,2011,2101,-55.5,-29.5,-0.016754716981132067,-0.008905660377358515,3283.0
2020-10-21,M,3352.5,m2011,3249.0,m2101,3284.0,2011,2101,-103.5,-68.5,-0.03087248322147651,-0.02043251304996274,3284.0
2020-10-22,M,3365.0,m2011,3246.0,m2101,3270.0,2011,2101,-119.0,-95.0,-0.035364041604754815,-0.02823179791976227,3270.0
2020-10-23,M,3347.5,m2011,3202.0,m2101,3233.0,2011,2101,-145.5,-114.5,-0.04346527259148614,-0.03420463032113519,3233.0
2020-10-26,M,3345.0,m2011,3212.0,m2101,3249.0,2011,2101,-133.0,-96.0,-0.03976083707025413,-0.028699551569506765,3249.0
2020-10-27,M,3332.5,m2011,3186.0,m2101,3245.0,2011,2101,-146.5,-87.5,-0.04396099024756184,-0.026256564141035277,3245.0
2020-10-28,M,3332.5,m2011,3182.0,m2101,3248.0,2011,2101,-150.5,-84.5,-0.04516129032258065,-0.025356339084771196,3248.0
2020-10-29,M,3302.5,m2011,3141.0,m2101,3202.0,2011,2101,-161.5,-100.5,-0.04890234670704008,-0.030431491294473867,3202.0
2020-10-30,M,3302.5,m2011,3136.0,m2101,3192.0,2011,2101,-166.5,-110.5,-0.05041635124905375,-0.033459500378501095,3192.0
2020-11-02,M,3297.5,m2011,3109.0,m2105,3031.0,2011,2105,-188.5,-266.5,-0.05716451857467775,-0.08081880212282033,3174.0
2020-11-03,M,3295.0,m2011,3140.0,m2105,3052.0,2011,2105,-155.0,-243.0,-0.047040971168436974,-0.07374810318664649,3189.0
2020-11-04,M,3315.0,m2011,3155.0,m2105,3072.0,2011,2105,-160.0,-243.0,-0.04826546003016596,-0.07330316742081444,3216.0
2020-11-05,M,3365.0,m2011,3220.0,m2105,3160.0,2011,2105,-145.0,-205.0,-0.043090638930163405,-0.06092124814264488,3276.0
2020-11-06,M,3360.0,m2011,3214.0,m2105,3150.0,2011,2105,-146.0,-210.0,-0.04345238095238091,-0.0625,3260.0
2020-11-09,M,3307.5,m2011,3125.0,m2105,3105.0,2011,2105,-182.5,-202.5,-0.05517762660619807,-0.061224489795918324,3203.0
2020-11-10,M,3292.5,m2011,3125.0,m2105,3115.0,2011,2105,-167.5,-177.5,-0.05087319665907364,-0.05391040242976464,3157.0
2020-11-11,M,3322.5,m2011,3125.0,m2105,3212.0,2011,2105,-197.5,-110.5,-0.05944319036869827,-0.033258088788562845,3249.0
2020-11-12,M,3305.0,m2011,3125.0,m2105,3185.0,2011,2105,-180.0,-120.0,-0.0544629349470499,-0.036308623298033305,3204.0
2020-11-13,M,3267.5,m2011,3163.0,m2105,3159.0,2011,2105,-104.5,-108.5,-0.03198163733741388,-0.033205814843152215,3159.0
2020-11-16,M,3220.0,m2012,3101.0,m2105,3146.0,2012,2105,-119.0,-74.0,-0.036956521739130443,-0.02298136645962734,3146.0
2020-11-17,M,3225.0,m2012,3116.0,m2105,3167.0,2012,2105,-109.0,-58.0,-0.03379844961240308,-0.01798449612403097,3167.0
2020-11-18,M,3227.5,m2012,3151.0,m2105,3171.0,2012,2105,-76.5,-56.5,-0.023702556158017085,-0.017505809450038767,3171.0
2020-11-19,M,3262.5,m2012,3145.0,m2105,3182.0,2012,2105,-117.5,-80.5,-0.03601532567049803,-0.024674329501915726,3182.0
2020-11-20,M,3267.5,m2012,3172.0,m2105,3221.0,2012,2105,-95.5,-46.5,-0.02922723794950266,-0.014231063504208108,3221.0
2020-11-23,M,3305.0,m2012,3224.0,m2105,3264.0,2012,2105,-81.0,-41.0,-0.024508320726172483,-0.012405446293494715,3264.0
2020-11-24,M,3277.5,m2012,3168.0,m2105,3236.0,2012,2105,-109.5,-41.5,-0.03340961098398165,-0.012662090007627747,3236.0
2020-11-25,M,3262.5,m2012,3139.0,m2105,3237.0,2012,2105,-123.5,-25.5,-0.03785440613026825,-0.007816091954022997,3237.0
2020-11-26,M,3257.5,m2012,3147.0,m2105,3233.0,2012,2105,-110.5,-24.5,-0.03392171910974673,-0.007521105141980011,3233.0
2020-11-27,M,3250.0,m2012,3150.0,m2105,3212.0,2012,2105,-100.0,-38.0,-0.03076923076923077,-0.011692307692307669,3212.0
2020-11-30,M,3255.0,m2012,3195.0,m2105,3236.0,2012,2105,-60.0,-19.0,-0.018433179723502335,-0.005837173579109067,3236.0
2020-12-01,M,3220.0,m2012,3108.0,m2105,3165.0,2012,2105,-112.0,-55.0,-0.034782608695652195,-0.017080745341614856,3165.0
2020-12-02,M,3170.0,m2012,3106.0,m2105,3117.0,2012,2105,-64.0,-53.0,-0.02018927444794949,-0.016719242902208165,3117.0
2020-12-03,M,3165.0,m2012,3100.0,m2105,3096.0,2012,2105,-65.0,-69.0,-0.020537124802527673,-0.02180094786729858,3096.0
2020-12-04,M,3157.5,m2012,3100.0,m2105,3122.0,2012,2105,-57.5,-35.5,-0.0182106096595408,-0.011243072050672986,3122.0
2020-12-07,M,3156.25,m2012,3200.0,m2105,3109.0,2012,2105,43.75,-47.25,0.013861386138613874,-0.014970297029702984,3109.0
2020-12-08,M,3160.0,m2012,3200.0,m2105,3095.0,2012,2105,40.0,-65.0,0.012658227848101333,-0.020569620253164556,3095.0
2020-12-09,M,3160.0,m2012,3200.0,m2105,3101.0,2012,2105,40.0,-59.0,0.012658227848101333,-0.018670886075949356,3101.0
2020-12-10,M,3172.5,m2012,3200.0,m2105,3139.0,2012,2105,27.5,-33.5,0.008668242710795804,-0.01055949566587866,3139.0
2020-12-11,M,3157.5,m2012,3200.0,m2105,3089.0,2012,2105,42.5,-68.5,0.013460015835312644,-0.021694378463974706,3088.0
2020-12-14,M,3160.0,m2012,3106.0,m2105,3112.0,2012,2105,-54.0,-48.0,-0.01708860759493669,-0.015189873417721489,3112.0
2020-12-15,M,3142.5,m2101,3046.0,m2105,3108.0,2101,2105,-96.5,-34.5,-0.030708035003977674,-0.010978520286396232,3108.0
2020-12-16,M,3182.5,m2101,3084.0,m2105,3143.0,2101,2105,-98.5,-39.5,-0.030950510604870418,-0.012411626080125693,3143.0
2020-12-17,M,3192.5,m2101,3099.0,m2105,3149.0,2101,2105,-93.5,-43.5,-0.029287392325763495,-0.013625685199686766,3149.0
2020-12-18,M,3232.5,m2101,3134.0,m2105,3189.0,2101,2105,-98.5,-43.5,-0.030471771075019305,-0.01345707656612527,3189.0
2020-12-21,M,3307.5,m2101,3239.0,m2105,3298.0,2101,2105,-68.5,-9.5,-0.020710506424792108,-0.0028722600151172006,3298.0
2020-12-22,M,3365.0,m2101,3239.0,m2105,3314.0,2101,2105,-126.0,-51.0,-0.037444279346210974,-0.015156017830609159,3314.0
2020-12-23,M,3360.0,m2101,3244.0,m2105,3321.0,2101,2105,-116.0,-39.0,-0.03452380952380951,-0.011607142857142816,3321.0
2020-12-24,M,3335.0,m2101,3220.0,m2105,3307.0,2101,2105,-115.0,-28.0,-0.03448275862068961,-0.008395802098950522,3307.0
2020-12-25,M,3335.0,m2101,3221.0,m2105,3303.0,2101,2105,-114.0,-32.0,-0.03418290854572714,-0.009595202398800629,3303.0
2020-12-28,M,3350.0,m2101,3225.0,m2105,3307.0,2101,2105,-125.0,-43.0,-0.03731343283582089,-0.012835820895522376,3307.0
2020-12-29,M,3342.5,m2101,3203.0,m2105,3274.0,2101,2105,-139.5,-68.5,-0.041735228122662726,-0.020493642483171315,3274.0
2020-12-30,M,3417.5,m2101,3284.0,m2105,3363.0,2101,2105,-133.5,-54.5,-0.039063643013899085,-0.01594732991953185,3363.0
2020-12-31,M,3492.5,m2101,3418.0,m2105,3479.0,2101,2105,-74.5,-13.5,-0.02133142448103076,-0.0038654259126700286,3479.0
2021-01-04,M,3537.5,m2101,3433.0,m2105,3483.0,2101,2105,-104.5,-54.5,-0.029540636042402868,-0.01540636042402832,3483.0
2021-01-05,M,3545.0,m2101,3435.0,m2105,3483.0,2101,2105,-110.0,-62.0,-0.031029619181946355,-0.017489421720733422,3483.0
2021-01-06,M,3645.0,m2101,3470.0,m2105,3535.0,2101,2105,-175.0,-110.0,-0.0480109739368999,-0.03017832647462282,3535.0
2021-01-07,M,3662.5,m2101,3520.0,m2105,3517.0,2101,2105,-142.5,-145.5,-0.03890784982935158,-0.03972696245733787,3517.0
2021-01-08,M,3662.5,m2101,3563.0,m2105,3536.0,2101,2105,-99.5,-126.5,-0.027167235494880537,-0.034539249146757656,3536.0
2021-01-11,M,3780.0,m2101,3605.0,m2105,3619.0,2101,2105,-175.0,-161.0,-0.04629629629629628,-0.042592592592592626,3619.0
2021-01-12,M,3970.0,m2101,3660.0,m2105,3635.0,2101,2105,-310.0,-335.0,-0.07808564231738035,-0.0843828715365239,3635.0
2021-01-13,M,4180.0,m2101,3660.0,m2105,3775.0,2101,2105,-520.0,-405.0,-0.12440191387559807,-0.09688995215311003,3775.0
2021-01-14,M,4180.0,m2101,3742.0,m2105,3736.0,2101,2105,-438.0,-444.0,-0.10478468899521531,-0.10622009569377988,3736.0
2021-01-15,M,4160.0,m2101,3784.0,m2105,3717.0,2101,2105,-376.0,-443.0,-0.0903846153846154,-0.10649038461538463,3717.0
2021-01-18,M,4150.0,m2103,3713.0,m2105,3677.0,2103,2105,-437.0,-473.0,-0.10530120481927707,-0.11397590361445786,3677.0
2021-01-19,M,4130.0,m2103,3716.0,m2105,3665.0,2103,2105,-414.0,-465.0,-0.10024213075060528,-0.11259079903147695,3665.0
2021-01-20,M,4070.0,m2103,3570.0,m2105,3534.0,2103,2105,-500.0,-536.0,-0.12285012285012287,-0.13169533169533165,3534.0
2021-01-21,M,4060.0,m2103,3621.0,m2105,3571.0,2103,2105,-439.0,-489.0,-0.10812807881773401,-0.12044334975369453,3571.0
2021-01-22,M,4030.0,m2103,3538.0,m2105,3481.0,2103,2105,-492.0,-549.0,-0.12208436724565752,-0.13622828784119112,3481.0
2021-01-25,M,3950.0,m2103,3489.0,m2105,3423.0,2103,2105,-461.0,-527.0,-0.11670886075949372,-0.13341772151898734,3423.0
2021-01-26,M,3950.0,m2103,3523.0,m2105,3432.0,2103,2105,-427.0,-518.0,-0.10810126582278479,-0.13113924050632908,3433.0
2021-01-27,M,3830.0,m2103,3653.0,m2105,3518.0,2103,2105,-177.0,-312.0,-0.04621409921671016,-0.08146214099216709,3518.0
2021-01-28,M,3843.33,m2103,3618.0,m2105,3483.0,2103,2105,-225.32999999999993,-360.3299999999999,-0.05862884529821788,-0.09375463465276201,3483.0
2021-01-29,M,3813.33,m2103,3618.0,m2105,3484.0,2103,2105,-195.32999999999993,-329.3299999999999,-0.05122294687320528,-0.08636283772975328,3484.0
2021-02-01,M,3793.33,m2103,3599.0,m2105,3485.0,2103,2105,-194.32999999999993,-308.3299999999999,-0.051229394753422475,-0.08128214523914346,3485.0
2021-02-02,M,3773.33,m2103,3533.0,m2105,3418.0,2103,2105,-240.32999999999993,-355.3299999999999,-0.06369175237787306,-0.09416881110318998,3418.0
2021-02-03,M,3753.33,m2103,3520.0,m2105,3410.0,2103,2105,-233.32999999999993,-343.3299999999999,-0.062166129810061976,-0.09147343825349752,3410.0
2021-02-04,M,3830.0,m2103,3636.0,m2105,3482.0,2103,2105,-194.0,-348.0,-0.05065274151436028,-0.0908616187989556,3482.0
2021-02-05,M,3780.0,m2103,3668.0,m2105,3515.0,2103,2105,-112.0,-265.0,-0.029629629629629672,-0.07010582010582012,3515.0
2021-02-08,M,3810.0,m2103,3629.0,m2105,3460.0,2103,2105,-181.0,-350.0,-0.04750656167979006,-0.09186351706036744,3460.0
2021-02-09,M,3810.0,m2103,3685.0,m2105,3520.0,2103,2105,-125.0,-290.0,-0.03280839895013121,-0.07611548556430447,3520.0
2021-02-10,M,3810.0,m2103,3620.0,m2105,3470.0,2103,2105,-190.0,-340.0,-0.04986876640419946,-0.08923884514435698,3470.0
2021-02-18,M,3847.5,m2103,3656.0,m2105,3492.0,2103,2105,-191.5,-355.5,-0.04977257959714099,-0.09239766081871348,3492.0
2021-02-19,M,3815.0,m2103,3617.0,m2105,3462.0,2103,2105,-198.0,-353.0,-0.05190039318479689,-0.09252948885976409,3462.0
2021-02-22,M,3807.5,m2103,3660.0,m2105,3505.0,2103,2105,-147.5,-302.5,-0.03873933026920551,-0.07944845699277736,3505.0
2021-02-23,M,3792.5,m2103,3759.0,m2105,3591.0,2103,2105,-33.5,-201.5,-0.00883322346736981,-0.05313117996044825,3591.0
2021-02-24,M,3822.5,m2103,3779.0,m2105,3591.0,2103,2105,-43.5,-231.5,-0.011379986919555218,-0.060562459123610246,3591.0
2021-02-25,M,3820.0,m2103,3751.0,m2105,3574.0,2103,2105,-69.0,-246.0,-0.018062827225130862,-0.06439790575916227,3574.0
2021-02-26,M,3820.0,m2103,3616.0,m2105,3427.0,2103,2105,-204.0,-393.0,-0.05340314136125657,-0.10287958115183249,3427.0
2021-03-01,M,3700.0,m2103,3661.0,m2105,3422.0,2103,2105,-39.0,-278.0,-0.010540540540540544,-0.07513513513513514,3422.0
2021-03-02,M,3615.0,m2103,3610.0,m2105,3351.0,2103,2105,-5.0,-264.0,-0.0013831258644536604,-0.07302904564315349,3351.0
2021-03-03,M,3640.0,m2103,3620.0,m2105,3403.0,2103,2105,-20.0,-237.0,-0.005494505494505475,-0.0651098901098901,3403.0
2021-03-04,M,3585.0,m2103,3510.0,m2105,3351.0,2103,2105,-75.0,-234.0,-0.02092050209205021,-0.06527196652719669,3351.0
2021-03-05,M,3557.5,m2103,3500.0,m2105,3364.0,2103,2105,-57.5,-193.5,-0.016163035839775075,-0.05439212930428672,3364.0
2021-03-08,M,3617.5,m2103,3510.0,m2105,3414.0,2103,2105,-107.5,-203.5,-0.029716655148583238,-0.05625431928127156,3414.0
2021-03-09,M,3557.5,m2103,3480.0,m2105,3348.0,2103,2105,-77.5,-209.5,-0.02178496134926211,-0.05888966971187637,3348.0
2021-03-10,M,3535.0,m2103,3500.0,m2105,3269.0,2103,2105,-35.0,-266.0,-0.00990099009900991,-0.0752475247524752,3269.0
2021-03-11,M,3362.5,m2103,3420.0,m2105,3198.0,2103,2105,57.5,-164.5,0.017100371747211796,-0.048921933085501856,3198.0
2021-03-12,M,3362.5,m2103,3661.0,m2105,3210.0,2103,2105,298.5,-152.5,0.08877323420074346,-0.04535315985130106,3210.0
2021-03-15,M,3350.0,m2105,3213.0,m2109,3275.0,2105,2109,-137.0,-75.0,-0.04089552238805971,-0.02238805970149249,3213.0
2021-03-16,M,3347.5,m2105,3232.0,m2109,3305.0,2105,2109,-115.5,-42.5,-0.034503360716952924,-0.012696041822255366,3232.0
2021-03-17,M,3370.0,m2105,3264.0,m2109,3342.0,2105,2109,-106.0,-28.0,-0.03145400593471814,-0.008308605341246333,3264.0
2021-03-18,M,3340.0,m2105,3246.0,m2109,3332.0,2105,2109,-94.0,-8.0,-0.028143712574850266,-0.0023952095808382756,3246.0
2021-03-19,M,3312.5,m2105,3243.0,m2109,3331.0,2105,2109,-69.5,18.5,-0.020981132075471698,0.005584905660377393,3243.0
2021-03-22,M,3340.0,m2105,3279.0,m2109,3370.0,2105,2109,-61.0,30.0,-0.0182634730538922,0.008982035928143617,3279.0
2021-03-23,M,3292.5,m2105,3257.0,m2109,3349.0,2105,2109,-35.5,56.5,-0.010782080485952972,0.017160212604403924,3257.0
2021-03-24,M,3322.5,m2105,3288.0,m2109,3382.0,2105,2109,-34.5,59.5,-0.010383747178329572,0.017908201655379985,3288.0
2021-03-25,M,3357.5,m2105,3305.0,m2109,3397.0,2105,2109,-52.5,39.5,-0.015636634400595706,0.0117647058823529,3305.0
2021-03-26,M,3367.5,m2105,3343.0,m2109,3437.0,2105,2109,-24.5,69.5,-0.007275426874535973,0.020638455827765467,3343.0
2021-03-29,M,3355.0,m2105,3309.0,m2109,3404.0,2105,2109,-46.0,49.0,-0.013710879284649757,0.014605067064083377,3309.0
2021-03-30,M,3340.0,m2105,3301.0,m2109,3398.0,2105,2109,-39.0,58.0,-0.011676646706586857,0.017365269461077748,3301.0
2021-03-31,M,3325.0,m2105,3279.0,m2109,3383.0,2105,2109,-46.0,58.0,-0.013834586466165422,0.017443609022556483,3279.0
2021-04-01,M,3482.5,m2105,3399.0,m2109,3524.0,2105,2109,-83.5,41.5,-0.02397702799712853,0.011916726489590745,3524.0
2021-04-02,M,3482.5,m2105,3358.0,m2109,3507.0,2105,2109,-124.5,24.5,-0.03575017946877246,0.007035175879396949,3507.0
2021-04-06,M,3412.5,m2105,3355.0,m2109,3490.0,2105,2109,-57.5,77.5,-0.0168498168498169,0.02271062271062263,3490.0
2021-04-07,M,3402.5,m2105,3398.0,m2109,3547.0,2105,2109,-4.5,144.5,-0.0013225569434239803,0.042468772961058,3547.0
2021-04-08,M,3425.0,m2105,3382.0,m2109,3517.0,2105,2109,-43.0,92.0,-0.01255474452554739,0.026861313868613124,3517.0
2021-04-09,M,3430.0,m2105,3400.0,m2109,3524.0,2105,2109,-30.0,94.0,-0.008746355685131157,0.027405247813411027,3524.0
2021-04-12,M,3410.0,m2105,3338.0,m2109,3453.0,2105,2109,-72.0,43.0,-0.02111436950146628,0.012609970674486881,3453.0
2021-04-13,M,3390.0,m2105,3315.0,m2109,3442.0,2105,2109,-75.0,52.0,-0.02212389380530977,0.015339233038348166,3442.0
2021-04-14,M,3380.0,m2105,3307.0,m2109,3422.0,2105,2109,-73.0,42.0,-0.02159763313609464,0.012426035502958621,3422.0
2021-04-15,M,3415.0,m2105,3354.0,m2109,3468.0,2105,2109,-61.0,53.0,-0.017862371888726192,0.015519765739385072,3468.0
2021-04-16,M,3457.5,m2105,3395.0,m2109,3515.0,2105,2109,-62.5,57.5,-0.018076644974692746,0.016630513376717282,3515.0
2021-04-19,M,3470.0,m2105,3422.0,m2109,3542.0,2105,2109,-48.0,72.0,-0.01383285302593662,0.02074927953890482,3542.0
2021-04-20,M,3497.5,m2105,3444.0,m2109,3570.0,2105,2109,-53.5,72.5,-0.01529664045746959,0.020729092208720434,3570.0
2021-04-21,M,3515.0,m2105,3447.0,m2109,3580.0,2105,2109,-68.0,65.0,-0.019345661450924645,0.01849217638691325,3580.0
2021-04-22,M,3567.5,m2105,3496.0,m2109,3629.0,2105,2109,-71.5,61.5,-0.02004204625087591,0.017238962859145168,3629.0
2021-04-23,M,3575.0,m2105,3508.0,m2109,3647.0,2105,2109,-67.0,72.0,-0.01874125874125876,0.020139860139860133,3647.0
2021-04-26,M,3595.0,m2105,3519.0,m2109,3649.0,2105,2109,-76.0,54.0,-0.021140472878998562,0.015020862308762206,3649.0
2021-04-27,M,3612.5,m2105,3544.0,m2109,3682.0,2105,2109,-68.5,69.5,-0.018961937716262978,0.019238754325259455,3682.0
2021-04-28,M,3532.5,m2105,3467.0,m2109,3613.0,2105,2109,-65.5,80.5,-0.01854210898796882,0.0227883934890305,3613.0
2021-04-29,M,3527.5,m2105,3445.0,m2109,3587.0,2105,2109,-82.5,59.5,-0.023387668320340227,0.01686746987951815,3587.0
2021-04-30,M,3515.0,m2105,3435.0,m2109,3575.0,2105,2109,-80.0,60.0,-0.022759601706970112,0.017069701280227667,3575.0
2021-05-06,M,3625.0,m2105,3537.0,m2109,3669.0,2105,2109,-88.0,44.0,-0.02427586206896548,0.012137931034482685,3669.0
2021-05-07,M,3682.5,m2105,3609.0,m2109,3709.0,2105,2109,-73.5,26.5,-0.019959266802443976,0.007196198234894702,3709.0
2021-05-10,M,3637.5,m2105,3538.0,m2109,3689.0,2105,2109,-99.5,51.5,-0.02735395189003431,0.014158075601374609,3689.0
2021-05-11,M,3625.0,m2105,3545.0,m2109,3674.0,2105,2109,-80.0,49.0,-0.022068965517241357,0.013517241379310319,3674.0
2021-05-12,M,3712.5,m2105,3655.0,m2109,3769.0,2105,2109,-57.5,56.5,-0.01548821548821544,0.015218855218855243,3769.0
2021-05-13,M,3645.0,m2105,3538.0,m2109,3678.0,2105,2109,-107.0,33.0,-0.029355281207133044,0.009053497942386857,3678.0
2021-05-14,M,3597.5,m2105,3496.0,m2109,3607.0,2105,2109,-101.5,9.5,-0.028214037526059776,0.0026407227241138642,3607.0
2021-05-17,M,3630.0,m2105,3502.0,m2109,3606.0,2105,2109,-128.0,-24.0,-0.03526170798898076,-0.006611570247933907,3606.0
2021-05-18,M,3667.5,m2105,3500.0,m2109,3623.0,2105,2109,-167.5,-44.5,-0.045671438309475065,-0.012133605998636665,3623.0
2021-05-19,M,3647.5,m2105,3500.0,m2109,3571.0,2105,2109,-147.5,-76.5,-0.04043865661411927,-0.02097326936257715,3571.0
2021-05-20,M,3615.0,m2107,3484.0,m2109,3567.0,2107,2109,-131.0,-48.0,-0.03623789764868601,-0.01327800829875514,3567.0
2021-05-21,M,3607.5,m2107,3446.0,m2109,3524.0,2107,2109,-161.5,-83.5,-0.04476784476784479,-0.023146223146223166,3524.0
2021-05-24,M,3570.0,m2107,3445.0,m2109,3528.0,2107,2109,-125.0,-42.0,-0.03501400560224088,-0.0117647058823529,3528.0
2021-05-25,M,3595.0,m2107,3461.0,m2109,3538.0,2107,2109,-134.0,-57.0,-0.0372739916550765,-0.01585535465924892,3538.0
2021-05-26,M,3567.5,m2107,3425.0,m2109,3508.0,2107,2109,-142.5,-59.5,-0.03994393833216536,-0.016678346180798886,3508.0
2021-05-27,M,3545.0,m2107,3394.0,m2109,3472.0,2107,2109,-151.0,-73.0,-0.042595204513399154,-0.020592383638928013,3472.0
2021-05-28,M,3580.0,m2107,3453.0,m2109,3532.0,2107,2109,-127.0,-48.0,-0.035474860335195535,-0.013407821229050265,3532.0
2021-05-31,M,3565.0,m2107,3437.0,m2109,3521.0,2107,2109,-128.0,-44.0,-0.035904628330995836,-0.012342215988779826,3521.0
2021-06-01,M,3592.5,m2107,3445.0,m2109,3541.0,2107,2109,-147.5,-51.5,-0.04105775922059851,-0.0143354210160056,3541.0
2021-06-02,M,3602.5,m2107,3458.0,m2109,3567.0,2107,2109,-144.5,-35.5,-0.040111034004163826,-0.009854267869535027,3567.0
2021-06-03,M,3597.5,m2107,3495.0,m2109,3604.0,2107,2109,-102.5,6.5,-0.028492008339124353,0.001806810284920024,3604.0
2021-06-04,M,3562.5,m2107,3445.0,m2109,3535.0,2107,2109,-117.5,-27.5,-0.03298245614035089,-0.007719298245614015,3535.0
2021-06-07,M,3642.5,m2107,3525.0,m2109,3622.0,2107,2109,-117.5,-20.5,-0.032258064516129004,-0.005628002745367233,3622.0
2021-06-08,M,3625.0,m2107,3521.0,m2109,3615.0,2107,2109,-104.0,-10.0,-0.02868965517241384,-0.0027586206896551557,3615.0
2021-06-09,M,3630.0,m2107,3519.0,m2109,3619.0,2107,2109,-111.0,-11.0,-0.03057851239669418,-0.00303030303030305,3619.0
2021-06-10,M,3612.5,m2107,3524.0,m2109,3628.0,2107,2109,-88.5,15.5,-0.024498269896193747,0.004290657439446344,3628.0
2021-06-11,M,3615.0,m2107,3541.0,m2109,3642.0,2107,2109,-74.0,27.0,-0.020470262793914284,0.007468879668049766,3642.0
2021-06-15,M,3505.0,m2107,3392.0,m2109,3494.0,2107,2109,-113.0,-11.0,-0.032239657631954355,-0.0031383737517831634,3494.0
2021-06-16,M,3500.0,m2107,3405.0,m2109,3474.0,2107,2109,-95.0,-26.0,-0.027142857142857135,-0.007428571428571451,3474.0
2021-06-17,M,3470.0,m2107,3381.0,m2109,3450.0,2107,2109,-89.0,-20.0,-0.025648414985590784,-0.0057636887608069065,3450.0
2021-06-18,M,3377.5,m2107,3333.0,m2109,3373.0,2107,2109,-44.5,-4.5,-0.013175425610658764,-0.0013323464100666316,3373.0
2021-06-21,M,3412.5,m2107,3377.0,m2109,3394.0,2107,2109,-35.5,-18.5,-0.010402930402930388,-0.005421245421245446,3394.0
2021-06-22,M,3407.5,m2107,3351.0,m2109,3393.0,2107,2109,-56.5,-14.5,-0.016581071166544392,-0.004255319148936176,3393.0
2021-06-23,M,3400.0,m2107,3336.0,m2109,3384.0,2107,2109,-64.0,-16.0,-0.018823529411764683,-0.004705882352941226,3384.0
2021-06-24,M,3405.0,m2107,3355.0,m2109,3390.0,2107,2109,-50.0,-15.0,-0.014684287812041119,-0.004405286343612369,3390.0
2021-06-25,M,3397.5,m2107,3354.0,m2109,3397.0,2107,2109,-43.5,-0.5,-0.012803532008829999,-0.00014716703458428348,3397.0
2021-06-28,M,3447.5,m2107,3405.0,m2109,3448.0,2107,2109,-42.5,0.5,-0.012327773749093551,0.00014503263234222352,3448.0
2021-06-29,M,3487.5,m2107,3413.0,m2109,3458.0,2107,2109,-74.5,-29.5,-0.02136200716845882,-0.008458781362007173,3458.0
2021-06-30,M,3485.0,m2107,3440.0,m2109,3486.0,2107,2109,-45.0,1.0,-0.012912482065997155,0.0002869440459110084,3486.0
2021-07-01,M,3590.0,m2107,3550.0,m2109,3639.0,2107,2109,-40.0,49.0,-0.011142061281337101,0.013649025069637943,3639.0
2021-07-02,M,3642.5,m2107,3570.0,m2109,3694.0,2107,2109,-72.5,51.5,-0.019903912148249825,0.014138641043239586,3694.0
2021-07-05,M,3620.0,m2107,3550.0,m2109,3655.0,2107,2109,-70.0,35.0,-0.01933701657458564,0.00966850828729271,3655.0
2021-07-06,M,3607.5,m2107,3595.0,m2109,3634.0,2107,2109,-12.5,26.5,-0.0034650034650034467,0.007345807345807254,3634.0
2021-07-07,M,3535.0,m2107,3500.0,m2109,3571.0,2107,2109,-35.0,36.0,-0.00990099009900991,0.010183875530410225,3571.0
2021-07-08,M,3545.0,m2107,3527.0,m2109,3584.0,2107,2109,-18.0,39.0,-0.005077574047954836,0.01100141043723557,3584.0
2021-07-09,M,3557.5,m2107,3467.0,m2109,3580.0,2107,2109,-90.5,22.5,-0.025439212930428723,0.006324666198172846,3580.0
2021-07-12,M,3567.5,m2107,3524.0,m2109,3590.0,2107,2109,-43.5,22.5,-0.012193412754029409,0.006306937631394449,3590.0
2021-07-13,M,3590.0,m2107,3569.0,m2109,3613.0,2107,2109,-21.0,23.0,-0.005849582172701928,0.006406685236768794,3613.0
2021-07-14,M,3572.5,m2107,3506.0,m2109,3625.0,2107,2109,-66.5,52.5,-0.018614415675297424,0.01469559132260323,3625.0
2021-07-15,M,3620.0,m2108,3656.0,m2109,3662.0,2108,2109,36.0,42.0,0.009944751381215422,0.011602209944751474,3662.0
2021-07-16,M,3620.0,m2108,3655.0,m2109,3663.0,2108,2109,35.0,43.0,0.00966850828729271,0.011878453038673964,3663.0
2021-07-19,M,3642.5,m2108,3707.0,m2109,3709.0,2108,2109,64.5,66.5,0.01770761839396018,0.018256691832532645,3709.0
2021-07-20,M,3630.0,m2108,3735.0,m2109,3704.0,2108,2109,105.0,74.0,0.02892561983471076,0.020385674931129527,3704.0
2021-07-21,M,3622.5,m2108,3670.0,m2109,3678.0,2108,2109,47.5,55.5,0.013112491373360902,0.015320910973084967,3678.0
2021-07-22,M,3612.5,m2108,3628.0,m2109,3622.0,2108,2109,15.5,9.5,0.004290657439446344,0.002629757785467035,3622.0
2021-07-23,M,3560.0,m2108,3572.0,m2109,3578.0,2108,2109,12.0,18.0,0.003370786516853963,0.0050561797752808335,3578.0
2021-07-26,M,3517.5,m2108,3504.0,m2109,3503.0,2108,2109,-13.5,-14.5,-0.003837953091684443,-0.00412224591329069,3503.0
2021-07-27,M,3552.5,m2108,3549.0,m2109,3533.0,2108,2109,-3.5,-19.5,-0.0009852216748768017,-0.005489092188599609,3533.0
2021-07-28,M,3577.5,m2108,3554.0,m2109,3553.0,2108,2109,-23.5,-24.5,-0.006568832983927297,-0.006848357791753967,3553.0
2021-07-29,M,3615.0,m2108,3615.0,m2109,3623.0,2108,2109,0.0,8.0,0.0,0.0022130013831258566,3623.0
2021-07-30,M,3632.5,m2108,3639.0,m2109,3652.0,2108,2109,6.5,19.5,0.0017894012388162128,0.0053682037164486385,3652.0
2021-08-02,M,3640.0,m2108,3797.0,m2109,3636.0,2108,2109,157.0,-4.0,0.0431318681318682,-0.001098901098901095,3636.0
2021-08-03,M,3677.5,m2108,3625.0,m2109,3625.0,2108,2109,-52.5,-52.5,-0.014276002719238567,-0.014276002719238567,3625.0
2021-08-04,M,3680.0,m2108,3625.0,m2201,3535.0,2108,2201,-55.0,-145.0,-0.014945652173913082,-0.03940217391304346,3588.0
2021-08-05,M,3672.5,m2108,3625.0,m2201,3516.0,2108,2201,-47.5,-156.5,-0.01293396868618113,-0.04261402314499663,3558.0
2021-08-06,M,3667.5,m2108,3625.0,m2201,3535.0,2108,2201,-42.5,-132.5,-0.011588275391956393,-0.03612815269256986,3577.0
2021-08-09,M,3710.0,m2108,3625.0,m2201,3572.0,2108,2201,-85.0,-138.0,-0.022911051212938016,-0.03719676549865225,3617.0
2021-08-10,M,3710.0,m2108,3625.0,m2201,3591.0,2108,2201,-85.0,-119.0,-0.022911051212938016,-0.0320754716981132,3628.0
2021-08-11,M,3710.0,m2108,3625.0,m2201,3586.0,2108,2201,-85.0,-124.0,-0.022911051212938016,-0.033423180592991875,3586.0
2021-08-12,M,3687.5,m2108,3625.0,m2201,3523.0,2108,2201,-62.5,-164.5,-0.016949152542372836,-0.04461016949152541,3523.0
2021-08-13,M,3697.5,m2108,3625.0,m2201,3620.0,2108,2201,-72.5,-77.5,-0.019607843137254943,-0.02096010818120353,3620.0
2021-08-16,M,3735.0,m2109,3675.0,m2201,3639.0,2109,2201,-60.0,-96.0,-0.016064257028112428,-0.025702811244979973,3639.0
2021-08-17,M,3757.5,m2109,3673.0,m2201,3637.0,2109,2201,-84.5,-120.5,-0.022488356620093186,-0.0320691949434464,3637.0
2021-08-18,M,3722.5,m2109,3646.0,m2201,3608.0,2109,2201,-76.5,-114.5,-0.0205507051712559,-0.030758898589657524,3608.0
2021-08-19,M,3690.0,m2109,3598.0,m2201,3551.0,2109,2201,-92.0,-139.0,-0.024932249322493272,-0.03766937669376691,3551.0
2021-08-20,M,3680.0,m2109,3602.0,m2201,3534.0,2109,2201,-78.0,-146.0,-0.02119565217391306,-0.039673913043478226,3534.0
2021-08-23,M,3655.0,m2109,3584.0,m2201,3485.0,2109,2201,-71.0,-170.0,-0.019425444596443242,-0.046511627906976716,3485.0
2021-08-24,M,3667.5,m2109,3630.0,m2201,3493.0,2109,2201,-37.5,-174.5,-0.010224948875255602,-0.04758009543285613,3493.0
2021-08-25,M,3672.5,m2109,3640.0,m2201,3502.0,2109,2201,-32.5,-170.5,-0.008849557522123908,-0.046426140231449975,3502.0
2021-08-26,M,3677.5,m2109,3631.0,m2201,3511.0,2109,2201,-46.5,-166.5,-0.012644459551325649,-0.04527532290958536,3511.0
2021-08-27,M,3685.0,m2109,3622.0,m2201,3501.0,2109,2201,-63.0,-184.0,-0.01709633649932163,-0.04993215739484391,3501.0
2021-08-30,M,3715.0,m2109,3649.0,m2201,3525.0,2109,2201,-66.0,-190.0,-0.017765814266487268,-0.05114401076716013,3525.0
2021-08-31,M,3695.0,m2109,3732.0,m2201,3517.0,2109,2201,37.0,-178.0,0.010013531799729414,-0.048173207036535826,3517.0
2021-09-01,M,3700.0,m2109,3692.0,m2201,3491.0,2109,2201,-8.0,-209.0,-0.00216216216216214,-0.056486486486486465,3491.0
2021-09-02,M,3700.0,m2109,3718.0,m2201,3504.0,2109,2201,18.0,-196.0,0.004864864864864815,-0.05297297297297299,3504.0
2021-09-03,M,3720.0,m2109,3777.0,m2201,3487.0,2109,2201,57.0,-233.0,0.015322580645161343,-0.06263440860215053,3487.0
2021-09-06,M,3735.0,m2109,3787.0,m2201,3486.0,2109,2201,52.0,-249.0,0.013922356091030874,-0.06666666666666665,3486.0
2021-09-07,M,3777.5,m2109,3796.0,m2201,3524.0,2109,2201,18.5,-253.5,0.004897418927862329,-0.0671078755790867,3524.0
2021-09-08,M,3782.5,m2109,3786.0,m2201,3486.0,2109,2201,3.5,-296.5,0.0009253139458029747,-0.07838730998017185,3486.0
2021-09-09,M,3767.5,m2109,3772.0,m2201,3468.0,2109,2201,4.5,-299.5,0.001194426011944305,-0.07949568679495689,3468.0
2021-09-10,M,3770.0,m2109,3792.0,m2201,3500.0,2109,2201,22.0,-270.0,0.005835543766578244,-0.07161803713527848,3500.0
2021-09-13,M,3810.0,m2109,3833.0,m2201,3530.0,2109,2201,23.0,-280.0,0.0060367454068241955,-0.07349081364829402,3530.0
2021-09-14,M,3825.0,m2109,3848.0,m2201,3545.0,2109,2201,23.0,-280.0,0.006013071895424771,-0.07320261437908493,3545.0
2021-09-15,M,3820.0,m2111,3779.0,m2201,3534.0,2111,2201,-41.0,-286.0,-0.010732984293193693,-0.07486910994764395,3534.0
2021-09-16,M,3822.0,m2111,3822.0,m2201,3548.0,2111,2201,0.0,-274.0,0.0,-0.07169021454735736,3548.0
2021-09-17,M,3860.0,m2111,3835.0,m2201,3570.0,2111,2201,-25.0,-290.0,-0.006476683937823857,-0.07512953367875652,3570.0
2021-09-22,M,3876.0,m2111,3818.0,m2201,3536.0,2111,2201,-58.0,-340.0,-0.014963880288957676,-0.08771929824561409,3536.0
2021-09-23,M,3924.0,m2111,3827.0,m2201,3535.0,2111,2201,-97.0,-389.0,-0.024719673802242603,-0.09913353720693174,3535.0
2021-09-24,M,3950.0,m2111,3770.0,m2201,3510.0,2111,2201,-180.0,-440.0,-0.04556962025316458,-0.11139240506329118,3510.0
2021-09-27,M,3958.0,m2111,3817.0,m2201,3538.0,2111,2201,-141.0,-420.0,-0.035624052551793794,-0.10611419909044972,3538.0
2021-09-28,M,3926.0,m2111,3771.0,m2201,3491.0,2111,2201,-155.0,-435.0,-0.03948038716250635,-0.11079979623025982,3491.0
2021-09-29,M,3886.0,m2111,3765.0,m2201,3478.0,2111,2201,-121.0,-408.0,-0.031137416366443627,-0.1049922799794133,3478.0
2021-09-30,M,3872.0,m2111,3763.0,m2201,3464.0,2111,2201,-109.0,-408.0,-0.028150826446280974,-0.10537190082644632,3464.0
2021-10-08,M,3832.0,m2111,3671.0,m2201,3350.0,2111,2201,-161.0,-482.0,-0.042014613778705634,-0.12578288100208768,3350.0
2021-10-11,M,3814.0,m2111,3674.0,m2201,3325.0,2111,2201,-140.0,-489.0,-0.03670686942842161,-0.1282118510749869,3325.0
2021-10-12,M,3790.0,m2111,3583.0,m2201,3299.0,2111,2201,-207.0,-491.0,-0.054617414248021134,-0.12955145118733513,3299.0
2021-10-13,M,3756.0,m2111,3530.0,m2201,3236.0,2111,2201,-226.0,-520.0,-0.06017039403620872,-0.13844515441959526,3236.0
2021-10-14,M,3754.0,m2111,3562.0,m2201,3265.0,2111,2201,-192.0,-489.0,-0.051145444858817224,-0.13026105487480022,3265.0
2021-10-15,M,3740.0,m2111,3574.0,m2201,3263.0,2111,2201,-166.0,-477.0,-0.04438502673796796,-0.12754010695187168,3263.0
2021-10-18,M,3720.0,m2111,3535.0,m2201,3230.0,2111,2201,-185.0,-490.0,-0.04973118279569888,-0.13172043010752688,3230.0
2021-10-19,M,3712.0,m2111,3527.0,m2201,3224.0,2111,2201,-185.0,-488.0,-0.049838362068965525,-0.13146551724137934,3224.0
2021-10-20,M,3716.0,m2111,3537.0,m2201,3237.0,2111,2201,-179.0,-479.0,-0.048170075349838526,-0.12890204520990312,3237.0
2021-10-21,M,3720.0,m2111,3552.0,m2201,3254.0,2111,2201,-168.0,-466.0,-0.04516129032258065,-0.12526881720430105,3254.0
2021-10-22,M,3732.0,m2111,3573.0,m2201,3278.0,2111,2201,-159.0,-454.0,-0.042604501607717005,-0.12165058949624863,3278.0
2021-10-25,M,3758.0,m2111,3578.0,m2201,3289.0,2111,2201,-180.0,-469.0,-0.047897817988291624,-0.12480042575838213,3289.0
2021-10-26,M,3740.0,m2111,3555.0,m2201,3270.0,2111,2201,-185.0,-470.0,-0.049465240641711206,-0.1256684491978609,3270.0
2021-10-27,M,3706.0,m2111,3536.0,m2201,3257.0,2111,2201,-170.0,-449.0,-0.04587155963302747,-0.12115488397193741,3257.0
2021-10-28,M,3686.0,m2111,3366.0,m2201,3259.0,2111,2201,-320.0,-427.0,-0.0868149755832881,-0.11584373304395013,3259.0
2021-10-29,M,3652.0,m2111,3446.0,m2201,3233.0,2111,2201,-206.0,-419.0,-0.056407447973713,-0.11473165388828044,3233.0
2021-11-01,M,3554.0,m2111,3274.0,m2201,3159.0,2111,2201,-280.0,-395.0,-0.07878446820483964,-0.11114237478897016,3159.0
2021-11-02,M,3516.0,m2111,3350.0,m2201,3143.0,2111,2201,-166.0,-373.0,-0.04721274175199086,-0.10608646188850968,3143.0
2021-11-03,M,3482.0,m2111,3280.0,m2201,3130.0,2111,2201,-202.0,-352.0,-0.05801263641585297,-0.1010913268236645,3130.0
2021-11-04,M,3440.0,m2111,3240.0,m2201,3135.0,2111,2201,-200.0,-305.0,-0.05813953488372092,-0.08866279069767447,3135.0
2021-11-05,M,3402.0,m2111,3249.0,m2201,3051.0,2111,2201,-153.0,-351.0,-0.044973544973545,-0.10317460317460314,3051.0
2021-11-08,M,3432.0,m2111,3175.0,m2201,3088.0,2111,2201,-257.0,-344.0,-0.07488344988344986,-0.10023310023310028,3088.0
2021-11-09,M,3424.0,m2111,3146.0,m2201,3091.0,2111,2201,-278.0,-333.0,-0.08119158878504673,-0.09725467289719625,3091.0
2021-11-10,M,3434.0,m2111,3200.0,m2201,3123.0,2111,2201,-234.0,-311.0,-0.06814210832847989,-0.09056493884682582,3123.0
2021-11-11,M,3434.0,m2111,3205.0,m2201,3159.0,2111,2201,-229.0,-275.0,-0.06668608037274315,-0.08008153756552128,3159.0
2021-11-12,M,3448.0,m2111,3429.0,m2201,3155.0,2111,2201,-19.0,-293.0,-0.005510440835266861,-0.0849767981438515,3155.0
2021-11-15,M,3490.0,m2112,3272.0,m2201,3161.0,2112,2201,-218.0,-329.0,-0.062464183381088834,-0.09426934097421202,3161.0
2021-11-16,M,3514.0,m2112,3288.0,m2201,3192.0,2112,2201,-226.0,-322.0,-0.06431417188389299,-0.0916334661354582,3192.0
2021-11-17,M,3508.0,m2112,3295.0,m2201,3188.0,2112,2201,-213.0,-320.0,-0.06071835803876857,-0.09122006841505126,3188.0
2021-11-18,M,3516.0,m2112,3303.0,m2201,3213.0,2112,2201,-213.0,-303.0,-0.060580204778156954,-0.08617747440273038,3213.0
2021-11-19,M,3518.0,m2112,3294.0,m2201,3218.0,2112,2201,-224.0,-300.0,-0.06367254121660038,-0.0852757248436612,3218.0
2021-11-22,M,3492.0,m2112,3275.0,m2205,3045.0,2112,2205,-217.0,-447.0,-0.06214203894616266,-0.12800687285223367,3202.0
2021-11-23,M,3508.0,m2112,3318.0,m2205,3086.0,2112,2205,-190.0,-422.0,-0.054161915621436685,-0.12029646522234894,3245.0
2021-11-24,M,3504.0,m2112,3307.0,m2205,3097.0,2112,2205,-197.0,-407.0,-0.056221461187214605,-0.11615296803652964,3251.0
2021-11-25,M,3496.0,m2112,3267.0,m2205,3075.0,2112,2205,-229.0,-421.0,-0.06550343249427915,-0.12042334096109841,3213.0
2021-11-26,M,3460.0,m2112,3250.0,m2205,3067.0,2112,2205,-210.0,-393.0,-0.06069364161849711,-0.11358381502890169,3216.0
2021-11-29,M,3458.0,m2112,3282.0,m2205,3081.0,2112,2205,-176.0,-377.0,-0.05089647194910352,-0.10902255639097747,3237.0
2021-11-30,M,3448.0,m2112,3254.0,m2205,3045.0,2112,2205,-194.0,-403.0,-0.05626450116009285,-0.11687935034802788,3200.0
2021-12-01,M,3430.0,m2112,3250.0,m2205,3049.0,2112,2205,-180.0,-381.0,-0.05247813411078717,-0.11107871720116613,3202.0
2021-12-02,M,3446.0,m2112,3252.0,m2205,3051.0,2112,2205,-194.0,-395.0,-0.0562971561230412,-0.11462565293093441,3203.0
2021-12-03,M,3484.0,m2112,3252.0,m2205,3105.0,2112,2205,-232.0,-379.0,-0.06659012629161887,-0.10878300803673935,3257.0
2021-12-06,M,3486.0,m2112,3252.0,m2205,3080.0,2112,2205,-234.0,-406.0,-0.06712564543889843,-0.11646586345381527,3080.0
2021-12-07,M,3474.0,m2112,3252.0,m2205,3043.0,2112,2205,-222.0,-431.0,-0.0639032815198618,-0.12406447898675876,3043.0
2021-12-08,M,3462.0,m2112,3252.0,m2205,3037.0,2112,2205,-210.0,-425.0,-0.060658578856152556,-0.1227614095898325,3037.0
2021-12-09,M,3522.0,m2112,3252.0,m2205,3096.0,2112,2205,-270.0,-426.0,-0.07666098807495736,-0.12095400340715501,3096.0
2021-12-10,M,3542.0,m2112,3252.0,m2205,3124.0,2112,2205,-290.0,-418.0,-0.0818746470920384,-0.11801242236024845,3124.0
2021-12-13,M,3526.0,m2112,3252.0,m2205,3124.0,2112,2205,-274.0,-402.0,-0.07770845150311967,-0.11401020986954058,3124.0
2021-12-14,M,3492.0,m2112,3245.0,m2205,3073.0,2112,2205,-247.0,-419.0,-0.07073310423825885,-0.11998854524627722,3073.0
2021-12-15,M,3516.0,m2201,3313.0,m2205,3124.0,2201,2205,-203.0,-392.0,-0.057736063708759944,-0.111490329920364,3124.0
2021-12-16,M,3520.0,m2201,3343.0,m2205,3168.0,2201,2205,-177.0,-352.0,-0.05028409090909092,-0.09999999999999998,3168.0
2021-12-17,M,3514.0,m2201,3344.0,m2205,3174.0,2201,2205,-170.0,-340.0,-0.04837791690381332,-0.09675583380762665,3174.0
2021-12-20,M,3502.0,m2201,3333.0,m2205,3159.0,2201,2205,-169.0,-343.0,-0.048258138206738965,-0.09794403198172474,3159.0
2021-12-21,M,3490.0,m2201,3329.0,m2205,3153.0,2201,2205,-161.0,-337.0,-0.046131805157593075,-0.09656160458452723,3153.0
2021-12-22,M,3508.0,m2201,3366.0,m2205,3179.0,2201,2205,-142.0,-329.0,-0.040478905359178974,-0.09378563283922459,3179.0
2021-12-23,M,3534.0,m2201,3454.0,m2205,3246.0,2201,2205,-80.0,-288.0,-0.022637238256932646,-0.08149405772495755,3246.0
2021-12-24,M,3560.0,m2201,3505.0,m2205,3263.0,2201,2205,-55.0,-297.0,-0.015449438202247201,-0.08342696629213486,3263.0
2021-12-27,M,3550.0,m2201,3471.0,m2205,3230.0,2201,2205,-79.0,-320.0,-0.0222535211267606,-0.09014084507042253,3230.0
2021-12-28,M,3586.0,m2201,3473.0,m2205,3257.0,2201,2205,-113.0,-329.0,-0.03151143335192419,-0.09174567763524821,3258.0
2021-12-29,M,3564.0,m2201,3464.0,m2205,3226.0,2201,2205,-100.0,-338.0,-0.02805836139169471,-0.09483726150392813,3226.0
2021-12-30,M,3568.0,m2201,3462.0,m2205,3234.0,2201,2205,-106.0,-334.0,-0.0297085201793722,-0.09360986547085204,3232.0
2021-12-31,M,3522.0,m2201,3365.0,m2205,3189.0,2201,2205,-157.0,-333.0,-0.0445769449176604,-0.09454855195911416,3189.0
2022-01-04,M,3568.0,m2201,3434.0,m2205,3250.0,2201,2205,-134.0,-318.0,-0.03755605381165916,-0.0891255605381166,3250.0
2022-01-05,M,3592.0,m2201,3466.0,m2205,3293.0,2201,2205,-126.0,-299.0,-0.035077951002227215,-0.0832405345211581,3293.0
2022-01-06,M,3570.0,m2201,3459.0,m2205,3215.0,2201,2205,-111.0,-355.0,-0.031092436974789917,-0.09943977591036413,3215.0
2022-01-07,M,3566.0,m2201,3433.0,m2205,3225.0,2201,2205,-133.0,-341.0,-0.03729669097027477,-0.09562535053280985,3225.0
2022-01-10,M,3612.0,m2201,3483.0,m2205,3231.0,2201,2205,-129.0,-381.0,-0.0357142857142857,-0.10548172757475083,3231.0
2022-01-11,M,3614.0,m2201,3472.0,m2205,3229.0,2201,2205,-142.0,-385.0,-0.039291643608190374,-0.10653016048699504,3229.0
2022-01-12,M,3638.0,m2201,3446.0,m2205,3247.0,2201,2205,-192.0,-391.0,-0.05277625068719072,-0.10747663551401865,3247.0
2022-01-13,M,3638.0,m2201,3483.0,m2205,3243.0,2201,2205,-155.0,-395.0,-0.04260582737768004,-0.10857614073666855,3243.0
2022-01-14,M,3608.0,m2201,3483.0,m2205,3186.0,2201,2205,-125.0,-422.0,-0.034645232815964544,-0.11696230598669621,3186.0
2022-01-17,M,3590.0,m2201,3479.0,m2205,3170.0,2201,2205,-111.0,-420.0,-0.03091922005571035,-0.11699164345403901,3170.0
2022-01-18,M,3584.0,m2203,3326.0,m2205,3156.0,2203,2205,-258.0,-428.0,-0.0719866071428571,-0.1194196428571429,3156.0
2022-01-19,M,3578.0,m2203,3336.0,m2205,3177.0,2203,2205,-242.0,-401.0,-0.06763555058692006,-0.11207378423700387,3177.0
2022-01-20,M,3584.0,m2203,3395.0,m2205,3243.0,2203,2205,-189.0,-341.0,-0.052734375,-0.0951450892857143,3243.0
2022-01-21,M,3606.0,m2203,3423.0,m2205,3270.0,2203,2205,-183.0,-336.0,-0.05074875207986684,-0.09317803660565727,3270.0
2022-01-24,M,3598.0,m2203,3422.0,m2205,3253.0,2203,2205,-176.0,-345.0,-0.04891606448026686,-0.09588660366870483,3253.0
2022-01-25,M,3598.0,m2203,3413.0,m2205,3248.0,2203,2205,-185.0,-350.0,-0.05141745414118959,-0.09727626459143968,3248.0
2022-01-26,M,3598.0,m2203,3443.0,m2205,3260.0,2203,2205,-155.0,-338.0,-0.04307948860478039,-0.09394107837687604,3260.0
2022-01-27,M,3598.0,m2203,3527.0,m2205,3338.0,2203,2205,-71.0,-260.0,-0.01973318510283495,-0.0722623679822123,3338.0
2022-01-28,M,3598.0,m2203,3560.0,m2205,3378.0,2203,2205,-38.0,-220.0,-0.010561423012784843,-0.06114508060033352,3378.0
2022-02-07,M,4008.0,m2203,3838.0,m2205,3636.0,2203,2205,-170.0,-372.0,-0.0424151696606786,-0.09281437125748504,3636.0
2022-02-08,M,4054.0,m2203,3880.0,m2205,3695.0,2203,2205,-174.0,-359.0,-0.04292057227429702,-0.08855451406018744,3695.0
2022-02-09,M,4078.0,m2203,3922.0,m2205,3748.0,2203,2205,-156.0,-330.0,-0.03825404610102989,-0.08092202059833253,3748.0
2022-02-10,M,4156.0,m2203,4009.0,m2205,3814.0,2203,2205,-147.0,-342.0,-0.03537054860442734,-0.08229066410009622,3814.0
2022-02-11,M,4108.0,m2203,3984.0,m2205,3745.0,2203,2205,-124.0,-363.0,-0.030185004868549137,-0.0883641674780915,3745.0
2022-02-14,M,4104.0,m2203,3999.0,m2205,3724.0,2203,2205,-105.0,-380.0,-0.025584795321637377,-0.09259259259259256,3724.0
2022-02-15,M,4058.0,m2203,3914.0,m2205,3687.0,2203,2205,-144.0,-371.0,-0.03548546081813697,-0.09142434696895019,3687.0
2022-02-16,M,4076.0,m2203,3921.0,m2205,3708.0,2203,2205,-155.0,-368.0,-0.038027477919528985,-0.0902845927379784,3708.0
2022-02-17,M,4078.0,m2203,4006.0,m2205,3769.0,2203,2205,-72.0,-309.0,-0.01765571358509077,-0.0757724374693477,3769.0
2022-02-18,M,4114.0,m2203,4058.0,m2205,3781.0,2203,2205,-56.0,-333.0,-0.01361205639280505,-0.08094312105007295,3781.0
2022-02-21,M,4196.0,m2203,4152.0,m2205,3803.0,2203,2205,-44.0,-393.0,-0.010486177311725409,-0.09366062917063867,3803.0
2022-02-22,M,4352.0,m2203,4307.0,m2205,3877.0,2203,2205,-45.0,-475.0,-0.010340073529411797,-0.10914522058823528,3877.0
2022-02-23,M,4508.0,m2203,4306.0,m2205,3906.0,2203,2205,-202.0,-602.0,-0.04480922803904175,-0.13354037267080743,3906.0
2022-02-24,M,4628.0,m2203,4509.0,m2205,4062.0,2203,2205,-119.0,-566.0,-0.025713050993949826,-0.12229904926534141,4062.0
2022-02-25,M,4664.0,m2203,4289.0,m2205,3918.0,2203,2205,-375.0,-746.0,-0.08040308747855918,-0.15994854202401376,3918.0
2022-02-28,M,4524.0,m2203,4330.0,m2205,3862.0,2203,2205,-194.0,-662.0,-0.04288240495137052,-0.14633068081343947,3862.0
2022-03-01,M,4550.0,m2203,4421.0,m2205,3911.0,2203,2205,-129.0,-639.0,-0.028351648351648384,-0.1404395604395604,3911.0
2022-03-02,M,4554.0,m2203,4385.0,m2205,3903.0,2203,2205,-169.0,-651.0,-0.03711023276240666,-0.1429512516469038,3903.0
2022-03-03,M,4536.0,m2203,4515.0,m2205,3895.0,2203,2205,-21.0,-641.0,-0.00462962962962965,-0.1413139329805997,3895.0
2022-03-04,M,4560.0,m2203,4430.0,m2205,3902.0,2203,2205,-130.0,-658.0,-0.028508771929824595,-0.14429824561403504,3902.0
2022-03-07,M,4658.0,m2203,4320.0,m2205,4089.0,2203,2205,-338.0,-569.0,-0.07256333190210396,-0.12215543151567199,4089.0
2022-03-08,M,4710.0,m2203,4600.0,m2205,4153.0,2203,2205,-110.0,-557.0,-0.023354564755838636,-0.11825902335456473,4153.0
2022-03-09,M,4884.0,m2203,4800.0,m2205,4222.0,2203,2205,-84.0,-662.0,-0.017199017199017175,-0.13554463554463558,4222.0
2022-03-10,M,4878.0,m2203,4750.0,m2205,4130.0,2203,2205,-128.0,-748.0,-0.026240262402624004,-0.15334153341533419,4130.0
2022-03-11,M,4918.0,m2203,4750.0,m2205,4186.0,2203,2205,-168.0,-732.0,-0.03416022773485161,-0.14884099227328185,4186.0
2022-03-14,M,4912.0,m2203,4900.0,m2205,4219.0,2203,2205,-12.0,-693.0,-0.002442996742671011,-0.1410830618892508,4219.0
2022-03-15,M,4902.0,m2205,4121.0,m2205,4121.0,2205,2205,-781.0,-781.0,-0.1593227254181967,-0.1593227254181967,4121.0
2022-03-16,M,4910.0,m2205,4194.0,m2205,4194.0,2205,2205,-716.0,-716.0,-0.14582484725050915,-0.14582484725050915,4194.0
2022-03-17,M,4948.0,m2205,4176.0,m2205,4176.0,2205,2205,-772.0,-772.0,-0.1560226354082458,-0.1560226354082458,4176.0
2022-03-18,M,5026.0,m2205,4269.0,m2205,4269.0,2205,2205,-757.0,-757.0,-0.15061679267807404,-0.15061679267807404,4269.0
2022-03-21,M,5176.0,m2205,4277.0,m2205,4277.0,2205,2205,-899.0,-899.0,-0.17368624420401857,-0.17368624420401857,4277.0
2022-03-22,M,5346.0,m2205,4395.0,m2205,4395.0,2205,2205,-951.0,-951.0,-0.17789001122334458,-0.17789001122334458,4395.0
2022-03-23,M,5364.0,m2205,4407.0,m2205,4407.0,2205,2205,-957.0,-957.0,-0.17841163310961972,-0.17841163310961972,4407.0
2022-03-24,M,5332.0,m2205,4388.0,m2205,4388.0,2205,2205,-944.0,-944.0,-0.17704426106526627,-0.17704426106526627,4388.0
2022-03-25,M,5242.0,m2205,4347.0,m2209,4198.0,2205,2209,-895.0,-1044.0,-0.17073636016787486,-0.19916062571537585,4347.0
2022-03-28,M,5066.0,m2205,4260.0,m2209,4160.0,2205,2209,-806.0,-906.0,-0.15909988156336363,-0.1788393209632847,4260.0
2022-03-29,M,4892.0,m2205,4187.0,m2209,4090.0,2205,2209,-705.0,-802.0,-0.14411283728536384,-0.16394112837285368,4187.0
2022-03-30,M,4800.0,m2205,4105.0,m2209,4017.0,2205,2209,-695.0,-783.0,-0.14479166666666665,-0.16312499999999996,4105.0
2022-03-31,M,4706.0,m2205,4106.0,m2209,4038.0,2205,2209,-600.0,-668.0,-0.12749681257968548,-0.14194645133871653,4038.0
2022-04-01,M,4544.0,m2205,3883.0,m2209,3808.0,2205,2209,-661.0,-736.0,-0.14546654929577463,-0.1619718309859155,3808.0
2022-04-06,M,4516.0,m2205,3925.0,m2209,3856.0,2205,2209,-591.0,-660.0,-0.13086802480070858,-0.14614703277236496,3856.0
2022-04-07,M,4488.0,m2205,3904.0,m2209,3829.0,2205,2209,-584.0,-659.0,-0.13012477718360071,-0.1468360071301248,3829.0
2022-04-08,M,4572.0,m2205,3971.0,m2209,3880.0,2205,2209,-601.0,-692.0,-0.13145231846019245,-0.15135608048993876,3880.0
2022-04-11,M,4708.0,m2205,4040.0,m2209,3939.0,2205,2209,-668.0,-769.0,-0.1418861512319456,-0.163338997451147,3939.0
2022-04-12,M,4678.0,m2205,4023.0,m2209,3923.0,2205,2209,-655.0,-755.0,-0.14001710132535272,-0.16139375801624622,3923.0
2022-04-13,M,4598.0,m2205,4023.0,m2209,3905.0,2205,2209,-575.0,-693.0,-0.12505437146585474,-0.15071770334928225,3905.0
2022-04-14,M,4646.0,m2205,4056.0,m2209,3928.0,2205,2209,-590.0,-718.0,-0.12699095996556176,-0.15454154111063279,3928.0
2022-04-15,M,4670.0,m2205,4043.0,m2209,3923.0,2205,2209,-627.0,-747.0,-0.13426124197002143,-0.15995717344753746,3923.0
2022-04-18,M,4690.0,m2205,4055.0,m2209,3934.0,2205,2209,-635.0,-756.0,-0.1353944562899787,-0.16119402985074627,3934.0
2022-04-19,M,4742.0,m2205,4133.0,m2209,4029.0,2205,2209,-609.0,-713.0,-0.12842682412484185,-0.15035849852382965,4029.0
2022-04-20,M,4552.0,m2205,4183.0,m2209,4064.0,2205,2209,-369.0,-488.0,-0.08106326889279436,-0.10720562390158173,4064.0
2022-04-21,M,4546.0,m2205,4249.0,m2209,4118.0,2205,2209,-297.0,-428.0,-0.06533216014078314,-0.09414870215574134,4118.0
2022-04-22,M,4516.0,m2205,4188.0,m2209,4075.0,2205,2209,-328.0,-441.0,-0.07263064658990259,-0.09765279007971661,4075.0
2022-04-25,M,4352.0,m2205,4087.0,m2209,3956.0,2205,2209,-265.0,-396.0,-0.06089154411764708,-0.09099264705882348,3956.0
2022-04-26,M,4382.0,m2205,4101.0,m2209,3983.0,2205,2209,-281.0,-399.0,-0.06412596987676855,-0.09105431309904155,3983.0
2022-04-27,M,4350.0,m2205,4111.0,m2209,4001.0,2205,2209,-239.0,-349.0,-0.05494252873563221,-0.0802298850574713,4001.0
2022-04-28,M,4424.0,m2205,4166.0,m2209,4063.0,2205,2209,-258.0,-361.0,-0.05831826401446649,-0.08160036166365281,4063.0
2022-04-29,M,4410.0,m2205,4180.0,m2209,4073.0,2205,2209,-230.0,-337.0,-0.05215419501133789,-0.07641723356009067,4073.0
2022-05-05,M,4330.0,m2205,4159.0,m2209,4050.0,2205,2209,-171.0,-280.0,-0.039491916859122456,-0.0646651270207852,4050.0
2022-05-06,M,4308.0,m2205,4113.0,m2209,3979.0,2205,2209,-195.0,-329.0,-0.04526462395543174,-0.07636954503249771,3979.0
2022-05-09,M,4212.0,m2205,4015.0,m2209,3900.0,2205,2209,-197.0,-312.0,-0.04677113010446343,-0.07407407407407407,3900.0
2022-05-10,M,4190.0,m2205,4039.0,m2209,3927.0,2205,2209,-151.0,-263.0,-0.03603818615751786,-0.06276849642004778,3927.0
2022-05-11,M,4184.0,m2205,4030.0,m2209,3931.0,2205,2209,-154.0,-253.0,-0.03680688336520077,-0.060468451242829846,3931.0
2022-05-12,M,4186.0,m2205,3995.0,m2209,3933.0,2205,2209,-191.0,-253.0,-0.045628284758719495,-0.06043956043956045,3933.0
2022-05-13,M,4284.0,m2205,4056.0,m2209,4054.0,2205,2209,-228.0,-230.0,-0.053221288515406195,-0.05368814192343607,4054.0
2022-05-16,M,4346.0,m2205,4209.0,m2209,4141.0,2205,2209,-137.0,-205.0,-0.031523239760699484,-0.047169811320754707,4141.0
2022-05-17,M,4320.0,m2205,4209.0,m2209,4129.0,2205,2209,-111.0,-191.0,-0.025694444444444464,-0.044212962962962954,4129.0
2022-05-18,M,4342.0,m2205,4140.0,m2209,4133.0,2205,2209,-202.0,-209.0,-0.04652233993551358,-0.04813450023030863,4133.0
2022-05-19,M,4326.0,m2207,4207.0,m2209,4114.0,2207,2209,-119.0,-212.0,-0.027508090614886682,-0.04900601017105877,4114.0
2022-05-20,M,4316.0,m2207,4260.0,m2209,4174.0,2207,2209,-56.0,-142.0,-0.0129749768303985,-0.032900834105653365,4174.0
2022-05-23,M,4332.0,m2207,4250.0,m2209,4188.0,2207,2209,-82.0,-144.0,-0.018928901200369386,-0.03324099722991691,4188.0
2022-05-24,M,4238.0,m2207,4162.0,m2209,4098.0,2207,2209,-76.0,-140.0,-0.01793298725814063,-0.033034450212364286,4098.0
2022-05-25,M,4230.0,m2207,4187.0,m2209,4106.0,2207,2209,-43.0,-124.0,-0.010165484633569699,-0.029314420803782548,4106.0
2022-05-26,M,4232.0,m2207,4198.0,m2209,4117.0,2207,2209,-34.0,-115.0,-0.008034026465028377,-0.02717391304347827,4117.0
2022-05-27,M,4310.0,m2207,4276.0,m2209,4200.0,2207,2209,-34.0,-110.0,-0.007888631090487208,-0.025522041763341052,4200.0
2022-05-30,M,4306.0,m2207,4267.0,m2209,4193.0,2207,2209,-39.0,-113.0,-0.009057129586623303,-0.026242452392011173,4193.0
2022-05-31,M,4308.0,m2207,4271.0,m2209,4212.0,2207,2209,-37.0,-96.0,-0.008588672237697326,-0.02228412256267409,4212.0
2022-06-01,M,4262.0,m2207,4192.0,m2209,4132.0,2207,2209,-70.0,-130.0,-0.016424213984045033,-0.03050211168465511,4132.0
2022-06-02,M,4280.0,m2207,4219.0,m2209,4145.0,2207,2209,-61.0,-135.0,-0.014252336448598135,-0.031542056074766345,4145.0
2022-06-06,M,4292.0,m2207,4221.0,m2209,4146.0,2207,2209,-71.0,-146.0,-0.01654240447343891,-0.03401677539608572,4146.0
2022-06-07,M,4282.0,m2207,4197.0,m2209,4123.0,2207,2209,-85.0,-159.0,-0.019850537132181212,-0.03713218122372719,4123.0
2022-06-08,M,4334.0,m2207,4261.0,m2209,4193.0,2207,2209,-73.0,-141.0,-0.01684356252884167,-0.03253345639132443,4193.0
2022-06-09,M,4334.0,m2207,4264.0,m2209,4186.0,2207,2209,-70.0,-148.0,-0.01615136132902628,-0.034148592524227084,4186.0
2022-06-10,M,4376.0,m2207,4347.0,m2209,4264.0,2207,2209,-29.0,-112.0,-0.006627056672760534,-0.025594149908592323,4264.0
2022-06-13,M,4348.0,m2207,4239.0,m2209,4165.0,2207,2209,-109.0,-183.0,-0.025068997240110358,-0.04208831646734135,4165.0
2022-06-14,M,4298.0,m2207,4214.0,m2209,4138.0,2207,2209,-84.0,-160.0,-0.019543973941368087,-0.037226617031177245,4138.0
2022-06-15,M,4296.0,m2207,4191.0,m2209,4104.0,2207,2209,-105.0,-192.0,-0.0244413407821229,-0.04469273743016755,4104.0
2022-06-16,M,4300.0,m2207,4206.0,m2209,4118.0,2207,2209,-94.0,-182.0,-0.021860465116279038,-0.04232558139534881,4118.0
2022-06-17,M,4334.0,m2207,4294.0,m2209,4188.0,2207,2209,-40.0,-146.0,-0.00922934933087216,-0.033687125057683454,4188.0
2022-06-20,M,4312.0,m2207,4249.0,m2209,4129.0,2207,2209,-63.0,-183.0,-0.01461038961038963,-0.04243970315398882,4129.0
2022-06-21,M,4298.0,m2207,4221.0,m2209,4094.0,2207,2209,-77.0,-204.0,-0.01791530944625408,-0.04746393671475102,4094.0
2022-06-22,M,4286.0,m2207,4159.0,m2209,4025.0,2207,2209,-127.0,-261.0,-0.02963135790947269,-0.060895940270648596,4025.0
2022-06-23,M,4164.0,m2207,3975.0,m2209,3850.0,2207,2209,-189.0,-314.0,-0.04538904899135443,-0.07540826128722378,3850.0
2022-06-24,M,4100.0,m2207,3922.0,m2209,3783.0,2207,2209,-178.0,-317.0,-0.0434146341463415,-0.07731707317073166,3783.0
2022-06-27,M,4082.0,m2207,3981.0,m2209,3825.0,2207,2209,-101.0,-257.0,-0.02474277315041651,-0.06295933365997064,3825.0
2022-06-28,M,4124.0,m2207,4102.0,m2209,3897.0,2207,2209,-22.0,-227.0,-0.0053346265761397005,-0.055043646944713864,3897.0
2022-06-29,M,4102.0,m2207,4070.0,m2209,3881.0,2207,2209,-32.0,-221.0,-0.007801072647489082,-0.05387615797172107,3881.0
2022-06-30,M,4116.0,m2207,4064.0,m2209,3909.0,2207,2209,-52.0,-207.0,-0.01263362487852282,-0.050291545189504405,3909.0
2022-07-01,M,4118.0,m2207,4020.0,m2209,3874.0,2207,2209,-98.0,-244.0,-0.023797960174842148,-0.05925206410879069,3874.0
2022-07-04,M,4060.0,m2207,4108.0,m2209,3837.0,2207,2209,48.0,-223.0,0.011822660098522064,-0.054926108374384275,3837.0
2022-07-05,M,4072.0,m2207,4039.0,m2209,3835.0,2207,2209,-33.0,-237.0,-0.008104125736738688,-0.058202357563850726,3835.0
2022-07-06,M,4014.0,m2207,3920.0,m2209,3800.0,2207,2209,-94.0,-214.0,-0.023418036870951675,-0.05331340308918786,3800.0
2022-07-07,M,4078.0,m2207,4038.0,m2209,3878.0,2207,2209,-40.0,-200.0,-0.009808729769494873,-0.04904364884747425,3878.0
2022-07-08,M,4110.0,m2207,4038.0,m2209,3904.0,2207,2209,-72.0,-206.0,-0.017518248175182438,-0.05012165450121653,3904.0
2022-07-11,M,4176.0,m2207,4033.0,m2209,3986.0,2207,2209,-143.0,-190.0,-0.03424329501915713,-0.045498084291187735,3986.0
2022-07-12,M,4162.0,m2207,4036.0,m2209,3957.0,2207,2209,-126.0,-205.0,-0.03027390677558861,-0.04925516578568001,3957.0
2022-07-13,M,4076.0,m2207,4036.0,m2209,3910.0,2207,2209,-40.0,-166.0,-0.00981354268891066,-0.040726202158979374,3910.0
2022-07-14,M,4154.0,m2207,4036.0,m2209,3963.0,2207,2209,-118.0,-191.0,-0.028406355320173327,-0.04597977852672119,3963.0
2022-07-15,M,4152.0,m2208,4078.0,m2209,3906.0,2208,2209,-74.0,-246.0,-0.017822736030828512,-0.05924855491329484,3906.0
2022-07-18,M,4166.0,m2208,4144.0,m2209,3965.0,2208,2209,-22.0,-201.0,-0.005280844935189655,-0.04824771963514163,3965.0
2022-07-19,M,4166.0,m2208,4087.0,m2209,3898.0,2208,2209,-79.0,-268.0,-0.018963034085453634,-0.06433029284685554,3898.0
2022-07-20,M,4046.0,m2208,3992.0,m2209,3809.0,2208,2209,-54.0,-237.0,-0.013346515076618881,-0.058576371725160614,3809.0
2022-07-21,M,4076.0,m2208,3996.0,m2209,3820.0,2208,2209,-80.0,-256.0,-0.01962708537782143,-0.06280667320902844,3820.0
2022-07-22,M,4062.0,m2208,3933.0,m2209,3759.0,2208,2209,-129.0,-303.0,-0.03175775480059084,-0.07459379615952733,3759.0
2022-07-25,M,4096.0,m2208,3952.0,m2209,3791.0,2208,2209,-144.0,-305.0,-0.03515625,-0.074462890625,3791.0
2022-07-26,M,4156.0,m2208,4052.0,m2209,3898.0,2208,2209,-104.0,-258.0,-0.025024061597690106,-0.062078922040423534,3898.0
2022-07-27,M,4170.0,m2208,4069.0,m2209,3920.0,2208,2209,-101.0,-250.0,-0.024220623501199023,-0.05995203836930452,3920.0
2022-07-28,M,4210.0,m2208,4100.0,m2209,3962.0,2208,2209,-110.0,-248.0,-0.026128266033254133,-0.05890736342042757,3962.0
2022-07-29,M,4214.0,m2208,4180.0,m2209,3988.0,2208,2209,-34.0,-226.0,-0.008068343616516427,-0.053630754627432387,3988.0
2022-08-01,M,4248.0,m2208,4208.0,m2209,4008.0,2208,2209,-40.0,-240.0,-0.00941619585687381,-0.05649717514124297,4008.0
2022-08-02,M,4230.0,m2208,4153.0,m2209,3956.0,2208,2209,-77.0,-274.0,-0.018203309692671366,-0.0647754137115839,3956.0
2022-08-03,M,4222.0,m2208,4131.0,m2209,3970.0,2208,2209,-91.0,-252.0,-0.02155376598768355,-0.05968735196589292,3970.0
2022-08-04,M,4202.0,m2208,4106.0,m2209,3946.0,2208,2209,-96.0,-256.0,-0.022846263683960033,-0.06092336982389335,3946.0
2022-08-05,M,4294.0,m2208,4255.0,m2209,4079.0,2208,2209,-39.0,-215.0,-0.009082440614811338,-0.050069864927806296,4079.0
2022-08-08,M,4262.0,m2208,4213.0,m2301,3680.0,2208,2301,-49.0,-582.0,-0.011496949788831534,-0.13655560769591746,4033.0
2022-08-09,M,4270.0,m2208,4213.0,m2301,3685.0,2208,2301,-57.0,-585.0,-0.013348946135831374,-0.13700234192037475,4009.0
2022-08-10,M,4296.0,m2208,4213.0,m2301,3716.0,2208,2301,-83.0,-580.0,-0.019320297951582854,-0.13500931098696467,4063.0
2022-08-11,M,4280.0,m2208,4213.0,m2301,3721.0,2208,2301,-67.0,-559.0,-0.015654205607476657,-0.13060747663551397,3721.0
2022-08-12,M,4316.0,m2208,4162.0,m2301,3761.0,2208,2301,-154.0,-555.0,-0.035681186283595956,-0.12859128822984245,3761.0
2022-08-15,M,4306.0,m2209,4057.0,m2301,3686.0,2209,2301,-249.0,-620.0,-0.057826288899210376,-0.14398513701811422,3686.0
2022-08-16,M,4294.0,m2209,4069.0,m2301,3675.0,2209,2301,-225.0,-619.0,-0.05239869585468093,-0.14415463437354448,3675.0
2022-08-17,M,4312.0,m2209,4072.0,m2301,3655.0,2209,2301,-240.0,-657.0,-0.05565862708719849,-0.15236549165120594,3655.0
2022-08-18,M,4318.0,m2209,4077.0,m2301,3639.0,2209,2301,-241.0,-679.0,-0.05581287633163501,-0.15724872626215836,3639.0
2022-08-19,M,4350.0,m2209,4133.0,m2301,3687.0,2209,2301,-217.0,-663.0,-0.04988505747126437,-0.15241379310344827,3687.0
2022-08-22,M,4376.0,m2209,4158.0,m2301,3698.0,2209,2301,-218.0,-678.0,-0.04981718464351004,-0.15493601462522855,3698.0
2022-08-23,M,4534.0,m2209,4332.0,m2301,3853.0,2209,2301,-202.0,-681.0,-0.044552271724746406,-0.1501985002205558,3853.0
2022-08-24,M,4550.0,m2209,4355.0,m2301,3882.0,2209,2301,-195.0,-668.0,-0.042857142857142816,-0.14681318681318678,3882.0
2022-08-25,M,4522.0,m2209,4332.0,m2301,3832.0,2209,2301,-190.0,-690.0,-0.04201680672268904,-0.1525873507297656,3832.0
2022-08-26,M,4490.0,m2209,4261.0,m2301,3773.0,2209,2301,-229.0,-717.0,-0.051002227171492165,-0.1596881959910913,3773.0
2022-08-29,M,4518.0,m2209,4275.0,m2301,3789.0,2209,2301,-243.0,-729.0,-0.05378486055776888,-0.16135458167330674,3789.0
2022-08-30,M,4474.0,m2209,4313.0,m2301,3762.0,2209,2301,-161.0,-712.0,-0.035985695127402795,-0.15914170764416624,3762.0
2022-08-31,M,4500.0,m2209,4395.0,m2301,3789.0,2209,2301,-105.0,-711.0,-0.023333333333333317,-0.15800000000000003,3789.0
2022-09-01,M,4512.0,m2209,4370.0,m2301,3773.0,2209,2301,-142.0,-739.0,-0.031471631205673756,-0.1637854609929078,3773.0
2022-09-02,M,4502.0,m2209,4465.0,m2301,3820.0,2209,2301,-37.0,-682.0,-0.008218569524655717,-0.15148822745446466,3820.0
2022-09-05,M,4618.0,m2209,4500.0,m2301,3864.0,2209,2301,-118.0,-754.0,-0.025552187093980105,-0.16327414465136425,3864.0
2022-09-06,M,4604.0,m2209,4519.0,m2301,3811.0,2209,2301,-85.0,-793.0,-0.01846220677671595,-0.17224152910512602,3811.0
2022-09-07,M,4590.0,m2209,4610.0,m2301,3840.0,2209,2301,20.0,-750.0,0.004357298474945592,-0.1633986928104575,3840.0
2022-09-08,M,4714.0,m2209,4719.0,m2301,3838.0,2209,2301,5.0,-876.0,0.0010606703436570886,-0.18582944420873992,3838.0
2022-09-09,M,4714.0,m2209,4733.0,m2301,3852.0,2209,2301,19.0,-862.0,0.004030547305897247,-0.18285956724649977,3852.0
2022-09-13,M,4944.0,m2209,4955.0,m2301,4060.0,2209,2301,11.0,-884.0,0.00222491909385103,-0.1788025889967637,4060.0
2022-09-14,M,4914.0,m2209,4970.0,m2301,4042.0,2209,2301,56.0,-872.0,0.01139601139601143,-0.17745217745217745,4042.0
2022-09-15,M,4868.0,m2209,4911.0,m2301,3985.0,2209,2301,43.0,-883.0,0.008833196384552267,-0.1813886606409203,3985.0
2022-09-16,M,4898.0,m2211,4442.0,m2301,3999.0,2211,2301,-456.0,-899.0,-0.09309922417313188,-0.18354430379746833,3999.0
2022-09-19,M,4932.0,m2211,4455.0,m2301,4000.0,2211,2301,-477.0,-932.0,-0.09671532846715325,-0.18896999188969987,4000.0
2022-09-20,M,4964.0,m2211,4509.0,m2301,4011.0,2211,2301,-455.0,-953.0,-0.09165995165189367,-0.19198227236099918,4011.0
2022-09-21,M,5092.0,m2211,4624.0,m2301,4058.0,2211,2301,-468.0,-1034.0,-0.09190887666928516,-0.20306362922230947,4058.0
2022-09-22,M,5210.0,m2211,4669.0,m2301,4077.0,2211,2301,-541.0,-1133.0,-0.10383877159309018,-0.21746641074856043,4077.0
2022-09-23,M,5364.0,m2211,4645.0,m2301,4047.0,2211,2301,-719.0,-1317.0,-0.134041759880686,-0.24552572706935127,4047.0
2022-09-26,M,5308.0,m2211,4588.0,m2301,4014.0,2211,2301,-720.0,-1294.0,-0.13564431047475511,-0.24378296910324038,4014.0
2022-09-27,M,5226.0,m2211,4618.0,m2301,4036.0,2211,2301,-608.0,-1190.0,-0.11634137007271339,-0.22770761576731724,4036.0
2022-09-28,M,5146.0,m2211,4652.0,m2301,4060.0,2211,2301,-494.0,-1086.0,-0.09599689078896234,-0.21103769918383208,4060.0
2022-09-29,M,5162.0,m2211,4800.0,m2301,4141.0,2211,2301,-362.0,-1021.0,-0.07012785741960481,-0.19779155366137158,4141.0
2022-09-30,M,5128.0,m2211,4794.0,m2301,4099.0,2211,2301,-334.0,-1029.0,-0.06513260530421217,-0.20066302652106083,4099.0
2022-10-10,M,5352.0,m2211,4870.0,m2301,4093.0,2211,2301,-482.0,-1259.0,-0.09005979073243642,-0.2352391629297459,4093.0
2022-10-11,M,5348.0,m2211,4878.0,m2301,4045.0,2211,2301,-470.0,-1303.0,-0.08788332086761408,-0.243642483171279,4045.0
2022-10-12,M,5318.0,m2211,5001.0,m2301,4076.0,2211,2301,-317.0,-1242.0,-0.05960887551711169,-0.23354644603234298,4076.0
2022-10-13,M,5382.0,m2211,5040.0,m2301,4078.0,2211,2301,-342.0,-1304.0,-0.0635451505016722,-0.24228911185432922,4078.0
2022-10-14,M,5412.0,m2211,5040.0,m2301,4163.0,2211,2301,-372.0,-1249.0,-0.0687361419068736,-0.2307834441980784,4163.0
2022-10-17,M,5436.0,m2211,4948.0,m2301,4054.0,2211,2301,-488.0,-1382.0,-0.08977189109639439,-0.2542310522442973,4054.0
2022-10-18,M,5356.0,m2211,4821.0,m2301,4003.0,2211,2301,-535.0,-1353.0,-0.0998879761015683,-0.2526138909634055,4003.0
2022-10-19,M,5304.0,m2211,4780.0,m2301,3988.0,2211,2301,-524.0,-1316.0,-0.09879336349924583,-0.24811463046757165,3988.0
2022-10-20,M,5306.0,m2211,4840.0,m2301,4014.0,2211,2301,-466.0,-1292.0,-0.08782510365623819,-0.24349792687523564,4014.0
2022-10-21,M,5312.0,m2211,4802.0,m2301,4008.0,2211,2301,-510.0,-1304.0,-0.09600903614457834,-0.24548192771084343,4008.0
2022-10-24,M,5316.0,m2211,4826.0,m2301,4052.0,2211,2301,-490.0,-1264.0,-0.09217456734386753,-0.2377727614747931,4052.0
2022-10-25,M,5298.0,m2211,4777.0,m2301,4036.0,2211,2301,-521.0,-1262.0,-0.09833899584748962,-0.23820309550773877,4036.0
2022-10-26,M,5386.0,m2211,4877.0,m2301,4102.0,2211,2301,-509.0,-1284.0,-0.09450427033048647,-0.23839584106943934,4102.0
2022-10-27,M,5402.0,m2211,4903.0,m2301,4073.0,2211,2301,-499.0,-1329.0,-0.09237319511292119,-0.24601999259533502,4073.0
2022-10-28,M,5396.0,m2211,4836.0,m2301,4042.0,2211,2301,-560.0,-1354.0,-0.10378057820607856,-0.25092661230541147,4042.0
2022-10-31,M,5414.0,m2211,4900.0,m2301,4111.0,2211,2301,-514.0,-1303.0,-0.09493904691540456,-0.24067233099371999,4111.0
2022-11-01,M,5526.0,m2211,5095.0,m2301,4234.0,2211,2301,-431.0,-1292.0,-0.07799493304379301,-0.2338038364096996,4234.0
2022-11-02,M,5572.0,m2211,4950.0,m2301,4201.0,2211,2301,-622.0,-1371.0,-0.11162957645369709,-0.24605168700646085,4201.0
2022-11-03,M,5572.0,m2211,4968.0,m2301,4210.0,2211,2301,-604.0,-1362.0,-0.10839913854989236,-0.24443646805455854,4210.0
2022-11-04,M,5514.0,m2211,4900.0,m2301,4188.0,2211,2301,-614.0,-1326.0,-0.11135291984040618,-0.24047878128400435,4188.0
2022-11-07,M,5586.0,m2211,4994.0,m2301,4218.0,2211,2301,-592.0,-1368.0,-0.10597923379878271,-0.24489795918367352,4218.0
2022-11-08,M,5598.0,m2211,5046.0,m2301,4251.0,2211,2301,-552.0,-1347.0,-0.0986066452304395,-0.24062165058949625,4251.0
2022-11-09,M,5622.0,m2211,5050.0,m2301,4260.0,2211,2301,-572.0,-1362.0,-0.10174315190323724,-0.24226254002134473,4260.0
2022-11-10,M,5660.0,m2211,5100.0,m2301,4297.0,2211,2301,-560.0,-1363.0,-0.09893992932862195,-0.2408127208480565,4297.0
2022-11-11,M,5642.0,m2211,5000.0,m2301,4234.0,2211,2301,-642.0,-1408.0,-0.11378943637008154,-0.2495568947181851,4234.0
2022-11-14,M,5542.0,m2211,4981.0,m2301,4163.0,2211,2301,-561.0,-1379.0,-0.10122699386503065,-0.2488271382172501,4163.0
2022-11-15,M,5446.0,m2212,4592.0,m2301,4149.0,2212,2301,-854.0,-1297.0,-0.15681233933161953,-0.23815644509731915,4149.0
2022-11-16,M,5418.0,m2212,4608.0,m2301,4169.0,2212,2301,-810.0,-1249.0,-0.1495016611295681,-0.23052787006275377,4169.0
2022-11-17,M,5268.0,m2212,4549.0,m2301,4143.0,2212,2301,-719.0,-1125.0,-0.13648443432042523,-0.21355353075170846,4143.0
2022-11-18,M,5170.0,m2212,4497.0,m2301,4109.0,2212,2301,-673.0,-1061.0,-0.13017408123791108,-0.2052224371373308,4109.0
2022-11-21,M,5134.0,m2212,4534.0,m2301,4139.0,2212,2301,-600.0,-995.0,-0.11686793922867156,-0.19380599922088038,4139.0
2022-11-22,M,5138.0,m2212,4575.0,m2301,4168.0,2212,2301,-563.0,-970.0,-0.10957571039314906,-0.18878941222265477,4168.0
2022-11-23,M,5238.0,m2212,4612.0,m2301,4212.0,2212,2301,-626.0,-1026.0,-0.11951126384116073,-0.19587628865979378,4212.0
2022-11-24,M,5328.0,m2212,4658.0,m2301,4256.0,2212,2301,-670.0,-1072.0,-0.1257507507507507,-0.20120120120120122,4256.0
2022-11-25,M,5308.0,m2212,4724.0,m2301,4303.0,2212,2301,-584.0,-1005.0,-0.11002260738507907,-0.18933685003767897,4303.0
2022-11-28,M,5120.0,m2212,4669.0,m2301,4220.0,2212,2301,-451.0,-900.0,-0.08808593750000004,-0.17578125,4220.0
2022-11-29,M,5102.0,m2212,4705.0,m2301,4261.0,2212,2301,-397.0,-841.0,-0.07781262250097998,-0.16483731869854956,4261.0
2022-11-30,M,5072.0,m2212,4785.0,m2301,4298.0,2212,2301,-287.0,-774.0,-0.056585173501577324,-0.15260252365930604,4298.0
2022-12-01,M,5026.0,m2212,4653.0,m2301,4276.0,2212,2301,-373.0,-750.0,-0.07421408674890573,-0.14922403501790693,4276.0
2022-12-02,M,5012.0,m2212,4669.0,m2301,4281.0,2212,2301,-343.0,-731.0,-0.06843575418994419,-0.14584996009577011,4281.0
2022-12-05,M,4936.0,m2212,4688.0,m2301,4249.0,2212,2301,-248.0,-687.0,-0.05024311183144248,-0.13918152350081037,4249.0
2022-12-06,M,4910.0,m2212,4694.0,m2301,4261.0,2212,2301,-216.0,-649.0,-0.04399185336048883,-0.13217922606924648,4261.0
2022-12-07,M,4910.0,m2212,4655.0,m2301,4285.0,2212,2301,-255.0,-625.0,-0.05193482688391038,-0.12729124236252543,4285.0
2022-12-08,M,4938.0,m2212,4688.0,m2301,4428.0,2212,2301,-250.0,-510.0,-0.05062778452814909,-0.10328068043742411,4428.0
2022-12-09,M,4938.0,m2212,4680.0,m2301,4444.0,2212,2301,-258.0,-494.0,-0.052247873633049835,-0.10004050222762251,4444.0
2022-12-12,M,4884.0,m2212,4812.0,m2301,4377.0,2212,2301,-72.0,-507.0,-0.014742014742014753,-0.10380835380835385,4377.0
2022-12-13,M,4874.0,m2212,4750.0,m2305,3744.0,2212,2305,-124.0,-1130.0,-0.02544111612638489,-0.23184242921624953,4369.0
2022-12-14,M,4792.0,m2212,4700.0,m2305,3706.0,2212,2305,-92.0,-1086.0,-0.019198664440734592,-0.2266277128547579,4289.0
2022-12-15,M,4676.0,m2301,4289.0,m2305,3722.0,2301,2305,-387.0,-954.0,-0.08276304533789569,-0.20402053036783574,4289.0
2022-12-16,M,4734.0,m2301,4292.0,m2305,3752.0,2301,2305,-442.0,-982.0,-0.09336713138994512,-0.20743557245458388,4292.0
2022-12-19,M,4686.0,m2301,4267.0,m2305,3704.0,2301,2305,-419.0,-982.0,-0.0894152795561246,-0.20956039265898418,3704.0
2022-12-20,M,4678.0,m2301,4309.0,m2305,3719.0,2301,2305,-369.0,-959.0,-0.07887986318939721,-0.2050021376656691,3719.0
2022-12-21,M,4724.0,m2301,4350.0,m2305,3758.0,2301,2305,-374.0,-966.0,-0.0791701947502117,-0.20448772226926337,3758.0
2022-12-22,M,4720.0,m2301,4351.0,m2305,3775.0,2301,2305,-369.0,-945.0,-0.07817796610169492,-0.20021186440677963,3775.0
2022-12-23,M,4702.0,m2301,4377.0,m2305,3788.0,2301,2305,-325.0,-914.0,-0.06911952360697571,-0.194385367928541,3788.0
2022-12-26,M,4748.0,m2301,4450.0,m2305,3878.0,2301,2305,-298.0,-870.0,-0.06276326874473459,-0.18323504633529908,3878.0
2022-12-27,M,4726.0,m2301,4492.0,m2305,3893.0,2301,2305,-234.0,-833.0,-0.04951333051206097,-0.1762589928057554,3893.0
2022-12-28,M,4678.0,m2301,4465.0,m2305,3839.0,2301,2305,-213.0,-839.0,-0.04553227875160326,-0.1793501496365968,3839.0
2022-12-29,M,4682.0,m2301,4512.0,m2305,3882.0,2301,2305,-170.0,-800.0,-0.036309269542930345,-0.1708671507902606,3882.0
2022-12-30,M,4682.0,m2301,4688.0,m2305,3936.0,2301,2305,6.0,-746.0,0.00128150363092705,-0.15933361811191793,3936.0
2023-01-03,M,4686.0,m2301,4647.0,m2305,3943.0,2301,2305,-39.0,-743.0,-0.008322663252240736,-0.15855740503627824,3943.0
2023-01-04,M,4626.0,m2301,4569.0,m2305,3866.0,2301,2305,-57.0,-760.0,-0.012321660181582317,-0.1642888024210981,3866.0
2023-01-05,M,4584.0,m2301,4530.0,m2305,3831.0,2301,2305,-54.0,-753.0,-0.011780104712041939,-0.16426701570680624,3831.0
2023-01-06,M,4548.0,m2301,4530.0,m2305,3797.0,2301,2305,-18.0,-751.0,-0.00395778364116095,-0.16512752858399293,3797.0
2023-01-09,M,4558.0,m2301,4575.0,m2305,3819.0,2301,2305,17.0,-739.0,0.00372970601140854,-0.16213251426064068,3819.0
2023-01-10,M,4534.0,m2301,4580.0,m2305,3782.0,2301,2305,46.0,-752.0,0.010145566828407615,-0.1658579620644023,3782.0
2023-01-11,M,4544.0,m2301,4610.0,m2305,3820.0,2301,2305,66.0,-724.0,0.014524647887323994,-0.159330985915493,3820.0
2023-01-12,M,4592.0,m2301,4715.0,m2305,3877.0,2301,2305,123.0,-715.0,0.02678571428571419,-0.15570557491289194,3877.0
2023-01-13,M,4606.0,m2301,4387.0,m2305,3916.0,2301,2305,-219.0,-690.0,-0.047546678245766416,-0.1498046026921407,3916.0
2023-01-16,M,4606.0,m2301,4501.0,m2305,3899.0,2301,2305,-105.0,-707.0,-0.022796352583586588,-0.1534954407294833,3899.0
2023-01-17,M,4606.0,m2303,4272.0,m2305,3884.0,2303,2305,-334.0,-722.0,-0.07251411202778979,-0.15675206252713847,3884.0
2023-01-18,M,4606.0,m2303,4336.0,m2305,3952.0,2303,2305,-270.0,-654.0,-0.058619192357794225,-0.14198871037776817,3952.0
2023-01-19,M,4606.0,m2303,4279.0,m2305,3886.0,2303,2305,-327.0,-720.0,-0.07099435518888408,-0.15631784628745116,3886.0
2023-01-20,M,4606.0,m2303,4244.0,m2305,3841.0,2303,2305,-362.0,-765.0,-0.07859313938341295,-0.1660877116804168,3841.0
2023-01-30,M,4650.0,m2303,4333.0,m2305,3899.0,2303,2305,-317.0,-751.0,-0.06817204301075264,-0.16150537634408602,3899.0
2023-01-31,M,4670.0,m2303,4335.0,m2305,3906.0,2303,2305,-335.0,-764.0,-0.07173447537473232,-0.16359743040685226,3906.0
2023-02-01,M,4648.0,m2303,4305.0,m2305,3890.0,2303,2305,-343.0,-758.0,-0.0737951807228916,-0.1630808950086059,3890.0
2023-02-02,M,4628.0,m2303,4288.0,m2305,3876.0,2303,2305,-340.0,-752.0,-0.07346585998271393,-0.16248919619706137,3876.0
2023-02-03,M,4626.0,m2303,4280.0,m2305,3891.0,2303,2305,-346.0,-735.0,-0.07479463899697358,-0.15888456549935148,3891.0
2023-02-06,M,4656.0,m2303,4305.0,m2305,3922.0,2303,2305,-351.0,-734.0,-0.07538659793814428,-0.15764604810996563,3922.0
2023-02-07,M,4606.0,m2303,4266.0,m2305,3867.0,2303,2305,-340.0,-739.0,-0.07381676074685195,-0.16044290056448107,3867.0
2023-02-08,M,4598.0,m2303,4272.0,m2305,3866.0,2303,2305,-326.0,-732.0,-0.07090039147455418,-0.15919965202261854,3866.0
2023-02-09,M,4598.0,m2303,4233.0,m2305,3819.0,2303,2305,-365.0,-779.0,-0.07938234014789036,-0.16942148760330578,3819.0
2023-02-10,M,4566.0,m2303,4247.0,m2305,3853.0,2303,2305,-319.0,-713.0,-0.06986421375383267,-0.15615418309242224,3853.0
2023-02-13,M,4606.0,m2303,4275.0,m2305,3882.0,2303,2305,-331.0,-724.0,-0.07186278766825882,-0.1571862787668259,3882.0
2023-02-14,M,4572.0,m2303,4281.0,m2305,3881.0,2303,2305,-291.0,-691.0,-0.06364829396325455,-0.15113735783027127,3881.0
2023-02-15,M,4550.0,m2303,4230.0,m2305,3838.0,2303,2305,-320.0,-712.0,-0.0703296703296703,-0.15648351648351644,3838.0
2023-02-16,M,4522.0,m2303,4215.0,m2305,3835.0,2303,2305,-307.0,-687.0,-0.06789031402034496,-0.15192392746572314,3835.0
2023-02-17,M,4518.0,m2303,4211.0,m2305,3828.0,2303,2305,-307.0,-690.0,-0.06795042054006195,-0.15272244355909692,3828.0
2023-02-20,M,4522.0,m2303,4263.0,m2305,3866.0,2303,2305,-259.0,-656.0,-0.05727554179566563,-0.14506855373728433,3866.0
2023-02-21,M,4508.0,m2303,4251.0,m2305,3857.0,2303,2305,-257.0,-651.0,-0.05700976042590944,-0.14440993788819878,3857.0
2023-02-22,M,4534.0,m2303,4257.0,m2305,3874.0,2303,2305,-277.0,-660.0,-0.06109395677106311,-0.14556682840758717,3874.0
2023-02-23,M,4498.0,m2303,4228.0,m2305,3840.0,2303,2305,-270.0,-658.0,-0.0600266785237884,-0.14628723877278793,3840.0
2023-02-24,M,4494.0,m2303,4222.0,m2305,3859.0,2303,2305,-272.0,-635.0,-0.06052514463729419,-0.14129951045838895,3859.0
2023-02-27,M,4428.0,m2303,4153.0,m2305,3825.0,2303,2305,-275.0,-603.0,-0.06210478771454386,-0.13617886178861793,3825.0
2023-02-28,M,4380.0,m2303,4030.0,m2305,3775.0,2303,2305,-350.0,-605.0,-0.07990867579908678,-0.13812785388127857,3775.0
2023-03-01,M,4300.0,m2303,3988.0,m2305,3745.0,2303,2305,-312.0,-555.0,-0.07255813953488377,-0.1290697674418605,3745.0
2023-03-02,M,4266.0,m2303,3941.0,m2305,3736.0,2303,2305,-325.0,-530.0,-0.07618377871542426,-0.12423816221284578,3736.0
2023-03-03,M,4264.0,m2303,3952.0,m2305,3763.0,2303,2305,-312.0,-501.0,-0.07317073170731703,-0.11749530956848031,3763.0
2023-03-06,M,4276.0,m2303,3958.0,m2305,3782.0,2303,2305,-318.0,-494.0,-0.07436856875584663,-0.1155285313376988,3782.0
2023-03-07,M,4278.0,m2303,3972.0,m2305,3806.0,2303,2305,-306.0,-472.0,-0.07152875175315565,-0.11033193080878911,3806.0
2023-03-08,M,4270.0,m2303,3960.0,m2305,3800.0,2303,2305,-310.0,-470.0,-0.07259953161592503,-0.11007025761124123,3800.0
2023-03-09,M,4240.0,m2303,3955.0,m2305,3820.0,2303,2305,-285.0,-420.0,-0.06721698113207553,-0.09905660377358494,3820.0
2023-03-10,M,4234.0,m2303,3937.0,m2305,3799.0,2303,2305,-297.0,-435.0,-0.07014643363249884,-0.10273972602739723,3799.0
2023-03-13,M,4220.0,m2303,3940.0,m2305,3809.0,2303,2305,-280.0,-411.0,-0.06635071090047395,-0.09739336492890993,3809.0
2023-03-14,M,4204.0,m2303,3860.0,m2305,3765.0,2303,2305,-344.0,-439.0,-0.08182683158896287,-0.10442435775451953,3765.0
2023-03-15,M,4194.0,m2305,3768.0,m2305,3768.0,2305,2305,-426.0,-426.0,-0.10157367668097284,-0.10157367668097284,3768.0
2023-03-16,M,4172.0,m2305,3745.0,m2305,3745.0,2305,2305,-427.0,-427.0,-0.1023489932885906,-0.1023489932885906,3745.0
2023-03-17,M,4142.0,m2305,3701.0,m2305,3701.0,2305,2305,-441.0,-441.0,-0.10647030420086911,-0.10647030420086911,3701.0
2023-03-20,M,4032.0,m2305,3599.0,m2305,3599.0,2305,2305,-433.0,-433.0,-0.10739087301587302,-0.10739087301587302,3599.0
2023-03-21,M,3986.0,m2305,3640.0,m2305,3640.0,2305,2305,-346.0,-346.0,-0.0868038133467135,-0.0868038133467135,3640.0
2023-03-22,M,3890.0,m2305,3602.0,m2305,3602.0,2305,2305,-288.0,-288.0,-0.0740359897172237,-0.0740359897172237,3602.0
2023-03-23,M,3868.0,m2305,3544.0,m2305,3544.0,2305,2305,-324.0,-324.0,-0.08376421923474664,-0.08376421923474664,3544.0
2023-03-24,M,3788.0,m2305,3507.0,m2305,3507.0,2305,2305,-281.0,-281.0,-0.07418162618796198,-0.07418162618796198,3507.0
2023-03-27,M,3784.0,m2305,3486.0,m2305,3486.0,2305,2305,-298.0,-298.0,-0.07875264270613103,-0.07875264270613103,3486.0
2023-03-28,M,3800.0,m2305,3523.0,m2305,3523.0,2305,2305,-277.0,-277.0,-0.07289473684210523,-0.07289473684210523,3523.0
2023-03-29,M,3852.0,m2305,3535.0,m2305,3535.0,2305,2305,-317.0,-317.0,-0.08229491173416403,-0.08229491173416403,3535.0
2023-03-30,M,3848.0,m2305,3532.0,m2305,3532.0,2305,2305,-316.0,-316.0,-0.08212058212058215,-0.08212058212058215,3532.0
2023-03-31,M,3844.0,m2305,3511.0,m2305,3511.0,2305,2305,-333.0,-333.0,-0.0866285119667014,-0.0866285119667014,3511.0
2023-04-03,M,4048.0,m2305,3638.0,m2305,3638.0,2305,2305,-410.0,-410.0,-0.10128458498023718,-0.10128458498023718,3638.0
2023-04-04,M,4052.0,m2305,3668.0,m2309,3688.0,2305,2309,-384.0,-364.0,-0.09476801579466931,-0.089832181638697,3668.0
2023-04-06,M,4052.0,m2305,3598.0,m2309,3637.0,2305,2309,-454.0,-415.0,-0.1120434353405726,-0.10241855873642647,3598.0
2023-04-07,M,4142.0,m2305,3562.0,m2309,3607.0,2305,2309,-580.0,-535.0,-0.1400289715113472,-0.12916465475615646,3562.0
2023-04-10,M,4142.0,m2305,3551.0,m2309,3587.0,2305,2309,-591.0,-555.0,-0.14268469338483825,-0.13399323998068569,3551.0
2023-04-11,M,4150.0,m2305,3579.0,m2309,3598.0,2305,2309,-571.0,-552.0,-0.13759036144578318,-0.13301204819277113,3598.0
2023-04-12,M,4154.0,m2305,3563.0,m2309,3556.0,2305,2309,-591.0,-598.0,-0.1422725084256139,-0.14395763119884453,3556.0
2023-04-13,M,4152.0,m2305,3655.0,m2309,3607.0,2305,2309,-497.0,-545.0,-0.11970134874759153,-0.13126204238921002,3607.0
2023-04-14,M,4152.0,m2305,3624.0,m2309,3551.0,2305,2309,-528.0,-601.0,-0.12716763005780352,-0.1447495183044316,3551.0
2023-04-17,M,4398.0,m2305,3676.0,m2309,3563.0,2305,2309,-722.0,-835.0,-0.16416552978626653,-0.18985902683037748,3563.0
2023-04-18,M,4414.0,m2305,3770.0,m2309,3595.0,2305,2309,-644.0,-819.0,-0.14589941096511105,-0.18554599003171723,3595.0
2023-04-19,M,4434.0,m2305,3633.0,m2309,3490.0,2305,2309,-801.0,-944.0,-0.18064952638700948,-0.21290031574199364,3490.0
2023-04-20,M,4412.0,m2305,3619.0,m2309,3445.0,2305,2309,-793.0,-967.0,-0.17973708068902994,-0.21917497733454216,3445.0
2023-04-21,M,4412.0,m2305,3537.0,m2309,3405.0,2305,2309,-875.0,-1007.0,-0.19832275611967365,-0.2282411604714415,3405.0
2023-04-24,M,4356.0,m2305,3595.0,m2309,3431.0,2305,2309,-761.0,-925.0,-0.1747015610651974,-0.2123507805325987,3431.0
2023-04-25,M,4324.0,m2305,3554.0,m2309,3425.0,2305,2309,-770.0,-899.0,-0.17807585568917672,-0.20790934320074006,3425.0
2023-04-26,M,4318.0,m2305,3632.0,m2309,3472.0,2305,2309,-686.0,-846.0,-0.15886984715145902,-0.19592403890690135,3472.0
2023-04-27,M,4324.0,m2305,3606.0,m2309,3450.0,2305,2309,-718.0,-874.0,-0.16604995374653098,-0.2021276595744681,3450.0
2023-04-28,M,4324.0,m2305,3654.0,m2309,3497.0,2305,2309,-670.0,-827.0,-0.15494912118408877,-0.19125809435707675,3497.0
2023-05-04,M,4394.0,m2305,3750.0,m2309,3469.0,2305,2309,-644.0,-925.0,-0.14656349567592175,-0.21051433773327266,3469.0
2023-05-05,M,4414.0,m2305,3747.0,m2309,3518.0,2305,2309,-667.0,-896.0,-0.15111010421386495,-0.202990484821024,3518.0
2023-05-08,M,4420.0,m2305,3815.0,m2309,3544.0,2305,2309,-605.0,-876.0,-0.1368778280542986,-0.19819004524886874,3544.0
2023-05-09,M,4498.0,m2305,3819.0,m2309,3527.0,2305,2309,-679.0,-971.0,-0.1509559804357492,-0.21587372165406848,3527.0
2023-05-10,M,4498.0,m2305,3800.0,m2309,3481.0,2305,2309,-698.0,-1017.0,-0.15518008003557138,-0.22610048910626945,3481.0
2023-05-11,M,4492.0,m2305,3733.0,m2309,3484.0,2305,2309,-759.0,-1008.0,-0.16896705253784505,-0.22439893143365985,3484.0
2023-05-12,M,4492.0,m2305,3850.0,m2309,3537.0,2305,2309,-642.0,-955.0,-0.14292074799643806,-0.21260017809439002,3537.0
2023-05-15,M,4370.0,m2305,3905.0,m2309,3506.0,2305,2309,-465.0,-864.0,-0.10640732265446229,-0.19771167048054916,3506.0
2023-05-16,M,4346.0,m2305,3986.0,m2309,3548.0,2305,2309,-360.0,-798.0,-0.08283479061205712,-0.18361711919005985,3548.0
2023-05-17,M,4334.0,m2305,3984.0,m2309,3475.0,2305,2309,-350.0,-859.0,-0.08075680664513152,-0.19820027688047992,3475.0
2023-05-18,M,4276.0,m2307,3569.0,m2309,3489.0,2307,2309,-707.0,-787.0,-0.16534144059869038,-0.18405051449953225,3489.0
2023-05-19,M,4278.0,m2307,3515.0,m2309,3453.0,2307,2309,-763.0,-825.0,-0.178354371201496,-0.19284712482468447,3453.0
2023-05-22,M,4246.0,m2307,3489.0,m2309,3440.0,2307,2309,-757.0,-806.0,-0.17828544512482336,-0.18982571832312767,3440.0
2023-05-23,M,4116.0,m2307,3536.0,m2309,3488.0,2307,2309,-580.0,-628.0,-0.14091350826044702,-0.152575315840622,3488.0
2023-05-24,M,4086.0,m2307,3493.0,m2309,3446.0,2307,2309,-593.0,-640.0,-0.14512971120900642,-0.15663240332843853,3446.0
2023-05-25,M,4050.0,m2307,3478.0,m2309,3434.0,2307,2309,-572.0,-616.0,-0.14123456790123456,-0.15209876543209877,3434.0
2023-05-26,M,3998.0,m2307,3493.0,m2309,3451.0,2307,2309,-505.0,-547.0,-0.12631315657828912,-0.1368184092046023,3451.0
2023-05-29,M,3948.0,m2307,3455.0,m2309,3424.0,2307,2309,-493.0,-524.0,-0.12487335359675789,-0.13272543059777098,3424.0
2023-05-30,M,3840.0,m2307,3434.0,m2309,3416.0,2307,2309,-406.0,-424.0,-0.10572916666666665,-0.11041666666666672,3416.0
2023-05-31,M,3770.0,m2307,3391.0,m2309,3379.0,2307,2309,-379.0,-391.0,-0.10053050397877983,-0.10371352785145893,3379.0
2023-06-01,M,3770.0,m2307,3455.0,m2309,3444.0,2307,2309,-315.0,-326.0,-0.08355437665782495,-0.08647214854111407,3444.0
2023-06-02,M,3754.0,m2307,3428.0,m2309,3398.0,2307,2309,-326.0,-356.0,-0.08684070324986681,-0.09483217900905705,3398.0
2023-06-05,M,3872.0,m2307,3550.0,m2309,3499.0,2307,2309,-322.0,-373.0,-0.08316115702479343,-0.0963326446280992,3499.0
2023-06-06,M,3872.0,m2307,3561.0,m2309,3505.0,2307,2309,-311.0,-367.0,-0.08032024793388426,-0.09478305785123964,3505.0
2023-06-07,M,3874.0,m2307,3515.0,m2309,3478.0,2307,2309,-359.0,-396.0,-0.0926690758905524,-0.10221992772328348,3478.0
2023-06-08,M,3810.0,m2307,3533.0,m2309,3481.0,2307,2309,-277.0,-329.0,-0.07270341207349085,-0.08635170603674536,3481.0
2023-06-09,M,3798.0,m2307,3565.0,m2309,3494.0,2307,2309,-233.0,-304.0,-0.061348077935755696,-0.08004212743549233,3494.0
2023-06-12,M,3804.0,m2307,3566.0,m2309,3507.0,2307,2309,-238.0,-297.0,-0.06256572029442697,-0.07807570977917977,3507.0
2023-06-13,M,3770.0,m2307,3610.0,m2309,3542.0,2307,2309,-160.0,-228.0,-0.04244031830238726,-0.06047745358090184,3542.0
2023-06-14,M,3798.0,m2307,3611.0,m2309,3538.0,2307,2309,-187.0,-260.0,-0.04923644023170093,-0.0684570826750922,3538.0
2023-06-15,M,3822.0,m2307,3685.0,m2309,3595.0,2307,2309,-137.0,-227.0,-0.035845107273678734,-0.0593929879644165,3595.0
2023-06-16,M,3952.0,m2307,3787.0,m2309,3665.0,2307,2309,-165.0,-287.0,-0.041751012145748945,-0.07262145748987858,3665.0
2023-06-19,M,3964.0,m2307,3852.0,m2309,3705.0,2307,2309,-112.0,-259.0,-0.028254288597376442,-0.06533804238143293,3705.0
2023-06-20,M,4010.0,m2307,3897.0,m2309,3755.0,2307,2309,-113.0,-255.0,-0.0281795511221945,-0.06359102244389025,3755.0
2023-06-21,M,4022.0,m2307,3945.0,m2309,3819.0,2307,2309,-77.0,-203.0,-0.01914470412729985,-0.05047240179015411,3819.0
2023-06-26,M,3972.0,m2307,3879.0,m2309,3787.0,2307,2309,-93.0,-185.0,-0.023413897280966767,-0.046576032225579045,3787.0
2023-06-27,M,3952.0,m2307,3826.0,m2309,3751.0,2307,2309,-126.0,-201.0,-0.03188259109311742,-0.050860323886639636,3751.0
2023-06-28,M,3952.0,m2307,3816.0,m2309,3740.0,2307,2309,-136.0,-212.0,-0.03441295546558709,-0.053643724696356254,3740.0
2023-06-29,M,3948.0,m2307,3800.0,m2309,3736.0,2307,2309,-148.0,-212.0,-0.037487335359675744,-0.05369807497467072,3736.0
2023-06-30,M,3956.0,m2307,3834.0,m2309,3756.0,2307,2309,-122.0,-200.0,-0.030839231547017176,-0.05055611729019216,3756.0
2023-07-03,M,4210.0,m2307,4048.0,m2309,3965.0,2307,2309,-162.0,-245.0,-0.038479809976247004,-0.05819477434679332,3965.0
2023-07-04,M,4206.0,m2307,4145.0,m2309,3977.0,2307,2309,-61.0,-229.0,-0.014503090822634346,-0.05444602948169286,3977.0
2023-07-05,M,4206.0,m2307,4089.0,m2309,3991.0,2307,2309,-117.0,-215.0,-0.02781740370898711,-0.051117451260104585,3991.0
2023-07-06,M,4186.0,m2307,4099.0,m2309,3985.0,2307,2309,-87.0,-201.0,-0.02078356426182515,-0.04801720019111322,3985.0
2023-07-07,M,4182.0,m2307,4058.0,m2309,3967.0,2307,2309,-124.0,-215.0,-0.02965088474414157,-0.0514108082257293,3967.0
2023-07-10,M,4162.0,m2307,4100.0,m2309,3975.0,2307,2309,-62.0,-187.0,-0.014896684286400785,-0.044930321960595876,3975.0
2023-07-11,M,4196.0,m2307,4120.0,m2309,3994.0,2307,2309,-76.0,-202.0,-0.018112488083889433,-0.04814108674928508,3994.0
2023-07-12,M,4266.0,m2307,4190.0,m2309,4051.0,2307,2309,-76.0,-215.0,-0.017815283638068502,-0.05039849976558841,4051.0
2023-07-13,M,4210.0,m2307,4090.0,m2309,4020.0,2307,2309,-120.0,-190.0,-0.028503562945368155,-0.04513064133016631,4020.0
2023-07-14,M,4254.0,m2307,4125.0,m2309,4023.0,2307,2309,-129.0,-231.0,-0.030324400564174847,-0.05430183356840623,4023.0
2023-07-17,M,4268.0,m2308,4185.0,m2309,4064.0,2308,2309,-83.0,-204.0,-0.019447047797563233,-0.04779756326148077,4064.0
2023-07-18,M,4302.0,m2308,4217.0,m2309,4068.0,2308,2309,-85.0,-234.0,-0.019758251975825147,-0.05439330543933052,4068.0
2023-07-19,M,4324.0,m2308,4291.0,m2309,4155.0,2308,2309,-33.0,-169.0,-0.0076318223866790325,-0.039084181313598476,4155.0
2023-07-20,M,4342.0,m2308,4327.0,m2309,4188.0,2308,2309,-15.0,-154.0,-0.00345462920313222,-0.035467526485490564,4188.0
2023-07-21,M,4356.0,m2308,4298.0,m2309,4156.0,2308,2309,-58.0,-200.0,-0.013314967860422411,-0.045913682277318624,4156.0
2023-07-24,M,4344.0,m2308,4320.0,m2309,4164.0,2308,2309,-24.0,-180.0,-0.0055248618784530246,-0.04143646408839774,4164.0
2023-07-25,M,4424.0,m2308,4389.0,m2309,4236.0,2308,2309,-35.0,-188.0,-0.007911392405063333,-0.042495479204339937,4236.0
2023-07-26,M,4422.0,m2308,4389.0,m2309,4270.0,2308,2309,-33.0,-152.0,-0.007462686567164201,-0.03437358661239254,4270.0
2023-07-27,M,4526.0,m2308,4435.0,m2309,4311.0,2308,2309,-91.0,-215.0,-0.020106053910737942,-0.04750331418471054,4311.0
2023-07-28,M,4486.0,m2308,4405.0,m2309,4274.0,2308,2309,-81.0,-212.0,-0.01805617476593846,-0.04725813642443155,4274.0
2023-07-31,M,4398.0,m2308,4386.0,m2309,4253.0,2308,2309,-12.0,-145.0,-0.0027285129604365244,-0.03296953160527516,4253.0
2023-08-01,M,4444.0,m2308,4377.0,m2401,3817.0,2308,2401,-67.0,-627.0,-0.01507650765076507,-0.1410891089108911,4311.0
2023-08-02,M,4476.0,m2308,4393.0,m2401,3820.0,2308,2401,-83.0,-656.0,-0.018543342269883856,-0.1465594280607685,4339.0
2023-08-03,M,4482.0,m2308,4399.0,m2401,3770.0,2308,2401,-83.0,-712.0,-0.01851851851851849,-0.15885765283355646,4322.0
2023-08-04,M,4496.0,m2308,4425.0,m2401,3812.0,2308,2401,-71.0,-684.0,-0.015791814946619187,-0.15213523131672602,4349.0
2023-08-07,M,4586.0,m2308,4431.0,m2401,3770.0,2308,2401,-155.0,-816.0,-0.033798517226341085,-0.177932839075447,4372.0
2023-08-08,M,4588.0,m2308,4431.0,m2401,3756.0,2308,2401,-157.0,-832.0,-0.03421970357454229,-0.1813426329555362,4371.0
2023-08-09,M,4668.0,m2308,4435.0,m2401,3826.0,2308,2401,-233.0,-842.0,-0.04991431019708659,-0.18037703513281922,4426.0
2023-08-10,M,4672.0,m2308,4435.0,m2401,3837.0,2308,2401,-237.0,-835.0,-0.0507277397260274,-0.17872431506849318,4488.0
2023-08-11,M,4682.0,m2308,4606.0,m2401,3859.0,2308,2401,-76.0,-823.0,-0.01623237932507471,-0.17577958137548055,4487.0
2023-08-14,M,4714.0,m2308,4800.0,m2401,3883.0,2308,2401,86.0,-831.0,0.01824352991090361,-0.17628341111582524,3883.0
2023-08-15,M,4724.0,m2309,4553.0,m2401,3914.0,2309,2401,-171.0,-810.0,-0.036198137171888245,-0.17146486028789165,3914.0
2023-08-16,M,4736.0,m2309,4569.0,m2401,3900.0,2309,2401,-167.0,-836.0,-0.03526182432432434,-0.17652027027027029,3900.0
2023-08-17,M,4800.0,m2309,4689.0,m2401,3962.0,2309,2401,-111.0,-838.0,-0.02312499999999995,-0.1745833333333333,3962.0
2023-08-18,M,4846.0,m2309,4761.0,m2401,4010.0,2309,2401,-85.0,-836.0,-0.017540239372678457,-0.1725134131242262,4010.0
2023-08-21,M,5016.0,m2309,4958.0,m2401,4088.0,2309,2401,-58.0,-928.0,-0.011562998405103664,-0.18500797448165873,4088.0
2023-08-22,M,4994.0,m2309,4805.0,m2401,3974.0,2309,2401,-189.0,-1020.0,-0.03784541449739687,-0.20424509411293557,3974.0
2023-08-23,M,4960.0,m2309,4761.0,m2401,3979.0,2309,2401,-199.0,-981.0,-0.04012096774193552,-0.1977822580645161,3979.0
2023-08-24,M,4948.0,m2309,4787.0,m2401,3997.0,2309,2401,-161.0,-951.0,-0.03253839935327407,-0.19219886822958776,3997.0
2023-08-25,M,4972.0,m2309,4871.0,m2401,4075.0,2309,2401,-101.0,-897.0,-0.020313757039420732,-0.18041029766693484,4075.0
2023-08-28,M,5062.0,m2309,4922.0,m2401,4121.0,2309,2401,-140.0,-941.0,-0.027657052548399896,-0.1858949032003161,4120.0
2023-08-29,M,5054.0,m2309,4933.0,m2401,4144.0,2309,2401,-121.0,-910.0,-0.023941432528690187,-0.1800554016620498,4144.0
2023-08-30,M,5028.0,m2309,4916.0,m2401,4136.0,2309,2401,-112.0,-892.0,-0.022275258552108212,-0.177406523468576,4136.0
2023-08-31,M,5026.0,m2309,4930.0,m2401,4137.0,2309,2401,-96.0,-889.0,-0.019100676482292078,-0.17688022284122562,4137.0
2023-09-01,M,5012.0,m2309,4922.0,m2401,4105.0,2309,2401,-90.0,-907.0,-0.017956903431763815,-0.18096568236233046,4105.0
2023-09-04,M,4934.0,m2309,4840.0,m2401,4032.0,2309,2401,-94.0,-902.0,-0.019051479529793247,-0.18281313336035676,4032.0
2023-09-05,M,4926.0,m2309,4904.0,m2401,4086.0,2309,2401,-22.0,-840.0,-0.004466098254161555,-0.17052375152253352,4086.0
2023-09-06,M,4952.0,m2309,4910.0,m2401,4135.0,2309,2401,-42.0,-817.0,-0.008481421647819065,-0.16498384491114704,4135.0
2023-09-07,M,4932.0,m2309,4850.0,m2401,4137.0,2309,2401,-82.0,-795.0,-0.016626115166261113,-0.1611922141119222,4137.0
2023-09-08,M,4870.0,m2309,4800.0,m2401,4062.0,2309,2401,-70.0,-808.0,-0.014373716632443578,-0.16591375770020533,4062.0
2023-09-11,M,4868.0,m2309,4643.0,m2401,4103.0,2309,2401,-225.0,-765.0,-0.04622021364009865,-0.15714872637633526,4103.0
2023-09-12,M,4868.0,m2309,4658.0,m2401,4057.0,2309,2401,-210.0,-811.0,-0.04313886606409201,-0.16659819227608874,4057.0
2023-09-13,M,4790.0,m2309,4600.0,m2401,3995.0,2309,2401,-190.0,-795.0,-0.039665970772442605,-0.16597077244258873,3995.0
2023-09-14,M,4796.0,m2309,4610.0,m2401,3979.0,2309,2401,-186.0,-817.0,-0.03878231859883241,-0.1703502919099249,3979.0
2023-09-15,M,4818.0,m2311,4516.0,m2401,4062.0,2311,2401,-302.0,-756.0,-0.0626816106268161,-0.15691158156911578,4062.0
2023-09-18,M,4794.0,m2311,4497.0,m2401,4029.0,2311,2401,-297.0,-765.0,-0.06195244055068838,-0.15957446808510634,4029.0
2023-09-19,M,4732.0,m2311,4395.0,m2401,3941.0,2311,2401,-337.0,-791.0,-0.07121724429416743,-0.1671597633136095,3941.0
2023-09-20,M,4704.0,m2311,4421.0,m2401,3988.0,2311,2401,-283.0,-716.0,-0.06016156462585032,-0.15221088435374153,3988.0
2023-09-21,M,4662.0,m2311,4351.0,m2401,3949.0,2311,2401,-311.0,-713.0,-0.06670956670956674,-0.15293865293865294,3949.0
2023-09-22,M,4608.0,m2311,4357.0,m2401,3962.0,2311,2401,-251.0,-646.0,-0.05447048611111116,-0.1401909722222222,3962.0
2023-09-25,M,4572.0,m2311,4353.0,m2401,3941.0,2311,2401,-219.0,-631.0,-0.04790026246719159,-0.13801399825021876,3941.0
2023-09-26,M,4594.0,m2311,4365.0,m2401,3974.0,2311,2401,-229.0,-620.0,-0.04984762734000869,-0.1349586417065738,3974.0
2023-09-27,M,4606.0,m2311,4388.0,m2401,4006.0,2311,2401,-218.0,-600.0,-0.04732957012592276,-0.13026487190620928,4006.0
2023-09-28,M,4600.0,m2311,4373.0,m2401,3996.0,2311,2401,-227.0,-604.0,-0.04934782608695654,-0.1313043478260869,3996.0
2023-10-09,M,4502.0,m2311,4129.0,m2401,3867.0,2311,2401,-373.0,-635.0,-0.08285206574855619,-0.14104842292314523,3867.0
2023-10-10,M,4402.0,m2311,4030.0,m2401,3795.0,2311,2401,-372.0,-607.0,-0.08450704225352113,-0.1378918673330305,3795.0
2023-10-11,M,4350.0,m2311,4004.0,m2401,3787.0,2311,2401,-346.0,-563.0,-0.07954022988505749,-0.12942528735632186,3787.0
2023-10-12,M,4264.0,m2311,4066.0,m2401,3815.0,2311,2401,-198.0,-449.0,-0.046435272045028175,-0.10530018761726079,3815.0
2023-10-13,M,4318.0,m2311,4078.0,m2401,3873.0,2311,2401,-240.0,-445.0,-0.0555812876331635,-0.10305697081982401,3873.0
2023-10-16,M,4346.0,m2311,4097.0,m2401,3885.0,2311,2401,-249.0,-461.0,-0.057294063506672765,-0.10607455131155086,3885.0
2023-10-17,M,4340.0,m2311,4128.0,m2401,3884.0,2311,2401,-212.0,-456.0,-0.04884792626728107,-0.1050691244239631,3884.0
2023-10-18,M,4394.0,m2311,4156.0,m2401,3893.0,2311,2401,-238.0,-501.0,-0.05416477014110155,-0.11401911697769684,3893.0
2023-10-19,M,4368.0,m2311,4148.0,m2401,3911.0,2311,2401,-220.0,-457.0,-0.05036630036630041,-0.10462454212454209,3911.0
2023-10-20,M,4362.0,m2311,4124.0,m2401,3913.0,2311,2401,-238.0,-449.0,-0.05456212746446587,-0.1029344337459881,3913.0
2023-10-23,M,4320.0,m2311,4094.0,m2401,3886.0,2311,2401,-226.0,-434.0,-0.052314814814814814,-0.10046296296296298,3886.0
2023-10-24,M,4250.0,m2311,3978.0,m2401,3859.0,2311,2401,-272.0,-391.0,-0.06399999999999995,-0.09199999999999997,3859.0
2023-10-25,M,4276.0,m2311,4027.0,m2401,3895.0,2311,2401,-249.0,-381.0,-0.05823199251637046,-0.08910196445275964,3895.0
2023-10-26,M,4232.0,m2311,4046.0,m2401,3908.0,2311,2401,-186.0,-324.0,-0.04395085066162574,-0.07655954631379958,3908.0
2023-10-27,M,4232.0,m2311,4080.0,m2401,3929.0,2311,2401,-152.0,-303.0,-0.03591682419659736,-0.07159735349716445,3929.0
2023-10-30,M,4286.0,m2311,4125.0,m2401,3992.0,2311,2401,-161.0,-294.0,-0.03756416238917404,-0.0685954269715352,3992.0
2023-10-31,M,4230.0,m2311,4001.0,m2401,3916.0,2311,2401,-229.0,-314.0,-0.05413711583924352,-0.07423167848699763,3916.0
2023-11-01,M,4230.0,m2311,4055.0,m2401,3957.0,2311,2401,-175.0,-273.0,-0.04137115839243499,-0.06453900709219862,3957.0
2023-11-02,M,4266.0,m2311,4150.0,m2401,3997.0,2311,2401,-116.0,-269.0,-0.02719174871073604,-0.06305672761368963,3997.0
2023-11-03,M,4270.0,m2311,4119.0,m2401,4039.0,2311,2401,-151.0,-231.0,-0.0353629976580796,-0.0540983606557377,4039.0
2023-11-06,M,4330.0,m2311,4185.0,m2401,4118.0,2311,2401,-145.0,-212.0,-0.03348729792147809,-0.04896073903002307,4118.0
2023-11-07,M,4352.0,m2311,4203.0,m2401,4100.0,2311,2401,-149.0,-252.0,-0.034237132352941124,-0.05790441176470584,4100.0
2023-11-08,M,4350.0,m2311,4330.0,m2401,4129.0,2311,2401,-20.0,-221.0,-0.0045977011494252595,-0.05080459770114942,4129.0
2023-11-09,M,4310.0,m2311,4340.0,m2401,4119.0,2311,2401,30.0,-191.0,0.006960556844547661,-0.04431554524361947,4119.0
2023-11-10,M,4220.0,m2311,4340.0,m2401,4028.0,2311,2401,120.0,-192.0,0.028436018957346043,-0.04549763033175358,4028.0
2023-11-13,M,4222.0,m2311,4340.0,m2401,4058.0,2311,2401,118.0,-164.0,0.027948839412600623,-0.03884414969208905,4058.0
2023-11-14,M,4258.0,m2311,4139.0,m2401,4094.0,2311,2401,-119.0,-164.0,-0.02794739314232031,-0.03851573508689521,4094.0
2023-11-15,M,4248.0,m2312,4162.0,m2401,4138.0,2312,2401,-86.0,-110.0,-0.020244821092278764,-0.025894538606403006,4138.0
2023-11-16,M,4236.0,m2312,4153.0,m2401,4126.0,2312,2401,-83.0,-110.0,-0.019593956562795056,-0.02596789423984891,4126.0
2023-11-17,M,4166.0,m2312,4042.0,m2401,4036.0,2312,2401,-124.0,-130.0,-0.029764762361977892,-0.031204992798847808,4036.0
2023-11-20,M,4176.0,m2312,4000.0,m2401,3987.0,2312,2401,-176.0,-189.0,-0.04214559386973182,-0.04525862068965514,3987.0
2023-11-21,M,4178.0,m2312,4044.0,m2401,4029.0,2312,2401,-134.0,-149.0,-0.03207276208712306,-0.03566299664911443,4029.0
2023-11-22,M,4164.0,m2312,4010.0,m2401,3997.0,2312,2401,-154.0,-167.0,-0.03698366954851107,-0.040105667627281405,3997.0
2023-11-23,M,4114.0,m2312,3967.0,m2401,3956.0,2312,2401,-147.0,-158.0,-0.03573164803111328,-0.038405444822557144,3956.0
2023-11-24,M,4104.0,m2312,3995.0,m2401,3969.0,2312,2401,-109.0,-135.0,-0.026559454191033116,-0.03289473684210531,3969.0
2023-11-27,M,4032.0,m2312,3919.0,m2401,3902.0,2312,2401,-113.0,-130.0,-0.028025793650793607,-0.03224206349206349,3902.0
2023-11-28,M,4016.0,m2312,3915.0,m2401,3899.0,2312,2401,-101.0,-117.0,-0.02514940239043828,-0.029133466135458197,3899.0
2023-11-29,M,4002.0,m2312,3903.0,m2401,3884.0,2312,2401,-99.0,-118.0,-0.02473763118440775,-0.029485257371314355,3884.0
2023-11-30,M,3992.0,m2312,3902.0,m2405,3439.0,2312,2405,-90.0,-553.0,-0.02254509018036077,-0.13852705410821642,3885.0
2023-12-01,M,3942.0,m2312,3856.0,m2405,3380.0,2312,2405,-86.0,-562.0,-0.02181633688483009,-0.14256722475900563,3860.0
2023-12-04,M,3942.0,m2312,3904.0,m2405,3366.0,2312,2405,-38.0,-576.0,-0.00963977676306449,-0.1461187214611872,3886.0
2023-12-05,M,3940.0,m2312,3894.0,m2405,3368.0,2312,2405,-46.0,-572.0,-0.011675126903553323,-0.14517766497461926,3905.0
2023-12-06,M,3958.0,m2312,3894.0,m2405,3395.0,2312,2405,-64.0,-563.0,-0.016169782718544745,-0.14224355735219807,3927.0
2023-12-07,M,3976.0,m2312,3937.0,m2405,3389.0,2312,2405,-39.0,-587.0,-0.009808853118712269,-0.14763581488933597,3943.0
2023-12-08,M,4015.0,m2312,3931.0,m2405,3418.0,2312,2405,-84.0,-597.0,-0.020921544209215437,-0.14869240348692403,3978.0
2023-12-11,M,4032.0,m2312,3951.0,m2405,3418.0,2312,2405,-81.0,-614.0,-0.0200892857142857,-0.15228174603174605,3418.0
2023-12-12,M,4058.0,m2312,3987.0,m2405,3479.0,2312,2405,-71.0,-579.0,-0.017496303597831497,-0.1426811237062593,3479.0
2023-12-13,M,4028.0,m2312,3945.0,m2405,3463.0,2312,2405,-83.0,-565.0,-0.020605759682224445,-0.14026812313803372,3463.0
2023-12-14,M,3982.0,m2312,3873.0,m2405,3409.0,2312,2405,-109.0,-573.0,-0.02737317930688099,-0.14389753892516322,3409.0
2023-12-15,M,3982.0,m2401,3916.0,m2405,3404.0,2401,2405,-66.0,-578.0,-0.016574585635359074,-0.14515318935208443,3404.0
2023-12-18,M,3942.0,m2401,3899.0,m2405,3376.0,2401,2405,-43.0,-566.0,-0.010908168442415045,-0.1435819381024861,3376.0
2023-12-19,M,3956.0,m2401,3902.0,m2405,3380.0,2401,2405,-54.0,-576.0,-0.013650151668351818,-0.1456016177957533,3380.0
2023-12-20,M,3956.0,m2401,3871.0,m2405,3355.0,2401,2405,-85.0,-601.0,-0.021486349848331643,-0.15192113245702732,3355.0
2023-12-21,M,3904.0,m2401,3903.0,m2405,3355.0,2401,2405,-1.0,-549.0,-0.0002561475409835756,-0.140625,3355.0
2023-12-22,M,3912.0,m2401,3879.0,m2405,3322.0,2401,2405,-33.0,-590.0,-0.008435582822085896,-0.15081799591002043,3322.0
2023-12-25,M,3936.0,m2401,3896.0,m2405,3344.0,2401,2405,-40.0,-592.0,-0.010162601626016232,-0.15040650406504064,3344.0
2023-12-26,M,3956.0,m2401,3897.0,m2405,3338.0,2401,2405,-59.0,-618.0,-0.014914054600606685,-0.1562184024266936,3338.0
2023-12-27,M,3964.0,m2401,3936.0,m2405,3364.0,2401,2405,-28.0,-600.0,-0.007063572149344055,-0.15136226034308775,3364.0
2023-12-28,M,3992.0,m2401,3933.0,m2405,3360.0,2401,2405,-59.0,-632.0,-0.014779559118236474,-0.1583166332665331,3360.0
2023-12-29,M,3962.0,m2401,3821.0,m2405,3313.0,2401,2405,-141.0,-649.0,-0.03558808682483594,-0.16380615850580516,3313.0
2024-01-02,M,3902.0,m2401,3770.0,m2405,3248.0,2401,2405,-132.0,-654.0,-0.03382880574064584,-0.16760635571501792,3248.0
2024-01-03,M,3884.0,m2401,3777.0,m2405,3245.0,2401,2405,-107.0,-639.0,-0.027548918640576736,-0.16452111225540678,3245.0
2024-01-04,M,3904.0,m2401,3792.0,m2405,3259.0,2401,2405,-112.0,-645.0,-0.02868852459016391,-0.16521516393442626,3259.0
2024-01-05,M,3848.0,m2401,3752.0,m2405,3205.0,2401,2405,-96.0,-643.0,-0.02494802494802495,-0.1670997920997921,3205.0
2024-01-08,M,3800.0,m2401,3650.0,m2405,3157.0,2401,2405,-150.0,-643.0,-0.03947368421052633,-0.16921052631578948,3157.0
2024-01-09,M,3764.0,m2401,3677.0,m2405,3162.0,2401,2405,-87.0,-602.0,-0.023113708820403867,-0.15993623804463342,3162.0
2024-01-10,M,3734.0,m2401,3655.0,m2405,3144.0,2401,2405,-79.0,-590.0,-0.02115693626138193,-0.15800749866095343,3144.0
2024-01-11,M,3666.0,m2401,3634.0,m2405,3135.0,2401,2405,-32.0,-531.0,-0.008728859792689558,-0.14484451718494273,3135.0
2024-01-12,M,3644.0,m2401,3634.0,m2405,3078.0,2401,2405,-10.0,-566.0,-0.0027442371020856005,-0.15532381997804612,3078.0
2024-01-15,M,3592.0,m2401,3771.0,m2405,3072.0,2401,2405,179.0,-520.0,0.049832962138084635,-0.14476614699331847,3072.0
2024-01-16,M,3564.0,m2403,3321.0,m2405,3083.0,2403,2405,-243.0,-481.0,-0.06818181818181823,-0.13496071829405165,3083.0
2024-01-17,M,3546.0,m2403,3269.0,m2405,3054.0,2403,2405,-277.0,-492.0,-0.0781161872532431,-0.1387478849407784,3054.0
2024-01-18,M,3504.0,m2403,3180.0,m2405,3028.0,2403,2405,-324.0,-476.0,-0.09246575342465757,-0.13584474885844744,3028.0
2024-01-19,M,3500.0,m2403,3177.0,m2405,3037.0,2403,2405,-323.0,-463.0,-0.0922857142857143,-0.13228571428571434,3037.0
2024-01-22,M,3510.0,m2403,3200.0,m2405,3039.0,2403,2405,-310.0,-471.0,-0.0883190883190883,-0.13418803418803416,3039.0
2024-01-23,M,3510.0,m2403,3217.0,m2405,3047.0,2403,2405,-293.0,-463.0,-0.08347578347578344,-0.13190883190883196,3047.0
2024-01-24,M,3512.0,m2403,3250.0,m2405,3072.0,2403,2405,-262.0,-440.0,-0.07460136674259676,-0.12528473804100226,3072.0
2024-01-25,M,3520.0,m2403,3201.0,m2405,3050.0,2403,2405,-319.0,-470.0,-0.09062499999999996,-0.1335227272727273,3050.0
2024-01-26,M,3520.0,m2403,3121.0,m2405,3007.0,2403,2405,-399.0,-513.0,-0.11335227272727277,-0.14573863636363638,3007.0
2024-01-29,M,3520.0,m2403,3044.0,m2405,2952.0,2403,2405,-476.0,-568.0,-0.13522727272727275,-0.16136363636363638,2952.0
2024-01-30,M,3424.0,m2403,3064.0,m2405,2944.0,2403,2405,-360.0,-480.0,-0.10514018691588789,-0.14018691588785048,2944.0
2024-01-31,M,3424.0,m2403,3118.0,m2405,2994.0,2403,2405,-306.0,-430.0,-0.08936915887850472,-0.1255841121495327,2994.0
2024-02-01,M,3456.0,m2403,3150.0,m2405,3033.0,2403,2405,-306.0,-423.0,-0.08854166666666663,-0.12239583333333337,3033.0
2024-02-02,M,3434.0,m2403,3120.0,m2405,2997.0,2403,2405,-314.0,-437.0,-0.09143855562026793,-0.12725684333139198,2997.0
2024-02-05,M,3414.0,m2403,3135.0,m2405,2993.0,2403,2405,-279.0,-421.0,-0.08172231985940248,-0.1233157586408905,2993.0
2024-02-06,M,3414.0,m2403,3150.0,m2405,3002.0,2403,2405,-264.0,-412.0,-0.0773286467486819,-0.12067955477445813,3002.0
2024-02-07,M,3414.0,m2403,3121.0,m2405,2982.0,2403,2405,-293.0,-432.0,-0.08582308142940831,-0.12653778558875217,2982.0
2024-02-08,M,3414.0,m2403,3145.0,m2405,3007.0,2403,2405,-269.0,-407.0,-0.07879320445225546,-0.11921499707088457,3007.0
2024-02-19,M,3462.0,m2403,3182.0,m2405,3042.0,2403,2405,-280.0,-420.0,-0.0808781051415367,-0.121317157712305,3042.0
2024-02-20,M,3468.0,m2403,3152.0,m2405,3026.0,2403,2405,-316.0,-442.0,-0.091118800461361,-0.12745098039215685,3026.0
2024-02-21,M,3412.0,m2403,3125.0,m2405,3001.0,2403,2405,-287.0,-411.0,-0.08411488862837047,-0.12045720984759667,3001.0
2024-02-22,M,3380.0,m2403,3107.0,m2405,2989.0,2403,2405,-273.0,-391.0,-0.08076923076923082,-0.11568047337278109,2989.0
2024-02-23,M,3352.0,m2403,3092.0,m2405,2996.0,2403,2405,-260.0,-356.0,-0.07756563245823389,-0.10620525059665875,2996.0
2024-02-26,M,3324.0,m2403,3061.0,m2405,2989.0,2403,2405,-263.0,-335.0,-0.0791215403128761,-0.10078219013237066,2989.0
2024-02-27,M,3326.0,m2403,3086.0,m2405,3031.0,2403,2405,-240.0,-295.0,-0.07215874924834631,-0.08869512928442569,3031.0
2024-02-28,M,3308.0,m2403,3088.0,m2405,3020.0,2403,2405,-220.0,-288.0,-0.0665054413542926,-0.08706166868198306,3020.0
2024-02-29,M,3296.0,m2403,3058.0,m2405,3021.0,2403,2405,-238.0,-275.0,-0.07220873786407767,-0.08343446601941751,3021.0
2024-03-01,M,3292.0,m2403,3110.0,m2405,3086.0,2403,2405,-182.0,-206.0,-0.05528554070473879,-0.06257594167679226,3086.0
2024-03-04,M,3348.0,m2403,3149.0,m2405,3141.0,2403,2405,-199.0,-207.0,-0.05943847072879327,-0.06182795698924726,3141.0
2024-03-05,M,3372.0,m2403,3194.0,m2405,3135.0,2403,2405,-178.0,-237.0,-0.0527876631079478,-0.07028469750889677,3135.0
2024-03-06,M,3334.0,m2403,3185.0,m2405,3127.0,2403,2405,-149.0,-207.0,-0.04469106178764248,-0.06208758248350332,3127.0
2024-03-07,M,3322.0,m2403,3185.0,m2405,3145.0,2403,2405,-137.0,-177.0,-0.04124021673690548,-0.05328115593016258,3145.0
2024-03-08,M,3324.0,m2403,3280.0,m2405,3234.0,2403,2405,-44.0,-90.0,-0.013237063778580027,-0.027075812274368283,3234.0
2024-03-11,M,3504.0,m2403,3320.0,m2405,3214.0,2403,2405,-184.0,-290.0,-0.05251141552511418,-0.08276255707762559,3214.0
2024-03-12,M,3492.0,m2403,3280.0,m2405,3224.0,2403,2405,-212.0,-268.0,-0.060710194730813294,-0.07674684994272618,3224.0
2024-03-13,M,3454.0,m2403,3320.0,m2405,3218.0,2403,2405,-134.0,-236.0,-0.038795599305153416,-0.06832657788071805,3218.0
2024-03-14,M,3456.0,m2403,3145.0,m2405,3266.0,2403,2405,-311.0,-190.0,-0.08998842592592593,-0.05497685185185186,3266.0
2024-03-15,M,3500.0,m2405,3292.0,m2405,3292.0,2405,2405,-208.0,-208.0,-0.059428571428571386,-0.059428571428571386,3292.0
2024-03-18,M,3558.0,m2405,3266.0,m2405,3266.0,2405,2405,-292.0,-292.0,-0.08206857785272625,-0.08206857785272625,3266.0
2024-03-19,M,3554.0,m2405,3287.0,m2405,3287.0,2405,2405,-267.0,-267.0,-0.07512661789532926,-0.07512661789532926,3287.0
2024-03-20,M,3586.0,m2405,3324.0,m2405,3324.0,2405,2405,-262.0,-262.0,-0.07306190741773566,-0.07306190741773566,3324.0
2024-03-21,M,3690.0,m2405,3385.0,m2405,3385.0,2405,2405,-305.0,-305.0,-0.08265582655826553,-0.08265582655826553,3385.0
2024-03-22,M,3670.0,m2405,3316.0,m2405,3316.0,2405,2405,-354.0,-354.0,-0.09645776566757491,-0.09645776566757491,3316.0
2024-03-25,M,3568.0,m2405,3249.0,m2405,3249.0,2405,2405,-319.0,-319.0,-0.08940582959641252,-0.08940582959641252,3249.0
2024-03-26,M,3584.0,m2405,3258.0,m2405,3258.0,2405,2405,-326.0,-326.0,-0.0909598214285714,-0.0909598214285714,3258.0
2024-03-27,M,3542.0,m2405,3261.0,m2409,3311.0,2405,2409,-281.0,-231.0,-0.07933370976849241,-0.06521739130434778,3261.0
2024-03-28,M,3492.0,m2405,3224.0,m2409,3283.0,2405,2409,-268.0,-209.0,-0.07674684994272618,-0.059851088201603675,3224.0
2024-03-29,M,3486.0,m2405,3257.0,m2409,3321.0,2405,2409,-229.0,-165.0,-0.06569133677567407,-0.047332185886402756,3257.0
2024-04-01,M,3488.0,m2405,3286.0,m2409,3351.0,2405,2409,-202.0,-137.0,-0.057912844036697275,-0.039277522935779796,3286.0
2024-04-02,M,3456.0,m2405,3232.0,m2409,3317.0,2405,2409,-224.0,-139.0,-0.06481481481481477,-0.04021990740740744,3317.0
2024-04-03,M,3404.0,m2405,3211.0,m2409,3293.0,2405,2409,-193.0,-111.0,-0.0566980023501763,-0.03260869565217395,3293.0
2024-04-08,M,3408.0,m2405,3244.0,m2409,3323.0,2405,2409,-164.0,-85.0,-0.0481220657276995,-0.024941314553990623,3323.0
2024-04-09,M,3408.0,m2405,3235.0,m2409,3335.0,2405,2409,-173.0,-73.0,-0.05076291079812212,-0.021420187793427248,3335.0
2024-04-10,M,3362.0,m2405,3221.0,m2409,3321.0,2405,2409,-141.0,-41.0,-0.04193932183224269,-0.012195121951219523,3321.0
2024-04-11,M,3304.0,m2405,3199.0,m2409,3287.0,2405,2409,-105.0,-17.0,-0.03177966101694918,-0.0051452784503631666,3287.0
2024-04-12,M,3290.0,m2405,3231.0,m2409,3325.0,2405,2409,-59.0,35.0,-0.017933130699088196,0.010638297872340496,3325.0
2024-04-15,M,3368.0,m2405,3261.0,m2409,3357.0,2405,2409,-107.0,-11.0,-0.03176959619952491,-0.0032660332541567527,3357.0
2024-04-16,M,3394.0,m2405,3297.0,m2409,3385.0,2405,2409,-97.0,-9.0,-0.02857984678845016,-0.0026517383618149815,3385.0
2024-04-17,M,3330.0,m2405,3203.0,m2409,3287.0,2405,2409,-127.0,-43.0,-0.038138138138138156,-0.012912912912912966,3287.0
2024-04-18,M,3334.0,m2405,3240.0,m2409,3322.0,2405,2409,-94.0,-12.0,-0.028194361127774403,-0.003599280143971151,3322.0
2024-04-19,M,3376.0,m2405,3263.0,m2409,3353.0,2405,2409,-113.0,-23.0,-0.033471563981042673,-0.006812796208530814,3353.0
2024-04-22,M,3366.0,m2405,3245.0,m2409,3338.0,2405,2409,-121.0,-28.0,-0.03594771241830064,-0.008318478906714222,3338.0
2024-04-23,M,3382.0,m2405,3258.0,m2409,3363.0,2405,2409,-124.0,-19.0,-0.03666469544648132,-0.005617977528089901,3363.0
2024-04-24,M,3374.0,m2405,3277.0,m2409,3397.0,2405,2409,-97.0,23.0,-0.02874925903971548,0.006816834617664469,3397.0
2024-04-25,M,3342.0,m2405,3259.0,m2409,3377.0,2405,2409,-83.0,35.0,-0.02483542788749249,0.010472770795930675,3377.0
2024-04-26,M,3344.0,m2405,3266.0,m2409,3386.0,2405,2409,-78.0,42.0,-0.023325358851674638,0.012559808612440104,3386.0
2024-04-29,M,3326.0,m2405,3260.0,m2409,3375.0,2405,2409,-66.0,49.0,-0.0198436560432953,0.014732411304870796,3375.0
2024-04-30,M,3340.0,m2405,3293.0,m2409,3399.0,2405,2409,-47.0,59.0,-0.014071856287425133,0.017664670658682713,3399.0
2024-05-06,M,3440.0,m2405,3374.0,m2409,3475.0,2405,2409,-66.0,35.0,-0.01918604651162792,0.01017441860465107,3475.0
2024-05-07,M,3486.0,m2405,3471.0,m2409,3591.0,2405,2409,-15.0,105.0,-0.004302925989672968,0.030120481927710774,3591.0
2024-05-08,M,3476.0,m2405,3481.0,m2409,3594.0,2405,2409,5.0,118.0,0.0014384349827387677,0.03394706559263527,3594.0
2024-05-09,M,3472.0,m2405,3508.0,m2409,3571.0,2405,2409,36.0,99.0,0.010368663594469973,0.028513824884792704,3571.0
2024-05-10,M,3448.0,m2405,3411.0,m2409,3523.0,2405,2409,-37.0,75.0,-0.010730858468677495,0.021751740139211106,3523.0
2024-05-13,M,3488.0,m2405,3464.0,m2409,3559.0,2405,2409,-24.0,71.0,-0.006880733944954143,0.02035550458715596,3559.0
2024-05-14,M,3486.0,m2405,3450.0,m2409,3536.0,2405,2409,-36.0,50.0,-0.0103270223752151,0.014343086632243152,3536.0
2024-05-15,M,3468.0,m2405,3450.0,m2409,3565.0,2405,2409,-18.0,97.0,-0.00519031141868509,0.02797001153402534,3565.0
2024-05-16,M,3476.0,m2405,3455.0,m2409,3550.0,2405,2409,-21.0,74.0,-0.006041426927502869,0.02128883774453394,3550.0
2024-05-17,M,3476.0,m2405,3508.0,m2409,3592.0,2405,2409,32.0,116.0,0.009205983889528202,0.03337169159953968,3592.0
2024-05-20,M,3498.0,m2407,3491.0,m2409,3583.0,2407,2409,-7.0,85.0,-0.002001143510577452,0.02429959977129781,3583.0
2024-05-21,M,3496.0,m2407,3486.0,m2409,3580.0,2407,2409,-10.0,84.0,-0.0028604118993135197,0.024027459954233388,3580.0
2024-05-22,M,3498.0,m2407,3519.0,m2409,3622.0,2407,2409,21.0,124.0,0.006003430531732468,0.03544882790165804,3622.0
2024-05-23,M,3518.0,m2407,3517.0,m2409,3622.0,2407,2409,-1.0,104.0,-0.0002842524161454918,0.02956225127913581,3622.0
2024-05-24,M,3518.0,m2407,3474.0,m2409,3589.0,2407,2409,-44.0,71.0,-0.012507106310403637,0.020181921546333248,3589.0
2024-05-27,M,3500.0,m2407,3469.0,m2409,3588.0,2407,2409,-31.0,88.0,-0.008857142857142897,0.025142857142857133,3588.0
2024-05-28,M,3502.0,m2407,3439.0,m2409,3560.0,2407,2409,-63.0,58.0,-0.01798972015990863,0.016561964591661926,3560.0
2024-05-29,M,3438.0,m2407,3395.0,m2409,3509.0,2407,2409,-43.0,71.0,-0.012507271669575326,0.020651541593949885,3509.0
2024-05-30,M,3430.0,m2407,3369.0,m2409,3481.0,2407,2409,-61.0,51.0,-0.017784256559766787,0.014868804664722957,3481.0
2024-05-31,M,3430.0,m2407,3388.0,m2409,3495.0,2407,2409,-42.0,65.0,-0.01224489795918371,0.01895043731778423,3495.0
2024-06-03,M,3422.0,m2407,3348.0,m2409,3447.0,2407,2409,-74.0,25.0,-0.02162478082992403,0.007305669199298759,3447.0
2024-06-04,M,3404.0,m2407,3358.0,m2409,3466.0,2407,2409,-46.0,62.0,-0.013513513513513487,0.018213866039952897,3466.0
2024-06-05,M,3428.0,m2407,3374.0,m2409,3487.0,2407,2409,-54.0,59.0,-0.015752625437572942,0.017211201866977888,3487.0
2024-06-06,M,3434.0,m2407,3384.0,m2409,3502.0,2407,2409,-50.0,68.0,-0.014560279557367495,0.01980198019801982,3502.0
2024-06-07,M,3458.0,m2407,3378.0,m2409,3494.0,2407,2409,-80.0,36.0,-0.023134759976865205,0.010410641989589298,3494.0
2024-06-11,M,3428.0,m2407,3353.0,m2409,3477.0,2407,2409,-75.0,49.0,-0.021878646441073513,0.014294049008167997,3477.0
2024-06-12,M,3406.0,m2407,3357.0,m2409,3485.0,2407,2409,-49.0,79.0,-0.014386376981796789,0.023194362889019438,3485.0
2024-06-13,M,3402.0,m2407,3269.0,m2409,3417.0,2407,2409,-133.0,15.0,-0.039094650205761305,0.0044091710758378255,3417.0
2024-06-14,M,3382.0,m2407,3304.0,m2409,3457.0,2407,2409,-78.0,75.0,-0.02306327616794801,0.022176227084565348,3457.0
2024-06-17,M,3350.0,m2407,3237.0,m2409,3399.0,2407,2409,-113.0,49.0,-0.03373134328358207,0.014626865671641731,3399.0
2024-06-18,M,3302.0,m2407,3191.0,m2409,3362.0,2407,2409,-111.0,60.0,-0.03361599030890372,0.018170805572380377,3362.0
2024-06-19,M,3296.0,m2407,3194.0,m2409,3374.0,2407,2409,-102.0,78.0,-0.030946601941747587,0.023665048543689338,3374.0
2024-06-20,M,3290.0,m2407,3192.0,m2409,3379.0,2407,2409,-98.0,89.0,-0.029787234042553234,0.027051671732522875,3379.0
2024-06-21,M,3270.0,m2407,3154.0,m2409,3334.0,2407,2409,-116.0,64.0,-0.03547400611620799,0.01957186544342515,3334.0
2024-06-24,M,3302.0,m2407,3150.0,m2409,3347.0,2407,2409,-152.0,45.0,-0.0460327074500303,0.013628104179285172,3347.0
2024-06-25,M,3298.0,m2407,3163.0,m2409,3358.0,2407,2409,-135.0,60.0,-0.040933899332929014,0.0181928441479684,3358.0
2024-06-26,M,3298.0,m2407,3159.0,m2409,3360.0,2407,2409,-139.0,62.0,-0.04214675560946024,0.018799272286234014,3360.0
2024-06-27,M,3290.0,m2407,3163.0,m2409,3363.0,2407,2409,-127.0,73.0,-0.03860182370820664,0.02218844984802426,3363.0
2024-06-28,M,3320.0,m2407,3183.0,m2409,3374.0,2407,2409,-137.0,54.0,-0.04126506024096388,0.016265060240963747,3374.0
2024-07-01,M,3302.0,m2407,3177.0,m2409,3366.0,2407,2409,-125.0,64.0,-0.03785584494245908,0.019382192610539084,3366.0
2024-07-02,M,3312.0,m2407,3201.0,m2409,3393.0,2407,2409,-111.0,81.0,-0.03351449275362317,0.024456521739130377,3393.0
2024-07-03,M,3318.0,m2407,3183.0,m2409,3381.0,2407,2409,-135.0,63.0,-0.04068716094032554,0.018987341772152,3381.0
2024-07-04,M,3310.0,m2407,3111.0,m2409,3307.0,2407,2409,-199.0,-3.0,-0.06012084592145017,-0.0009063444108761143,3307.0
2024-07-05,M,3310.0,m2407,3176.0,m2409,3338.0,2407,2409,-134.0,28.0,-0.04048338368580062,0.008459214501510548,3338.0
2024-07-08,M,3300.0,m2407,3176.0,m2409,3313.0,2407,2409,-124.0,13.0,-0.037575757575757596,0.003939393939393909,3313.0
2024-07-09,M,3298.0,m2407,3176.0,m2409,3258.0,2407,2409,-122.0,-40.0,-0.03699211643420253,-0.012128562765312267,3258.0
2024-07-10,M,3208.0,m2407,3024.0,m2409,3225.0,2407,2409,-184.0,17.0,-0.05735660847880297,0.005299251870324095,3225.0
2024-07-11,M,3202.0,m2407,3082.0,m2409,3185.0,2407,2409,-120.0,-17.0,-0.03747657713928798,-0.005309181761399162,3185.0
2024-07-12,M,3190.0,m2407,3182.0,m2409,3166.0,2407,2409,-8.0,-24.0,-0.0025078369905956466,-0.007523510971786829,3166.0
2024-07-15,M,3100.0,m2408,3083.0,m2409,3105.0,2408,2409,-17.0,5.0,-0.005483870967741944,0.001612903225806539,3105.0
2024-07-16,M,3084.0,m2408,3057.0,m2409,3084.0,2408,2409,-27.0,0.0,-0.008754863813229541,0.0,3084.0
2024-07-17,M,3122.0,m2408,3088.0,m2409,3111.0,2408,2409,-34.0,-11.0,-0.010890454836643193,-0.003523382447149226,3111.0
2024-07-18,M,3112.0,m2408,3091.0,m2409,3112.0,2408,2409,-21.0,0.0,-0.0067480719794345,0.0,3112.0
2024-07-19,M,3128.0,m2408,3127.0,m2409,3148.0,2408,2409,-1.0,20.0,-0.00031969309462920315,0.006393861892583175,3148.0
2024-07-22,M,3138.0,m2408,3139.0,m2409,3163.0,2408,2409,1.0,25.0,0.00031867431485022024,0.007966857871255506,3163.0
2024-07-23,M,3156.0,m2408,3132.0,m2409,3154.0,2408,2409,-24.0,-2.0,-0.0076045627376425395,-0.0006337135614702394,3154.0
2024-07-24,M,3144.0,m2408,3133.0,m2409,3159.0,2408,2409,-11.0,15.0,-0.003498727735368967,0.004770992366412319,3159.0
2024-07-25,M,3120.0,m2408,3116.0,m2409,3142.0,2408,2409,-4.0,22.0,-0.0012820512820512775,0.007051282051282026,3142.0
2024-07-26,M,3136.0,m2408,3130.0,m2409,3161.0,2408,2409,-6.0,25.0,-0.001913265306122458,0.007971938775510168,3161.0
2024-07-29,M,3048.0,m2408,3070.0,m2409,3101.0,2408,2409,22.0,53.0,0.0072178477690287846,0.017388451443569597,3101.0
2024-07-30,M,3048.0,m2408,3053.0,m2409,3084.0,2408,2409,5.0,36.0,0.0016404199475066328,0.011811023622047223,3084.0
2024-07-31,M,3022.0,m2408,3065.0,m2409,3093.0,2408,2409,43.0,71.0,0.014228987425545903,0.023494374586366717,3093.0
2024-08-01,M,3020.0,m2408,3020.0,m2409,3072.0,2408,2409,0.0,52.0,0.0,0.017218543046357615,3072.0
2024-08-02,M,3028.0,m2408,3048.0,m2409,3084.0,2408,2409,20.0,56.0,0.006605019815059343,0.018494055482166427,3084.0
2024-08-05,M,3036.0,m2408,3059.0,m2409,3055.0,2408,2409,23.0,19.0,0.007575757575757569,0.006258234519104011,3055.0
2024-08-06,M,3026.0,m2408,2998.0,m2409,3023.0,2408,2409,-28.0,-3.0,-0.009253139458030413,-0.000991407799074695,3023.0
2024-08-07,M,2972.0,m2408,2950.0,m2501,3065.0,2408,2501,-22.0,93.0,-0.007402422611036297,0.03129205921938083,2979.0
2024-08-08,M,2958.0,m2408,2957.0,m2501,3068.0,2408,2501,-1.0,110.0,-0.00033806626098720205,0.037187288708586896,2992.0
2024-08-09,M,2944.0,m2408,2968.0,m2501,3058.0,2408,2501,24.0,114.0,0.008152173913043459,0.03872282608695654,2991.0
2024-08-12,M,2944.0,m2408,2969.0,m2501,3038.0,2408,2501,25.0,94.0,0.008491847826086918,0.03192934782608692,2981.0
2024-08-13,M,2924.0,m2408,2969.0,m2501,2931.0,2408,2501,45.0,7.0,0.015389876880985032,0.002393980848153232,2877.0
2024-08-14,M,2878.0,m2408,2842.0,m2501,2911.0,2408,2501,-36.0,33.0,-0.012508686587908269,0.011466296038916024,2911.0
2024-08-15,M,2912.0,m2409,2901.0,m2501,2949.0,2409,2501,-11.0,37.0,-0.003777472527472514,0.012706043956044022,2949.0
2024-08-16,M,2924.0,m2409,2906.0,m2501,2936.0,2409,2501,-18.0,12.0,-0.006155950752393946,0.004103967168262557,2936.0
2024-08-19,M,2912.0,m2409,2902.0,m2501,2917.0,2409,2501,-10.0,5.0,-0.003434065934065922,0.001717032967033072,2917.0
2024-08-20,M,2918.0,m2409,2902.0,m2501,2942.0,2409,2501,-16.0,24.0,-0.005483207676490798,0.008224811514736086,2942.0
2024-08-21,M,2912.0,m2409,2921.0,m2501,2960.0,2409,2501,9.0,48.0,0.0030906593406594407,0.016483516483516425,2960.0
2024-08-22,M,2942.0,m2409,2911.0,m2501,2944.0,2409,2501,-31.0,2.0,-0.010537049626104689,0.0006798096532971698,2944.0
2024-08-23,M,2946.0,m2409,2907.0,m2501,2929.0,2409,2501,-39.0,-17.0,-0.013238289205702691,-0.0057705363204344495,2929.0
2024-08-26,M,2962.0,m2409,2933.0,m2501,2955.0,2409,2501,-29.0,-7.0,-0.009790681971640791,-0.002363268062120172,2955.0
2024-08-27,M,3006.0,m2409,2959.0,m2501,2978.0,2409,2501,-47.0,-28.0,-0.015635395874916802,-0.009314703925482393,2978.0
2024-08-28,M,3040.0,m2409,2981.0,m2501,3002.0,2409,2501,-59.0,-38.0,-0.019407894736842124,-0.012499999999999956,3002.0
2024-08-29,M,3040.0,m2409,2972.0,m2501,2998.0,2409,2501,-68.0,-42.0,-0.022368421052631593,-0.013815789473684226,2998.0
2024-08-30,M,3052.0,m2409,2985.0,m2501,3027.0,2409,2501,-67.0,-25.0,-0.021952817824377413,-0.008191349934469239,3027.0
2024-09-02,M,3064.0,m2409,3003.0,m2501,3031.0,2409,2501,-61.0,-33.0,-0.01990861618798956,-0.010770234986945182,3031.0
2024-09-03,M,3074.0,m2409,3050.0,m2501,3070.0,2409,2501,-24.0,-4.0,-0.007807417046193921,-0.0013012361743656164,3070.0
2024-09-04,M,3124.0,m2409,3015.0,m2501,3036.0,2409,2501,-109.0,-88.0,-0.03489116517285529,-0.028169014084507005,3036.0
2024-09-05,M,3150.0,m2409,3084.0,m2501,3079.0,2409,2501,-66.0,-71.0,-0.020952380952380945,-0.022539682539682526,3079.0
2024-09-06,M,3150.0,m2409,3093.0,m2501,3122.0,2409,2501,-57.0,-28.0,-0.018095238095238053,-0.008888888888888835,3122.0
2024-09-09,M,3132.0,m2409,3062.0,m2501,3091.0,2409,2501,-70.0,-41.0,-0.022349936143039595,-0.013090676883780294,3091.0
2024-09-10,M,3120.0,m2409,3040.0,m2501,3040.0,2409,2501,-80.0,-80.0,-0.02564102564102566,-0.02564102564102566,3040.0
2024-09-11,M,3086.0,m2409,3039.0,m2501,3063.0,2409,2501,-47.0,-23.0,-0.015230071289695446,-0.007453013609850956,3063.0
2024-09-12,M,3082.0,m2409,3030.0,m2501,3051.0,2409,2501,-52.0,-31.0,-0.01687216093445809,-0.010058403634003898,3051.0
2024-09-13,M,3092.0,m2409,3012.0,m2501,3075.0,2409,2501,-80.0,-17.0,-0.02587322121604141,-0.005498059508408759,3075.0
2024-09-18,M,3120.0,m2411,3155.0,m2501,3138.0,2411,2501,35.0,18.0,0.011217948717948678,0.005769230769230749,3138.0
2024-09-19,M,3128.0,m2411,3089.0,m2501,3065.0,2411,2501,-39.0,-63.0,-0.012468030690537035,-0.0201406649616368,3065.0
2024-09-20,M,3122.0,m2411,3086.0,m2501,3065.0,2411,2501,-36.0,-57.0,-0.011531069827034002,-0.01825752722613705,3065.0
2024-09-23,M,3122.0,m2411,3072.0,m2501,3056.0,2411,2501,-50.0,-66.0,-0.01601537475976933,-0.021140294682895577,3056.0
2024-09-24,M,3144.0,m2411,3105.0,m2501,3102.0,2411,2501,-39.0,-42.0,-0.012404580152671763,-0.013358778625954248,3102.0
2024-09-25,M,3138.0,m2411,3049.0,m2501,3052.0,2411,2501,-89.0,-86.0,-0.028362014021669824,-0.027405991077119163,3061.0
2024-09-26,M,3168.0,m2411,3085.0,m2501,3116.0,2411,2501,-83.0,-52.0,-0.026199494949494917,-0.016414141414141437,3116.0
2024-09-27,M,3126.0,m2411,3066.0,m2501,3089.0,2411,2501,-60.0,-37.0,-0.019193857965451033,-0.011836212412028146,3089.0
2024-09-30,M,3186.0,m2411,3123.0,m2501,3150.0,2411,2501,-63.0,-36.0,-0.019774011299435013,-0.011299435028248594,3150.0
2024-10-08,M,3138.0,m2411,3005.0,m2501,3019.0,2411,2501,-133.0,-119.0,-0.042383683875079625,-0.03792224346717654,3019.0
2024-10-09,M,3114.0,m2411,3018.0,m2501,3026.0,2411,2501,-96.0,-88.0,-0.030828516377649273,-0.02825947334617851,3026.0
2024-10-10,M,3108.0,m2411,3016.0,m2501,3022.0,2411,2501,-92.0,-86.0,-0.029601029601029616,-0.02767052767052769,3022.0
2024-10-11,M,3082.0,m2411,2974.0,m2501,2974.0,2411,2501,-108.0,-108.0,-0.0350421804023362,-0.0350421804023362,2974.0
2024-10-14,M,3030.0,m2411,3001.0,m2501,2991.0,2411,2501,-29.0,-39.0,-0.009570957095709542,-0.012871287128712883,2991.0
2024-10-15,M,3038.0,m2411,2979.0,m2501,2992.0,2411,2501,-59.0,-46.0,-0.019420671494404185,-0.015141540487162652,2992.0
2024-10-16,M,3048.0,m2411,2993.0,m2501,3009.0,2411,2501,-55.0,-39.0,-0.018044619422572183,-0.012795275590551158,3009.0
2024-10-17,M,3048.0,m2411,2928.0,m2501,2961.0,2411,2501,-120.0,-87.0,-0.03937007874015752,-0.028543307086614123,2961.0
2024-10-18,M,3034.0,m2411,2954.0,m2501,2995.0,2411,2501,-80.0,-39.0,-0.026367831245880047,-0.01285431773236656,2995.0
2024-10-21,M,3000.0,m2411,2938.0,m2501,2985.0,2411,2501,-62.0,-15.0,-0.020666666666666722,-0.0050000000000000044,2985.0
2024-10-22,M,3000.0,m2411,2921.0,m2501,2978.0,2411,2501,-79.0,-22.0,-0.02633333333333332,-0.007333333333333303,2978.0
2024-10-23,M,3018.0,m2411,2919.0,m2501,2988.0,2411,2501,-99.0,-30.0,-0.03280318091451295,-0.00994035785288272,2988.0
2024-10-24,M,3008.0,m2411,2905.0,m2501,2984.0,2411,2501,-103.0,-24.0,-0.0342420212765957,-0.007978723404255317,2984.0
2024-10-25,M,2996.0,m2411,2875.0,m2501,2948.0,2411,2501,-121.0,-48.0,-0.04038718291054744,-0.01602136181575431,2948.0
2024-10-28,M,3000.0,m2411,2895.0,m2501,2985.0,2411,2501,-105.0,-15.0,-0.03500000000000003,-0.0050000000000000044,2985.0
2024-10-29,M,3000.0,m2411,2910.0,m2501,3012.0,2411,2501,-90.0,12.0,-0.030000000000000027,0.0040000000000000036,3012.0
2024-10-30,M,3002.0,m2411,2930.0,m2501,3015.0,2411,2501,-72.0,13.0,-0.02398401065956024,0.004330446369087193,3015.0
2024-10-31,M,3034.0,m2411,2895.0,m2501,2992.0,2411,2501,-139.0,-42.0,-0.045814106789716535,-0.013843111404087005,2992.0
2024-11-01,M,3040.0,m2411,2894.0,m2501,2963.0,2411,2501,-146.0,-77.0,-0.048026315789473695,-0.025328947368421062,2963.0
2024-11-04,M,3048.0,m2411,2931.0,m2505,2817.0,2411,2505,-117.0,-231.0,-0.038385826771653586,-0.07578740157480313,2985.0
2024-11-05,M,3050.0,m2411,2907.0,m2505,2789.0,2411,2505,-143.0,-261.0,-0.04688524590163934,-0.08557377049180326,2957.0
2024-11-06,M,3076.0,m2411,2960.0,m2505,2816.0,2411,2505,-116.0,-260.0,-0.03771131339401823,-0.08452535760728219,3002.0
2024-11-07,M,3154.0,m2411,3085.0,m2505,2882.0,2411,2505,-69.0,-272.0,-0.0218769816106531,-0.08623969562460365,3093.0
2024-11-08,M,3162.0,m2411,3038.0,m2505,2850.0,2411,2505,-124.0,-312.0,-0.039215686274509776,-0.09867172675521818,3013.0
2024-11-11,M,3172.0,m2411,3025.0,m2505,2920.0,2411,2505,-147.0,-252.0,-0.04634300126103408,-0.07944514501891553,3086.0
2024-11-12,M,3158.0,m2411,3020.0,m2505,2924.0,2411,2505,-138.0,-234.0,-0.04369854338188728,-0.07409753008233055,3067.0
2024-11-13,M,3128.0,m2411,2984.0,m2505,2927.0,2411,2505,-144.0,-201.0,-0.04603580562659848,-0.0642583120204604,3059.0
2024-11-14,M,3110.0,m2411,3003.0,m2505,2903.0,2411,2505,-107.0,-207.0,-0.03440514469453371,-0.06655948553054658,3035.0
2024-11-15,M,3100.0,m2412,2914.0,m2505,2814.0,2412,2505,-186.0,-286.0,-0.06000000000000005,-0.09225806451612906,2814.0
2024-11-18,M,3032.0,m2412,2961.0,m2505,2821.0,2412,2505,-71.0,-211.0,-0.023416886543535576,-0.0695910290237467,2821.0
2024-11-19,M,3042.0,m2412,2966.0,m2505,2836.0,2412,2505,-76.0,-206.0,-0.024983563445101886,-0.06771860618014469,2836.0
2024-11-20,M,3028.0,m2412,2932.0,m2505,2827.0,2412,2505,-96.0,-201.0,-0.031704095112285335,-0.06638044914134744,2827.0
2024-11-21,M,3016.0,m2412,2927.0,m2505,2822.0,2412,2505,-89.0,-194.0,-0.029509283819628696,-0.06432360742705567,2822.0
2024-11-22,M,2982.0,m2412,2872.0,m2505,2767.0,2412,2505,-110.0,-215.0,-0.03688799463447345,-0.07209926224010732,2767.0
2024-11-25,M,2994.0,m2412,2874.0,m2505,2792.0,2412,2505,-120.0,-202.0,-0.04008016032064132,-0.06746826987307952,2792.0
2024-11-26,M,3024.0,m2412,2926.0,m2505,2807.0,2412,2505,-98.0,-217.0,-0.03240740740740744,-0.0717592592592593,2807.0
2024-11-27,M,3022.0,m2412,2891.0,m2505,2804.0,2412,2505,-131.0,-218.0,-0.04334877564526807,-0.072137657180675,2804.0
2024-11-28,M,3010.0,m2412,2895.0,m2505,2800.0,2412,2505,-115.0,-210.0,-0.038205980066445155,-0.06976744186046513,2800.0
2024-11-29,M,3024.0,m2412,2881.0,m2505,2801.0,2412,2505,-143.0,-223.0,-0.04728835978835977,-0.07374338624338628,2801.0
2024-12-02,M,2974.0,m2412,2869.0,m2505,2783.0,2412,2505,-105.0,-191.0,-0.03530598520511097,-0.06422326832548753,2783.0
2024-12-03,M,2960.0,m2412,2875.0,m2505,2757.0,2412,2505,-85.0,-203.0,-0.028716216216216228,-0.06858108108108107,2757.0
2024-12-04,M,2952.0,m2412,2799.0,m2505,2706.0,2412,2505,-153.0,-246.0,-0.05182926829268297,-0.08333333333333337,2706.0
2024-12-05,M,2932.0,m2412,2789.0,m2505,2660.0,2412,2505,-143.0,-272.0,-0.04877216916780358,-0.09276944065484316,2660.0
2024-12-06,M,2918.0,m2412,2821.0,m2505,2656.0,2412,2505,-97.0,-262.0,-0.03324194653872514,-0.08978752570253601,2656.0
2024-12-09,M,2920.0,m2412,2802.0,m2505,2681.0,2412,2505,-118.0,-239.0,-0.04041095890410962,-0.08184931506849313,2681.0
2024-12-10,M,2920.0,m2412,2802.0,m2505,2673.0,2412,2505,-118.0,-247.0,-0.04041095890410962,-0.08458904109589038,2673.0
2024-12-11,M,2924.0,m2412,2802.0,m2505,2650.0,2412,2505,-122.0,-274.0,-0.04172366621067036,-0.09370725034199723,2650.0
2024-12-12,M,2916.0,m2412,2802.0,m2505,2646.0,2412,2505,-114.0,-270.0,-0.039094650205761305,-0.09259259259259256,2646.0
2024-12-13,M,2904.0,m2412,2829.0,m2505,2642.0,2412,2505,-75.0,-262.0,-0.025826446280991733,-0.09022038567493118,2642.0
2024-12-16,M,2904.0,m2501,2868.0,m2505,2651.0,2501,2505,-36.0,-253.0,-0.012396694214875992,-0.08712121212121215,2651.0
2024-12-17,M,2904.0,m2501,2848.0,m2505,2614.0,2501,2505,-56.0,-290.0,-0.019283746556473802,-0.09986225895316803,2614.0
2024-12-18,M,2858.0,m2501,2743.0,m2505,2567.0,2501,2505,-115.0,-291.0,-0.04023792862141362,-0.10181945416375082,2567.0
2024-12-19,M,2858.0,m2501,2732.0,m2505,2572.0,2501,2505,-126.0,-286.0,-0.04408677396780969,-0.1000699790062981,2572.0
2024-12-20,M,2814.0,m2501,2790.0,m2505,2633.0,2501,2505,-24.0,-181.0,-0.008528784648187626,-0.06432125088841512,2633.0
2024-12-23,M,2860.0,m2501,2815.0,m2505,2616.0,2501,2505,-45.0,-244.0,-0.01573426573426573,-0.08531468531468533,2616.0
2024-12-24,M,2850.0,m2501,2848.0,m2505,2628.0,2501,2505,-2.0,-222.0,-0.00070175438596487,-0.07789473684210524,2628.0
2024-12-25,M,2854.0,m2501,2849.0,m2505,2645.0,2501,2505,-5.0,-209.0,-0.0017519271198318531,-0.0732305536089699,2645.0
2024-12-26,M,2858.0,m2501,2872.0,m2505,2668.0,2501,2505,14.0,-190.0,0.004898530440867743,-0.06648005598320506,2668.0
2024-12-27,M,2888.0,m2501,2863.0,m2505,2670.0,2501,2505,-25.0,-218.0,-0.00865650969529086,-0.07548476454293629,2670.0
2024-12-30,M,2874.0,m2501,2868.0,m2505,2683.0,2501,2505,-6.0,-191.0,-0.0020876826722338038,-0.06645789839944327,2683.0
2024-12-31,M,2866.0,m2501,2858.0,m2505,2696.0,2501,2505,-8.0,-170.0,-0.002791346824842944,-0.05931612002791342,2696.0
2025-01-02,M,2914.0,m2501,2861.0,m2505,2716.0,2501,2505,-53.0,-198.0,-0.01818805765271103,-0.0679478380233356,2716.0
2025-01-03,M,2898.0,m2501,2862.0,m2505,2688.0,2501,2505,-36.0,-210.0,-0.012422360248447228,-0.07246376811594202,2688.0
2025-01-06,M,2898.0,m2501,2871.0,m2505,2697.0,2501,2505,-27.0,-201.0,-0.009316770186335366,-0.06935817805383027,2697.0
2025-01-07,M,2892.0,m2501,2824.0,m2505,2647.0,2501,2505,-68.0,-245.0,-0.023513139695712337,-0.08471645919778703,2647.0
2025-01-08,M,2862.0,m2501,2830.0,m2505,2646.0,2501,2505,-32.0,-216.0,-0.011180992313067795,-0.07547169811320753,2646.0
2025-01-09,M,2876.0,m2501,2835.0,m2505,2616.0,2501,2505,-41.0,-260.0,-0.014255910987482578,-0.09040333796940192,2616.0
2025-01-10,M,2876.0,m2501,2880.0,m2505,2659.0,2501,2505,4.0,-217.0,0.0013908205841446364,-0.07545201668984702,2659.0
2025-01-13,M,2876.0,m2501,2871.0,m2505,2741.0,2501,2505,-5.0,-135.0,-0.001738525730180851,-0.046940194714881756,2741.0
2025-01-14,M,3052.0,m2501,2998.0,m2505,2753.0,2501,2505,-54.0,-299.0,-0.017693315858453462,-0.09796854521625165,2753.0
2025-01-15,M,3072.0,m2501,2965.0,m2505,2772.0,2501,2505,-107.0,-300.0,-0.03483072916666663,-0.09765625,2772.0
2025-01-16,M,3050.0,m2503,2990.0,m2505,2761.0,2503,2505,-60.0,-289.0,-0.01967213114754096,-0.09475409836065574,2761.0
2025-01-17,M,3050.0,m2503,3012.0,m2505,2779.0,2503,2505,-38.0,-271.0,-0.012459016393442601,-0.08885245901639349,2779.0
2025-01-20,M,3122.0,m2503,3083.0,m2505,2812.0,2503,2505,-39.0,-310.0,-0.012491992312620104,-0.09929532351057013,2812.0
2025-01-21,M,3176.0,m2503,3166.0,m2505,2849.0,2503,2505,-10.0,-327.0,-0.0031486146095718315,-0.10295969773299751,2849.0
2025-01-22,M,3220.0,m2503,3167.0,m2505,2844.0,2503,2505,-53.0,-376.0,-0.016459627329192594,-0.1167701863354037,2844.0
2025-01-23,M,3222.0,m2503,3151.0,m2505,2836.0,2503,2505,-71.0,-386.0,-0.022036002482929806,-0.11980136561142152,2836.0
2025-01-24,M,3222.0,m2503,3173.0,m2505,2840.0,2503,2505,-49.0,-382.0,-0.015207945375543153,-0.11855990068280575,2840.0
2025-02-05,M,3382.0,m2503,3364.0,m2505,2932.0,2503,2505,-18.0,-450.0,-0.0053222945002956434,-0.13305736250739209,2932.0
2025-02-06,M,3460.0,m2503,3327.0,m2505,2902.0,2503,2505,-133.0,-558.0,-0.03843930635838155,-0.16127167630057804,2902.0
2025-02-07,M,3508.0,m2503,3405.0,m2505,2909.0,2503,2505,-103.0,-599.0,-0.02936145952109459,-0.1707525655644242,2909.0
2025-02-10,M,3872.0,m2503,3543.0,m2505,2899.0,2503,2505,-329.0,-973.0,-0.08496900826446285,-0.2512913223140496,2899.0
2025-02-11,M,3798.0,m2503,3440.0,m2505,2900.0,2503,2505,-358.0,-898.0,-0.09426013691416535,-0.23644023170089523,2900.0
2025-02-12,M,3598.0,m2503,3360.0,m2505,2854.0,2503,2505,-238.0,-744.0,-0.06614785992217898,-0.20678154530294612,2854.0
2025-02-13,M,3506.0,m2503,3366.0,m2505,2845.0,2503,2505,-140.0,-661.0,-0.03993154592127779,-0.18853394181403305,2845.0
2025-02-14,M,3592.0,m2503,3472.0,m2505,2883.0,2503,2505,-120.0,-709.0,-0.03340757238307346,-0.1973830734966593,2883.0
2025-02-17,M,3708.0,m2503,3423.0,m2505,2849.0,2503,2505,-285.0,-859.0,-0.07686084142394822,-0.23166127292340888,2849.0
2025-02-18,M,3702.0,m2503,3428.0,m2505,2858.0,2503,2505,-274.0,-844.0,-0.07401404646137222,-0.2279848730415991,2858.0
2025-02-19,M,3730.0,m2503,3496.0,m2505,2902.0,2503,2505,-234.0,-828.0,-0.06273458445040214,-0.22198391420911523,2902.0
2025-02-20,M,3744.0,m2503,3553.0,m2505,2929.0,2503,2505,-191.0,-815.0,-0.051014957264957306,-0.21768162393162394,2929.0
2025-02-21,M,3870.0,m2503,3606.0,m2505,2945.0,2503,2505,-264.0,-925.0,-0.06821705426356595,-0.2390180878552972,2945.0
2025-02-24,M,3808.0,m2503,3538.0,m2505,2905.0,2503,2505,-270.0,-903.0,-0.07090336134453779,-0.23713235294117652,2905.0
2025-02-25,M,3740.0,m2503,3514.0,m2505,2912.0,2503,2505,-226.0,-828.0,-0.06042780748663101,-0.22139037433155084,2912.0
2025-02-26,M,3720.0,m2503,3465.0,m2505,2886.0,2503,2505,-255.0,-834.0,-0.06854838709677424,-0.22419354838709682,2886.0
2025-02-27,M,3722.0,m2503,3525.0,m2505,2939.0,2503,2505,-197.0,-783.0,-0.05292853304674905,-0.21037076840408386,2939.0
2025-02-28,M,3722.0,m2503,3488.0,m2505,2932.0,2503,2505,-234.0,-790.0,-0.06286942504030091,-0.21225147770016117,2932.0
2025-03-03,M,3748.0,m2503,3583.0,m2505,3007.0,2503,2505,-165.0,-741.0,-0.044023479188900705,-0.1977054429028815,3007.0
2025-03-04,M,3744.0,m2503,3548.0,m2505,2974.0,2503,2505,-196.0,-770.0,-0.052350427350427386,-0.2056623931623932,2974.0
2025-03-05,M,3708.0,m2503,3486.0,m2505,2881.0,2503,2505,-222.0,-827.0,-0.05987055016181231,-0.2230312837108953,2881.0
2025-03-06,M,3666.0,m2503,3465.0,m2505,2893.0,2503,2505,-201.0,-773.0,-0.05482815057283141,-0.21085651936715766,2893.0
2025-03-07,M,3642.0,m2503,3466.0,m2505,2885.0,2503,2505,-176.0,-757.0,-0.04832509610104341,-0.20785282811641959,2885.0
2025-03-10,M,3652.0,m2503,3496.0,m2505,2937.0,2503,2505,-156.0,-715.0,-0.042716319824753546,-0.19578313253012047,2937.0
2025-03-11,M,3574.0,m2503,3420.0,m2505,2855.0,2503,2505,-154.0,-719.0,-0.04308897593732508,-0.20117515388919982,2855.0
2025-03-12,M,3548.0,m2503,3390.0,m2505,2838.0,2503,2505,-158.0,-710.0,-0.04453213077790308,-0.2001127395715896,2838.0
2025-03-13,M,3470.0,m2503,3290.0,m2505,2877.0,2503,2505,-180.0,-593.0,-0.05187319884726227,-0.17089337175792507,2877.0
2025-03-14,M,3458.0,m2503,3330.0,m2505,2901.0,2503,2505,-128.0,-557.0,-0.037015615962984416,-0.1610757663389243,2901.0
2025-03-17,M,3500.0,m2505,2895.0,m2505,2895.0,2505,2505,-605.0,-605.0,-0.17285714285714282,-0.17285714285714282,2895.0
2025-03-18,M,3444.0,m2505,2907.0,m2505,2907.0,2505,2505,-537.0,-537.0,-0.1559233449477352,-0.1559233449477352,2907.0
2025-03-19,M,3402.0,m2505,2909.0,m2505,2909.0,2505,2505,-493.0,-493.0,-0.14491475602586712,-0.14491475602586712,2909.0
2025-03-20,M,3346.0,m2505,2855.0,m2505,2855.0,2505,2505,-491.0,-491.0,-0.14674237895995224,-0.14674237895995224,2855.0
2025-03-21,M,3332.0,m2505,2861.0,m2505,2861.0,2505,2505,-471.0,-471.0,-0.14135654261704678,-0.14135654261704678,2861.0
2025-03-24,M,3208.0,m2505,2858.0,m2505,2858.0,2505,2505,-350.0,-350.0,-0.10910224438902738,-0.10910224438902738,2858.0
2025-03-25,M,3230.0,m2505,2868.0,m2505,2868.0,2505,2505,-362.0,-362.0,-0.11207430340557278,-0.11207430340557278,2868.0
2025-03-27,M,3166.0,m2505,2826.0,m2509,2948.0,2505,2509,-340.0,-218.0,-0.1073910296904611,-0.06885660138976624,2826.0
2025-03-28,M,3170.0,m2505,2813.0,m2509,2942.0,2505,2509,-357.0,-228.0,-0.11261829652996846,-0.07192429022082014,2942.0
2025-03-31,M,3168.0,m2505,2851.0,m2509,2989.0,2505,2509,-317.0,-179.0,-0.10006313131313127,-0.056502525252525304,2989.0
2025-04-01,M,3170.0,m2505,2804.0,m2509,2951.0,2505,2509,-366.0,-219.0,-0.11545741324921133,-0.06908517350157728,2951.0
2025-04-02,M,3158.0,m2505,2832.0,m2509,2983.0,2505,2509,-326.0,-175.0,-0.10322989233692215,-0.055414819506016455,2983.0
2025-04-03,M,3118.0,m2505,2865.0,m2509,3039.0,2505,2509,-253.0,-79.0,-0.08114175753688257,-0.025336754329698508,3039.0
2025-04-07,M,3118.0,m2505,2885.0,m2509,3056.0,2505,2509,-233.0,-62.0,-0.07472738935214884,-0.019884541372674813,3056.0
2025-04-08,M,3252.0,m2505,2973.0,m2509,3164.0,2505,2509,-279.0,-88.0,-0.08579335793357934,-0.027060270602705994,3164.0
2025-04-09,M,3252.0,m2505,2946.0,m2509,3119.0,2505,2509,-306.0,-133.0,-0.09409594095940954,-0.04089790897908974,3119.0
2025-04-10,M,3324.0,m2505,2896.0,m2509,3074.0,2505,2509,-428.0,-250.0,-0.12876052948255112,-0.0752105896510229,3074.0
2025-04-11,M,3454.0,m2505,2912.0,m2509,3082.0,2505,2509,-542.0,-372.0,-0.15691951360741174,-0.10770121598147075,3082.0
2025-04-14,M,3454.0,m2505,2958.0,m2509,3104.0,2505,2509,-496.0,-350.0,-0.14360162130862764,-0.1013317892298784,3104.0
2025-04-15,M,3536.0,m2505,2910.0,m2509,3066.0,2505,2509,-626.0,-470.0,-0.17703619909502266,-0.13291855203619907,3066.0
2025-04-16,M,3502.0,m2505,2839.0,m2509,3013.0,2505,2509,-663.0,-489.0,-0.1893203883495146,-0.1396344945745288,3013.0
2025-04-17,M,3502.0,m2505,2850.0,m2509,3020.0,2505,2509,-652.0,-482.0,-0.18617932609937182,-0.13763563677898338,3020.0
2025-04-18,M,3502.0,m2505,2857.0,m2509,3021.0,2505,2509,-645.0,-481.0,-0.1841804683038264,-0.13735008566533413,3021.0
2025-04-21,M,3502.0,m2505,2934.0,m2509,3045.0,2505,2509,-568.0,-457.0,-0.1621930325528269,-0.13049685893774987,3045.0
2025-04-22,M,3524.0,m2505,2988.0,m2509,3054.0,2505,2509,-536.0,-470.0,-0.15209988649262207,-0.13337116912599323,3054.0
2025-04-23,M,3524.0,m2505,2984.0,m2509,3048.0,2505,2509,-540.0,-476.0,-0.15323496027241768,-0.1350737797956867,3048.0
2025-04-24,M,3596.67,m2505,3049.0,m2509,3059.0,2505,2509,-547.6700000000001,-537.6700000000001,-0.15227140660666671,-0.1494910570055079,3059.0
2025-04-25,M,3580.0,m2505,2938.0,m2509,3031.0,2505,2509,-642.0,-549.0,-0.17932960893854744,-0.15335195530726253,3031.0
2025-04-28,M,3523.33,m2505,2870.0,m2509,2985.0,2505,2509,-653.3299999999999,-538.3299999999999,-0.1854296929325382,-0.15279011616851101,2985.0
2025-04-29,M,3485.0,m2505,2833.0,m2509,2964.0,2505,2509,-652.0,-521.0,-0.1870875179340029,-0.1494978479196557,2964.0
2025-04-30,M,3476.67,m2505,2761.0,m2509,2920.0,2505,2509,-715.6700000000001,-556.6700000000001,-0.20584927531229602,-0.1601158579905484,2920.0
2025-05-06,M,3270.0,m2505,2748.0,m2509,2915.0,2505,2509,-522.0,-355.0,-0.15963302752293573,-0.10856269113149852,2915.0
2025-05-07,M,3302.0,m2505,2760.0,m2509,2920.0,2505,2509,-542.0,-382.0,-0.16414294367050275,-0.11568746214415504,2920.0
2025-05-08,M,3300.0,m2505,2787.0,m2509,2919.0,2505,2509,-513.0,-381.0,-0.1554545454545454,-0.11545454545454548,2919.0
2025-05-09,M,3300.0,m2505,2805.0,m2509,2899.0,2505,2509,-495.0,-401.0,-0.15000000000000002,-0.12151515151515146,2899.0
2025-05-12,M,3138.0,m2505,2762.0,m2509,2908.0,2505,2509,-376.0,-230.0,-0.11982154238368392,-0.07329509241555132,2908.0
2025-05-13,M,3116.0,m2505,2746.0,m2509,2886.0,2505,2509,-370.0,-230.0,-0.11874197689345312,-0.07381258023106552,2886.0
2025-05-14,M,3084.0,m2505,2759.0,m2509,2914.0,2505,2509,-325.0,-170.0,-0.10538261997405962,-0.05512321660181585,2914.0
2025-05-15,M,3074.0,m2505,2768.0,m2509,2923.0,2505,2509,-306.0,-151.0,-0.09954456733897199,-0.04912166558230324,2923.0
2025-05-16,M,2988.0,m2505,2740.0,m2509,2899.0,2505,2509,-248.0,-89.0,-0.08299866131191436,-0.02978580990629187,2899.0
2025-05-19,M,2972.0,m2505,2700.0,m2509,2886.0,2505,2509,-272.0,-86.0,-0.0915208613728129,-0.02893674293405113,2886.0
2025-05-20,M,2966.0,m2507,2722.0,m2509,2889.0,2507,2509,-244.0,-77.0,-0.08226567768037762,-0.025960890087660116,2889.0
2025-05-21,M,2986.0,m2507,2767.0,m2509,2934.0,2507,2509,-219.0,-52.0,-0.07334226389819154,-0.017414601473543234,2934.0
2025-05-22,M,2998.0,m2507,2776.0,m2509,2939.0,2507,2509,-222.0,-59.0,-0.0740493662441628,-0.01967978652434954,2939.0
2025-05-23,M,3024.0,m2507,2785.0,m2509,2952.0,2507,2509,-239.0,-72.0,-0.07903439153439151,-0.023809523809523836,2952.0
2025-05-26,M,2982.0,m2507,2786.0,m2509,2950.0,2507,2509,-196.0,-32.0,-0.06572769953051638,-0.010731052984574108,2950.0
2025-05-27,M,2962.0,m2507,2802.0,m2509,2966.0,2507,2509,-160.0,4.0,-0.05401755570560429,0.0013504388926401933,2966.0
2025-05-28,M,2966.0,m2507,2796.0,m2509,2961.0,2507,2509,-170.0,-5.0,-0.05731625084288605,-0.001685772083614312,2961.0
2025-05-29,M,2952.0,m2507,2797.0,m2509,2962.0,2507,2509,-155.0,10.0,-0.0525067750677507,0.003387533875338855,2962.0
2025-05-30,M,2956.0,m2507,2804.0,m2509,2968.0,2507,2509,-152.0,12.0,-0.05142083897158323,0.004059539918809252,2968.0
2025-06-03,M,2900.0,m2507,2770.0,m2509,2935.0,2507,2509,-130.0,35.0,-0.04482758620689653,0.012068965517241459,2935.0
2025-06-04,M,2892.0,m2507,2765.0,m2509,2939.0,2507,2509,-127.0,47.0,-0.04391424619640383,0.01625172890733051,2939.0
2025-06-05,M,2900.0,m2507,2773.0,m2509,2958.0,2507,2509,-127.0,58.0,-0.043793103448275916,0.020000000000000018,2958.0
2025-06-06,M,2940.0,m2507,2818.0,m2509,3010.0,2507,2509,-122.0,70.0,-0.04149659863945576,0.023809523809523725,3010.0
2025-06-09,M,2944.0,m2507,2839.0,m2509,3019.0,2507,2509,-105.0,75.0,-0.03566576086956519,0.025475543478260976,3019.0
2025-06-10,M,2952.0,m2507,2855.0,m2509,3031.0,2507,2509,-97.0,79.0,-0.03285907859078596,0.02676151761517609,3031.0
2025-06-11,M,2978.0,m2507,2871.0,m2509,3047.0,2507,2509,-107.0,69.0,-0.03593015446608461,0.02316991269308266,3047.0
2025-06-12,M,2982.0,m2507,2874.0,m2509,3049.0,2507,2509,-108.0,67.0,-0.03621730382293764,0.0224681421864521,3049.0
2025-06-13,M,2994.0,m2507,2866.0,m2509,3041.0,2507,2509,-128.0,47.0,-0.042752171008684,0.015698062792251166,3041.0
2025-06-16,M,3002.0,m2507,2872.0,m2509,3045.0,2507,2509,-130.0,43.0,-0.04330446369087271,0.014323784143904117,3045.0
2025-06-17,M,2998.0,m2507,2905.0,m2509,3074.0,2507,2509,-93.0,76.0,-0.031020680453635707,0.02535023348899257,3074.0
2025-06-18,M,2998.0,m2507,2893.0,m2509,3062.0,2507,2509,-105.0,64.0,-0.03502334889926617,0.021347565043362327,3062.0
2025-06-19,M,3016.0,m2507,2908.0,m2509,3077.0,2507,2509,-108.0,61.0,-0.035809018567639295,0.020225464190981368,3077.0
2025-06-20,M,3024.0,m2507,2908.0,m2509,3067.0,2507,2509,-116.0,43.0,-0.03835978835978837,0.014219576719576743,3067.0
2025-06-23,M,2986.0,m2507,2872.0,m2509,3037.0,2507,2509,-114.0,51.0,-0.03817816476892166,0.017079705291359604,3037.0
2025-06-24,M,2974.0,m2507,2871.0,m2509,3037.0,2507,2509,-103.0,63.0,-0.03463349024882312,0.02118359112306667,3037.0
2025-06-25,M,2958.0,m2507,2834.0,m2509,2993.0,2507,2509,-124.0,35.0,-0.04192021636240706,0.011832319134550406,2993.0
2025-06-26,M,2916.0,m2507,2804.0,m2509,2936.0,2507,2509,-112.0,20.0,-0.0384087791495199,0.006858710562414272,2936.0
2025-06-27,M,2906.0,m2507,2830.0,m2509,2946.0,2507,2509,-76.0,40.0,-0.026152787336545025,0.013764624913971124,2946.0
2025-06-30,M,2906.0,m2507,2855.0,m2509,2961.0,2507,2509,-51.0,55.0,-0.017549896765313155,0.018926359256710157,2961.0
2025-07-01,M,2930.0,m2507,2822.0,m2509,2961.0,2507,2509,-108.0,31.0,-0.0368600682593857,0.01058020477815691,2961.0
2025-07-02,M,2922.0,m2507,2811.0,m2509,2944.0,2507,2509,-111.0,22.0,-0.037987679671457886,0.007529089664613187,2944.0
2025-07-03,M,2930.0,m2507,2800.0,m2509,2958.0,2507,2509,-130.0,28.0,-0.04436860068259385,0.009556313993174026,2958.0
2025-07-04,M,2928.0,m2507,2800.0,m2509,2954.0,2507,2509,-128.0,26.0,-0.04371584699453557,0.008879781420765065,2954.0
2025-07-07,M,2898.0,m2507,2800.0,m2509,2937.0,2507,2509,-98.0,39.0,-0.033816425120772986,0.013457556935817738,2937.0
2025-07-08,M,2880.0,m2507,2800.0,m2509,2935.0,2507,2509,-80.0,55.0,-0.02777777777777779,0.01909722222222232,2935.0
2025-07-09,M,2882.0,m2507,2802.0,m2509,2947.0,2507,2509,-80.0,65.0,-0.027758501040943795,0.02255378209576686,2947.0
2025-07-10,M,2888.0,m2507,2802.0,m2509,2954.0,2507,2509,-86.0,66.0,-0.029778393351800547,0.022853185595567815,2954.0
2025-07-11,M,2924.0,m2507,2802.0,m2509,2976.0,2507,2509,-122.0,52.0,-0.04172366621067036,0.017783857729138264,2976.0
2025-07-14,M,2912.0,m2507,2827.0,m2509,2992.0,2507,2509,-85.0,80.0,-0.029189560439560447,0.027472527472527375,2992.0
2025-07-15,M,2924.0,m2508,2960.0,m2509,2978.0,2508,2509,36.0,54.0,0.012311901504787892,0.01846785225718195,2978.0
2025-07-16,M,2916.0,m2508,2952.0,m2509,2977.0,2508,2509,36.0,61.0,0.012345679012345734,0.020919067215363407,2977.0
2025-07-17,M,2952.0,m2508,3010.0,m2509,3029.0,2508,2509,58.0,77.0,0.019647696476964738,0.026084010840108363,3029.0
2025-07-18,M,2966.0,m2508,3038.0,m2509,3056.0,2508,2509,72.0,90.0,0.024275118004045915,0.030343897505057393,3056.0
2025-07-21,M,2974.0,m2508,3050.0,m2509,3069.0,2508,2509,76.0,95.0,0.025554808338937418,0.03194351042367183,3069.0
2025-07-22,M,2990.0,m2508,3073.0,m2509,3086.0,2508,2509,83.0,96.0,0.027759197324414675,0.03210702341137117,3086.0
2025-07-23,M,3024.0,m2508,3084.0,m2509,3095.0,2508,2509,60.0,71.0,0.01984126984126977,0.023478835978836043,3095.0
2025-07-24,M,2980.0,m2508,3009.0,m2509,3025.0,2508,2509,29.0,45.0,0.009731543624161176,0.015100671140939603,3025.0
2025-07-25,M,2964.0,m2508,3007.0,m2509,3021.0,2508,2509,43.0,57.0,0.014507422402159298,0.019230769230769162,3021.0
2025-07-28,M,2954.0,m2508,2980.0,m2509,2990.0,2508,2509,26.0,36.0,0.008801624915369066,0.012186865267433955,2990.0
2025-07-29,M,2938.0,m2508,2972.0,m2509,2983.0,2508,2509,34.0,45.0,0.011572498298161982,0.015316541865214361,2983.0
2025-07-30,M,2964.0,m2508,3011.0,m2509,3010.0,2508,2509,47.0,46.0,0.01585695006747634,0.015519568151147078,3010.0
2025-07-31,M,2984.0,m2508,2981.0,m2509,3000.0,2508,2509,-3.0,16.0,-0.001005361930294879,0.00536193029490617,3000.0
2025-08-01,M,2998.0,m2508,2983.0,m2601,3037.0,2508,2601,-15.0,39.0,-0.0050033355570380245,0.013008672448298952,3010.0
2025-08-04,M,3016.0,m2508,3018.0,m2601,3055.0,2508,2601,2.0,39.0,0.0006631299734747298,0.012931034482758674,3055.0
2025-08-05,M,3020.0,m2508,3012.0,m2601,3065.0,2508,2601,-8.0,45.0,-0.0026490066225165476,0.01490066225165565,3065.0
2025-08-06,M,3012.0,m2508,3013.0,m2601,3072.0,2508,2601,1.0,60.0,0.00033200531208499307,0.019920318725099584,3072.0
2025-08-07,M,3008.0,m2508,3025.0,m2601,3078.0,2508,2601,17.0,70.0,0.005651595744680771,0.023271276595744572,3078.0
2025-08-08,M,3008.0,m2508,3030.0,m2601,3094.0,2508,2601,22.0,86.0,0.007313829787233939,0.02859042553191493,3094.0
2025-08-11,M,3032.0,m2508,3015.0,m2601,3072.0,2508,2601,-17.0,40.0,-0.005606860158311355,0.013192612137203241,3072.0
2025-08-12,M,3034.0,m2508,3021.0,m2601,3091.0,2508,2601,-13.0,57.0,-0.00428477257745552,0.01878707976268945,3091.0
2025-08-13,M,3128.0,m2508,3132.0,m2601,3163.0,2508,2601,4.0,35.0,0.0012787723785165905,0.011189258312020556,3163.0
2025-08-14,M,3126.0,m2508,3125.0,m2601,3157.0,2508,2601,-1.0,31.0,-0.0003198976327575265,0.009916826615482988,3157.0
2025-08-15,M,3092.0,m2509,3083.0,m2601,3137.0,2509,2601,-9.0,45.0,-0.002910737386804696,0.014553686934023258,3137.0
2025-08-18,M,3114.0,m2509,3100.0,m2601,3155.0,2509,2601,-14.0,41.0,-0.004495825305073864,0.013166345536287816,3155.0
2025-08-19,M,3122.0,m2509,3113.0,m2601,3161.0,2509,2601,-9.0,39.0,-0.002882767456758528,0.012491992312620104,3161.0
2025-08-20,M,3124.0,m2509,3116.0,m2601,3160.0,2509,2601,-8.0,36.0,-0.002560819462227859,0.011523687580025532,3160.0
2025-08-21,M,3118.0,m2509,3070.0,m2601,3113.0,2509,2601,-48.0,-5.0,-0.015394483643361156,-0.001603592046183433,3113.0
2025-08-22,M,3102.0,m2509,3041.0,m2601,3088.0,2509,2601,-61.0,-14.0,-0.01966473243068989,-0.004513217279174753,3088.0
2025-08-25,M,3120.0,m2509,3061.0,m2601,3117.0,2509,2601,-59.0,-3.0,-0.018910256410256454,-0.0009615384615384581,3117.0
2025-08-26,M,3102.0,m2509,3031.0,m2601,3081.0,2509,2601,-71.0,-21.0,-0.022888459058671873,-0.0067698259187620735,3081.0
2025-08-27,M,3102.0,m2509,2992.0,m2601,3045.0,2509,2601,-110.0,-57.0,-0.03546099290780147,-0.01837524177949712,3045.0
2025-08-28,M,3102.0,m2509,2989.0,m2601,3039.0,2509,2601,-113.0,-63.0,-0.03642811089619602,-0.02030947775628622,3039.0
2025-08-29,M,3102.0,m2509,3022.0,m2601,3055.0,2509,2601,-80.0,-47.0,-0.025789813023855523,-0.015151515151515138,3055.0
2025-09-01,M,3106.0,m2509,3004.0,m2601,3054.0,2509,2601,-102.0,-52.0,-0.03283966516419834,-0.016741790083708907,3054.0
2025-09-02,M,3104.0,m2509,3006.0,m2601,3050.0,2509,2601,-98.0,-54.0,-0.03157216494845361,-0.017396907216494895,3050.0
2025-09-03,M,3104.0,m2509,3020.0,m2601,3066.0,2509,2601,-84.0,-38.0,-0.027061855670103108,-0.01224226804123707,3066.0
2025-09-04,M,3084.0,m2509,2997.0,m2601,3048.0,2509,2601,-87.0,-36.0,-0.02821011673151752,-0.011673151750972721,3048.0
2025-09-05,M,3084.0,m2509,2994.0,m2601,3067.0,2509,2601,-90.0,-17.0,-0.029182879377431914,-0.005512321660181563,3067.0
2025-09-08,M,3076.0,m2509,3022.0,m2601,3081.0,2509,2601,-54.0,5.0,-0.01755526657997397,0.0016254876462937773,3081.0
2025-09-09,M,3076.0,m2509,3031.0,m2601,3075.0,2509,2601,-45.0,-1.0,-0.014629388816644995,-0.00032509752925879987,3075.0
2025-09-10,M,3056.0,m2509,3031.0,m2601,3066.0,2509,2601,-25.0,10.0,-0.0081806282722513,0.00327225130890052,3066.0
2025-09-11,M,3060.0,m2509,3031.0,m2601,3088.0,2509,2601,-29.0,28.0,-0.009477124183006502,0.009150326797385588,3088.0
2025-09-12,M,3060.0,m2509,3023.0,m2601,3079.0,2509,2601,-37.0,19.0,-0.012091503267973813,0.0062091503267973636,3079.0
2025-09-15,M,3058.0,m2511,3013.0,m2601,3042.0,2511,2601,-45.0,-16.0,-0.014715500327011077,-0.005232177894048395,3042.0
2025-09-16,M,3056.0,m2511,3005.0,m2601,3041.0,2511,2601,-51.0,-15.0,-0.01668848167539272,-0.00490837696335078,3041.0
2025-09-17,M,3040.0,m2511,2965.0,m2601,3002.0,2511,2601,-75.0,-38.0,-0.024671052631578982,-0.012499999999999956,3002.0
2025-09-18,M,3012.0,m2511,2962.0,m2601,2993.0,2511,2601,-50.0,-19.0,-0.016600265604249653,-0.006308100929614868,2993.0
2025-09-19,M,3012.0,m2511,2985.0,m2601,3014.0,2511,2601,-27.0,2.0,-0.008964143426294813,0.0006640106241699861,3014.0
2025-09-22,M,3038.0,m2511,3008.0,m2601,3034.0,2511,2601,-30.0,-4.0,-0.009874917709019049,-0.0013166556945358732,3034.0
2025-09-23,M,2986.0,m2511,2893.0,m2601,2928.0,2511,2601,-93.0,-58.0,-0.031145344943067643,-0.01942397856664435,2928.0
2025-09-24,M,2988.0,m2511,2904.0,m2601,2930.0,2511,2601,-84.0,-58.0,-0.028112449799196804,-0.019410977242302563,2930.0
2025-09-25,M,3002.0,m2511,2940.0,m2601,2967.0,2511,2601,-62.0,-35.0,-0.020652898067954673,-0.011658894070619596,2967.0
2025-09-26,M,2998.0,m2511,2905.0,m2601,2937.0,2511,2601,-93.0,-61.0,-0.031020680453635707,-0.020346897931954655,2937.0
2025-09-29,M,2988.0,m2511,2906.0,m2601,2933.0,2511,2601,-82.0,-55.0,-0.027443105756358777,-0.018406961178045522,2933.0
2025-09-30,M,2988.0,m2511,2908.0,m2601,2928.0,2511,2601,-80.0,-60.0,-0.02677376171352075,-0.02008032128514059,2928.0
2025-10-09,M,3016.0,m2511,2910.0,m2601,2939.0,2511,2601,-106.0,-77.0,-0.035145888594164454,-0.025530503978779873,2939.0
2025-10-10,M,3006.0,m2511,2900.0,m2601,2922.0,2511,2601,-106.0,-84.0,-0.03526280771789758,-0.027944111776447067,2922.0
2025-10-13,M,3032.0,m2511,2919.0,m2601,2932.0,2511,2601,-113.0,-100.0,-0.03726912928759896,-0.03298153034300788,2932.0
2025-10-14,M,3012.0,m2511,2883.0,m2601,2902.0,2511,2601,-129.0,-110.0,-0.042828685258964105,-0.03652058432934924,2902.0
2025-10-15,M,3014.0,m2511,2895.0,m2601,2917.0,2511,2601,-119.0,-97.0,-0.03948241539482411,-0.03218314532183142,2917.0
2025-10-16,M,3010.0,m2511,2884.0,m2601,2907.0,2511,2601,-126.0,-103.0,-0.041860465116279055,-0.03421926910299,2907.0
2025-10-17,M,3010.0,m2511,2847.0,m2601,2868.0,2511,2601,-163.0,-142.0,-0.05415282392026577,-0.04717607973421922,2868.0
2025-10-20,M,2976.0,m2511,2876.0,m2601,2895.0,2511,2601,-100.0,-81.0,-0.03360215053763438,-0.027217741935483875,2895.0
2025-10-21,M,2978.0,m2511,2867.0,m2601,2889.0,2511,2601,-111.0,-89.0,-0.03727333781061115,-0.02988582941571527,2889.0
2025-10-22,M,2964.0,m2511,2864.0,m2601,2885.0,2511,2601,-100.0,-79.0,-0.03373819163292846,-0.02665317139001344,2885.0
2025-10-23,M,2984.0,m2511,2909.0,m2601,2938.0,2511,2601,-75.0,-46.0,-0.025134048257372643,-0.015415549597855183,2938.0
2025-10-24,M,2984.0,m2511,2901.0,m2601,2933.0,2511,2601,-83.0,-51.0,-0.027815013404825728,-0.01709115281501339,2933.0
2025-10-27,M,2984.0,m2511,2896.0,m2601,2932.0,2511,2601,-88.0,-52.0,-0.029490616621983934,-0.017426273458445052,2932.0
2025-10-28,M,3032.0,m2511,2934.0,m2601,2975.0,2511,2601,-98.0,-57.0,-0.03232189973614774,-0.018799472295514486,2975.0
2025-10-29,M,3032.0,m2511,2921.0,m2601,2969.0,2511,2601,-111.0,-63.0,-0.03660949868073882,-0.020778364116095016,2969.0
2025-10-30,M,3028.0,m2511,2935.0,m2601,2994.0,2511,2601,-93.0,-34.0,-0.03071334214002641,-0.011228533685601061,2994.0
2025-10-31,M,3046.0,m2511,2963.0,m2601,3021.0,2511,2601,-83.0,-25.0,-0.027248850952068304,-0.00820748522652659,3021.0
2025-11-03,M,3090.0,m2511,2965.0,m2601,3026.0,2511,2601,-125.0,-64.0,-0.04045307443365698,-0.02071197411003234,3026.0
2025-11-04,M,3088.0,m2511,2952.0,m2601,3015.0,2511,2601,-136.0,-73.0,-0.04404145077720212,-0.023639896373056968,3015.0
2025-11-05,M,3068.0,m2511,2995.0,m2601,3073.0,2511,2601,-73.0,5.0,-0.023794002607561926,0.0016297262059974393,3073.0
2025-11-06,M,3094.0,m2511,2971.0,m2601,3068.0,2511,2601,-123.0,-26.0,-0.03975436328377502,-0.008403361344537785,3068.0
2025-11-07,M,3072.0,m2511,2974.0,m2601,3058.0,2511,2601,-98.0,-14.0,-0.03190104166666663,-0.00455729166666663,3058.0
2025-11-10,M,3080.0,m2511,2974.0,m2601,3063.0,2511,2601,-106.0,-17.0,-0.034415584415584455,-0.00551948051948048,3063.0
2025-11-11,M,3080.0,m2511,2974.0,m2601,3054.0,2511,2601,-106.0,-26.0,-0.034415584415584455,-0.008441558441558472,3054.0
2025-11-12,M,3072.0,m2511,2974.0,m2601,3059.0,2511,2601,-98.0,-13.0,-0.03190104166666663,-0.00423177083333337,3059.0
2025-11-13,M,3072.0,m2511,2980.0,m2601,3071.0,2511,2601,-92.0,-1.0,-0.02994791666666663,-0.00032552083333337034,3071.0
2025-11-14,M,3098.0,m2511,2963.0,m2601,3092.0,2511,2601,-135.0,-6.0,-0.04357650096836674,-0.001936733376371902,3092.0
2025-11-17,M,3072.0,m2512,3037.0,m2601,3043.0,2512,2601,-35.0,-29.0,-0.01139322916666663,-0.00944010416666663,3043.0
2025-11-18,M,3072.0,m2512,3048.0,m2601,3041.0,2512,2601,-24.0,-31.0,-0.0078125,-0.01009114583333337,3041.0
2025-11-19,M,3064.0,m2512,3022.0,m2601,3022.0,2512,2601,-42.0,-42.0,-0.013707571801566565,-0.013707571801566565,3022.0
2025-11-20,M,3062.0,m2512,3009.0,m2601,3017.0,2512,2601,-53.0,-45.0,-0.017308948399738733,-0.014696276943174436,3017.0
2025-11-21,M,3070.0,m2512,3002.0,m2601,3012.0,2512,2601,-68.0,-58.0,-0.022149837133550454,-0.01889250814332244,3012.0
2025-11-24,M,3070.0,m2512,3001.0,m2601,3011.0,2512,2601,-69.0,-59.0,-0.022475570032573278,-0.019218241042345263,3011.0
2025-11-25,M,3076.0,m2512,3003.0,m2601,3013.0,2512,2601,-73.0,-63.0,-0.023732119635890725,-0.02048114434330295,3013.0
2025-11-26,M,3088.0,m2512,3006.0,m2601,3015.0,2512,2601,-82.0,-73.0,-0.026554404145077704,-0.023639896373056968,3015.0
2025-11-27,M,3100.0,m2512,3043.0,m2605,2838.0,2512,2605,-57.0,-262.0,-0.01838709677419359,-0.08451612903225802,3055.0
2025-11-28,M,3100.0,m2512,3028.0,m2605,2845.0,2512,2605,-72.0,-255.0,-0.023225806451612874,-0.08225806451612905,2845.0
2025-12-01,M,3106.0,m2512,3019.0,m2605,2835.0,2512,2605,-87.0,-271.0,-0.028010302640051554,-0.08725048293625237,2835.0
2025-12-02,M,3104.0,m2512,3031.0,m2605,2848.0,2512,2605,-73.0,-256.0,-0.02351804123711343,-0.08247422680412375,2848.0
2025-12-03,M,3098.0,m2512,3031.0,m2605,2847.0,2512,2605,-67.0,-251.0,-0.02162685603615233,-0.0810200129115558,2847.0
2025-12-04,M,3092.0,m2512,3006.0,m2605,2833.0,2512,2605,-86.0,-259.0,-0.02781371280724454,-0.08376455368693403,2833.0
2025-12-05,M,3096.0,m2512,3018.0,m2605,2821.0,2512,2605,-78.0,-275.0,-0.025193798449612448,-0.08882428940568476,2821.0
2025-12-08,M,3090.0,m2512,3018.0,m2605,2778.0,2512,2605,-72.0,-312.0,-0.023300970873786353,-0.10097087378640779,2778.0
2025-12-09,M,3070.0,m2512,2980.0,m2605,2763.0,2512,2605,-90.0,-307.0,-0.02931596091205213,-0.09999999999999998,2763.0
2025-12-10,M,3092.0,m2512,2989.0,m2605,2754.0,2512,2605,-103.0,-338.0,-0.0333117723156533,-0.10931435963777492,2754.0
2025-12-11,M,3108.0,m2512,3030.0,m2605,2750.0,2512,2605,-78.0,-358.0,-0.025096525096525046,-0.11518661518661522,2750.0
2025-12-12,M,3134.0,m2512,3030.0,m2605,2770.0,2512,2605,-104.0,-364.0,-0.03318442884492656,-0.11614550095724319,2770.0
2025-12-15,M,3124.0,m2601,3090.0,m2605,2758.0,2601,2605,-34.0,-366.0,-0.010883482714468595,-0.11715749039692702,2758.0
2025-12-16,M,3120.0,m2601,3092.0,m2605,2777.0,2601,2605,-28.0,-343.0,-0.008974358974358942,-0.10993589743589749,2777.0
2025-12-17,M,3118.0,m2601,3068.0,m2605,2756.0,2601,2605,-50.0,-362.0,-0.016035920461834552,-0.1161000641436819,2756.0
2025-12-18,M,3118.0,m2601,3050.0,m2605,2747.0,2601,2605,-68.0,-371.0,-0.02180885182809489,-0.11898652982681202,2747.0
2025-12-19,M,3118.0,m2601,3043.0,m2605,2735.0,2601,2605,-75.0,-383.0,-0.024053880692751717,-0.12283515073765239,2735.0
2025-12-22,M,3118.0,m2601,3052.0,m2605,2741.0,2601,2605,-66.0,-377.0,-0.021167415009621604,-0.1209108402822322,2741.0
2025-12-23,M,3110.0,m2601,3047.0,m2605,2745.0,2601,2605,-63.0,-365.0,-0.020257234726688056,-0.117363344051447,2745.0
2025-12-24,M,3110.0,m2601,3038.0,m2605,2728.0,2601,2605,-72.0,-382.0,-0.023151125401929207,-0.12282958199356908,2728.0
2025-12-25,M,3102.0,m2601,3075.0,m2605,2760.0,2601,2605,-27.0,-342.0,-0.008704061895551285,-0.11025145067698261,2760.0
2025-12-26,M,3134.0,m2601,3106.0,m2605,2790.0,2601,2605,-28.0,-344.0,-0.00893426930440333,-0.1097638800255265,2790.0
2025-12-29,M,3134.0,m2601,3092.0,m2605,2774.0,2601,2605,-42.0,-360.0,-0.01340140395660494,-0.1148691767708998,2774.0
2025-12-30,M,3128.0,m2601,3094.0,m2605,2778.0,2601,2605,-34.0,-350.0,-0.010869565217391353,-0.11189258312020456,2778.0
2025-12-31,M,3126.0,m2601,3115.0,m2605,2749.0,2601,2605,-11.0,-377.0,-0.00351887396033268,-0.12060140754958415,2749.0
2026-01-05,M,3120.0,m2601,3119.0,m2605,2754.0,2601,2605,-1.0,-366.0,-0.0003205128205128194,-0.11730769230769234,2754.0
2026-01-06,M,3130.0,m2601,3150.0,m2605,2776.0,2601,2605,20.0,-354.0,0.006389776357827559,-0.11309904153354633,2776.0
2026-01-07,M,3156.0,m2601,3171.0,m2605,2811.0,2601,2605,15.0,-345.0,0.004752851711026684,-0.10931558935361219,2811.0
2026-01-08,M,3190.0,m2601,3146.0,m2605,2782.0,2601,2605,-44.0,-408.0,-0.01379310344827589,-0.1278996865203762,2782.0
2026-01-09,M,3190.0,m2601,3055.0,m2605,2786.0,2601,2605,-135.0,-404.0,-0.042319749216300995,-0.12664576802507832,2786.0
2026-01-12,M,3186.0,m2601,3124.0,m2605,2790.0,2601,2605,-62.0,-396.0,-0.019460138104205882,-0.12429378531073443,2790.0
2026-01-13,M,3176.0,m2601,3154.0,m2605,2761.0,2601,2605,-22.0,-415.0,-0.006926952141057985,-0.13066750629722923,2761.0
2026-01-14,M,3168.0,m2601,3133.0,m2605,2751.0,2601,2605,-35.0,-417.0,-0.011047979797979779,-0.13162878787878785,2751.0
2026-01-15,M,3184.0,m2601,3133.0,m2605,2740.0,2601,2605,-51.0,-444.0,-0.01601758793969854,-0.1394472361809045,2740.0
2026-01-16,M,3176.0,m2601,3143.0,m2605,2727.0,2601,2605,-33.0,-449.0,-0.010390428211586866,-0.14137279596977326,2727.0
2026-01-19,M,3184.0,m2603,3050.0,m2605,2727.0,2603,2605,-134.0,-457.0,-0.04208542713567842,-0.14353015075376885,2727.0
2026-01-20,M,3182.0,m2603,3053.0,m2605,2736.0,2603,2605,-129.0,-446.0,-0.04054054054054057,-0.14016341923318665,2736.0
2026-01-21,M,3182.0,m2603,3052.0,m2605,2725.0,2603,2605,-130.0,-457.0,-0.040854808296668765,-0.14362036455059712,2725.0
2026-01-22,M,3180.0,m2603,3083.0,m2605,2768.0,2603,2605,-97.0,-412.0,-0.0305031446540881,-0.12955974842767293,2768.0
2026-01-23,M,3186.0,m2603,3061.0,m2605,2751.0,2603,2605,-125.0,-435.0,-0.039234149403640894,-0.13653483992467041,2751.0
2026-01-26,M,3186.0,m2603,3078.0,m2605,2769.0,2603,2605,-108.0,-417.0,-0.03389830508474578,-0.13088512241054617,2769.0
2026-01-27,M,3178.0,m2603,3071.0,m2605,2766.0,2603,2605,-107.0,-412.0,-0.033668974197608614,-0.1296412838263058,2766.0
2026-01-28,M,3184.0,m2603,3080.0,m2605,2782.0,2603,2605,-104.0,-402.0,-0.03266331658291455,-0.12625628140703515,2782.0
2026-01-29,M,3186.0,m2603,3096.0,m2605,2802.0,2603,2605,-90.0,-384.0,-0.02824858757062143,-0.12052730696798497,2802.0
2026-01-30,M,3178.0,m2603,3061.0,m2605,2767.0,2603,2605,-117.0,-411.0,-0.036815607300188846,-0.12932662051604782,2767.0
2026-02-02,M,3178.0,m2603,3045.0,m2605,2750.0,2603,2605,-133.0,-428.0,-0.04185022026431717,-0.13467589679043424,2750.0
2026-02-03,M,3178.0,m2603,3002.0,m2605,2727.0,2603,2605,-176.0,-451.0,-0.05538074260541226,-0.14191315292636875,2727.0
2026-02-04,M,3178.0,m2603,2981.0,m2605,2723.0,2603,2605,-197.0,-455.0,-0.0619886721208307,-0.14317180616740088,2723.0
2026-02-05,M,3176.0,m2603,2986.0,m2605,2731.0,2603,2605,-190.0,-445.0,-0.05982367758186402,-0.1401133501259446,2731.0
2026-02-06,M,3174.0,m2603,2997.0,m2605,2735.0,2603,2605,-177.0,-439.0,-0.055765595463137974,-0.1383112791430372,2735.0
2026-02-09,M,3170.0,m2603,2974.0,m2605,2729.0,2603,2605,-196.0,-441.0,-0.0618296529968454,-0.13911671924290225,2729.0
2026-02-10,M,3164.0,m2603,2996.0,m2605,2734.0,2603,2605,-168.0,-430.0,-0.053097345132743334,-0.13590391908975985,2734.0
2026-02-11,M,3164.0,m2603,3080.0,m2605,2782.0,2603,2605,-84.0,-382.0,-0.026548672566371723,-0.12073324905183314,2773.0
2026-02-12,M,3164.0,m2603,3061.0,m2605,2790.0,2603,2605,-103.0,-374.0,-0.03255372945638435,-0.11820480404551204,2790.0
2026-02-13,M,3164.0,m2603,3057.0,m2605,2800.0,2603,2605,-107.0,-364.0,-0.033817951959544845,-0.11504424778761058,2800.0
2026-02-24,M,3182.0,m2603,3047.0,m2605,2781.0,2603,2605,-135.0,-401.0,-0.04242614707730985,-0.12602137020741677,2781.0
2026-02-25,M,3188.0,m2603,3051.0,m2605,2831.0,2603,2605,-137.0,-357.0,-0.04297365119196994,-0.11198243412797992,2831.0
2026-02-26,M,3184.0,m2603,3025.0,m2605,2834.0,2603,2605,-159.0,-350.0,-0.04993718592964824,-0.10992462311557794,2834.0
2026-02-27,M,3167.0,m2603,2997.0,m2605,2833.0,2603,2605,-170.0,-334.0,-0.053678560151563026,-0.10546258288601196,2833.0
2026-03-02,M,3142.0,m2603,2949.0,m2605,2826.0,2603,2605,-193.0,-316.0,-0.06142584341183954,-0.10057288351368554,2826.0
2026-03-03,M,3148.0,m2603,3004.0,m2605,2836.0,2603,2605,-144.0,-312.0,-0.04574332909783985,-0.09911054637865313,2836.0
2026-03-04,M,3126.0,m2603,3003.0,m2605,2829.0,2603,2605,-123.0,-297.0,-0.039347408829174646,-0.0950095969289827,2829.0
2026-03-05,M,3126.0,m2603,3012.0,m2605,2843.0,2603,2605,-114.0,-283.0,-0.03646833013435702,-0.09053103007037744,2843.0
2026-03-06,M,3172.0,m2603,3048.0,m2605,2915.0,2603,2605,-124.0,-257.0,-0.0390920554854981,-0.08102143757881464,2915.0
2026-03-09,M,3408.0,m2603,3148.0,m2605,2995.0,2603,2605,-260.0,-413.0,-0.07629107981220662,-0.12118544600938963,2995.0
2026-03-10,M,3302.0,m2603,3112.0,m2605,2973.0,2603,2605,-190.0,-329.0,-0.0575408843125379,-0.09963658388855234,2973.0
2026-03-11,M,3352.0,m2603,3112.0,m2605,3068.0,2603,2605,-240.0,-284.0,-0.0715990453460621,-0.08472553699284013,3068.0
2026-03-12,M,3384.0,m2603,3112.0,m2605,3054.0,2603,2605,-272.0,-330.0,-0.08037825059101655,-0.09751773049645385,3054.0
2026-03-13,M,3474.0,m2603,3010.0,m2605,3128.0,2603,2605,-464.0,-346.0,-0.13356361542890038,-0.09959700633275759,3128.0
2026-03-16,M,3418.0,m2605,3071.0,m2605,3071.0,2605,2605,-347.0,-347.0,-0.10152135751901692,-0.10152135751901692,3071.0
2026-03-17,M,3384.0,m2605,3070.0,m2605,3070.0,2605,2605,-314.0,-314.0,-0.0927895981087471,-0.0927895981087471,3070.0
2026-03-18,M,3386.0,m2605,3036.0,m2605,3036.0,2605,2605,-350.0,-350.0,-0.10336680448907265,-0.10336680448907265,3036.0
2026-03-19,M,3396.0,m2605,3042.0,m2605,3042.0,2605,2605,-354.0,-354.0,-0.10424028268551233,-0.10424028268551233,3042.0
2026-03-20,M,3372.0,m2605,3029.0,m2605,3029.0,2605,2605,-343.0,-343.0,-0.10172004744958485,-0.10172004744958485,3029.0
2026-03-23,M,3346.0,m2605,3007.0,m2605,3007.0,2605,2605,-339.0,-339.0,-0.10131500298864315,-0.10131500298864315,3007.0
2026-03-24,M,3342.0,m2605,2961.0,m2605,2961.0,2605,2605,-381.0,-381.0,-0.1140035906642729,-0.1140035906642729,2961.0
2026-03-25,M,3268.0,m2605,2932.0,m2605,2932.0,2605,2605,-336.0,-336.0,-0.10281517747858016,-0.10281517747858016,2932.0
2026-03-26,M,3270.0,m2605,2952.0,m2605,2952.0,2605,2605,-318.0,-318.0,-0.0972477064220183,-0.0972477064220183,2952.0
2026-03-27,M,3268.0,m2605,2937.0,m2605,2937.0,2605,2605,-331.0,-331.0,-0.10128518971848222,-0.10128518971848222,2937.0
2026-03-30,M,3260.0,m2605,2937.0,m2605,2937.0,2605,2605,-323.0,-323.0,-0.09907975460122698,-0.09907975460122698,2937.0
2026-03-31,M,3262.0,m2605,2915.0,m2605,2915.0,2605,2605,-347.0,-347.0,-0.10637645616186386,-0.10637645616186386,2915.0
2026-04-01,M,3250.0,m2605,2875.0,m2609,2962.0,2605,2609,-375.0,-288.0,-0.11538461538461542,-0.08861538461538465,2875.0
2026-04-02,M,3214.0,m2605,2869.0,m2609,2964.0,2605,2609,-345.0,-250.0,-0.10734287492221528,-0.07778469197261983,2964.0
2026-04-03,M,3180.0,m2605,2843.0,m2609,2949.0,2605,2609,-337.0,-231.0,-0.10597484276729563,-0.0726415094339623,2949.0
2026-04-07,M,3098.0,m2605,2843.0,m2609,2963.0,2605,2609,-255.0,-135.0,-0.08231116849580378,-0.04357650096836674,2963.0
2026-04-08,M,3076.0,m2605,2835.0,m2609,2962.0,2605,2609,-241.0,-114.0,-0.07834850455136544,-0.03706111833550063,2962.0
2026-04-09,M,3048.0,m2605,2847.0,m2609,2971.0,2605,2609,-201.0,-77.0,-0.06594488188976377,-0.02526246719160108,2971.0
2026-04-10,M,3038.0,m2605,2844.0,m2609,2977.0,2605,2609,-194.0,-61.0,-0.06385780118499007,-0.02007899934167212,2977.0
2026-04-13,M,3056.0,m2605,2850.0,m2609,2980.0,2605,2609,-206.0,-76.0,-0.06740837696335078,-0.02486910994764402,2980.0
2026-04-14,M,3044.0,m2605,2844.0,m2609,2977.0,2605,2609,-200.0,-67.0,-0.06570302233902758,-0.02201051248357422,2977.0
2026-04-15,M,3028.0,m2605,2842.0,m2609,2977.0,2605,2609,-186.0,-51.0,-0.06142668428005282,-0.01684280052840159,2977.0
2026-04-16,M,3014.0,m2605,2851.0,m2609,2991.0,2605,2609,-163.0,-23.0,-0.054080955540809605,-0.007631055076310567,2991.0
2026-04-17,M,3004.0,m2605,2824.0,m2609,2958.0,2605,2609,-180.0,-46.0,-0.059920106524633865,-0.015312916111850816,2958.0
2026-04-20,M,2986.0,m2605,2826.0,m2609,2967.0,2605,2609,-160.0,-19.0,-0.05358338914936367,-0.006363027461486981,2967.0
2026-04-21,M,2988.0,m2605,2818.0,m2609,2978.0,2605,2609,-170.0,-10.0,-0.056894243641231634,-0.0033467202141901353,2978.0
2026-04-22,M,3004.0,m2605,2859.0,m2609,3026.0,2605,2609,-145.0,22.0,-0.04826897470039948,0.007323568575233086,3026.0
2026-04-23,M,2996.0,m2605,2834.0,m2609,2994.0,2605,2609,-162.0,-2.0,-0.05407209612817088,-0.0006675567423231055,2994.0
2026-04-24,M,2984.0,m2605,2827.0,m2609,2984.0,2605,2609,-157.0,0.0,-0.05261394101876671,0.0,2984.0
2026-04-27,M,2954.0,m2605,2832.0,m2609,2993.0,2605,2609,-122.0,39.0,-0.04129993229519291,0.013202437373053488,2993.0
2026-04-28,M,2962.0,m2605,2853.0,m2609,3006.0,2605,2609,-109.0,44.0,-0.03679945982444299,0.014854827819041239,3006.0
2026-04-29,M,2960.0,m2605,2868.0,m2609,3020.0,2605,2609,-92.0,60.0,-0.031081081081081097,0.020270270270270174,3020.0
2026-04-30,M,2958.0,m2605,2829.0,m2609,3021.0,2605,2609,-129.0,63.0,-0.04361054766734285,0.02129817444219073,3021.0
2026-05-06,M,2960.0,m2605,2820.0,m2609,3007.0,2605,2609,-140.0,47.0,-0.04729729729729726,0.015878378378378466,3007.0
2026-05-07,M,2944.0,m2605,2782.0,m2609,2988.0,2605,2609,-162.0,44.0,-0.05502717391304346,0.014945652173913082,2988.0
2026-05-08,M,2948.0,m2605,2780.0,m2609,3003.0,2605,2609,-168.0,55.0,-0.056987788331071876,0.018656716417910557,3003.0
2026-05-11,M,2968.0,m2605,2832.0,m2609,3039.0,2605,2609,-136.0,71.0,-0.04582210242587603,0.023921832884097105,3039.0
2026-05-12,M,2970.0,m2605,2833.0,m2609,3033.0,2605,2609,-137.0,63.0,-0.04612794612794613,0.021212121212121238,3033.0
2026-05-13,M,2992.0,m2605,2863.0,m2609,3048.0,2605,2609,-129.0,56.0,-0.043114973262032064,0.018716577540107027,3048.0
2026-05-14,M,2992.0,m2605,2876.0,m2609,3028.0,2605,2609,-116.0,36.0,-0.03877005347593587,0.012032085561497263,3028.0
2026-05-15,M,2970.0,m2605,2848.0,m2609,2979.0,2605,2609,-122.0,9.0,-0.041077441077441046,0.003030303030302939,2979.0
2026-05-18,M,2948.0,m2605,2848.0,m2609,2985.0,2605,2609,-100.0,37.0,-0.03392130257801895,0.01255088195386711,2985.0
2026-05-19,M,2976.0,m2605,2826.0,m2609,3038.0,2605,2609,-150.0,62.0,-0.050403225806451624,0.02083333333333326,3038.0
2026-05-20,M,2962.0,m2607,2852.0,m2609,3025.0,2607,2609,-110.0,63.0,-0.037137069547602986,0.02126941255908177,3025.0
2026-05-21,M,2954.0,m2607,2826.0,m2609,2993.0,2607,2609,-128.0,39.0,-0.043331076506431976,0.013202437373053488,2993.0
2026-05-22,M,2932.0,m2607,2820.0,m2609,2990.0,2607,2609,-112.0,58.0,-0.038199181446111896,0.01978171896316505,2990.0
2026-05-25,M,2936.0,m2607,2799.0,m2609,2973.0,2607,2609,-137.0,37.0,-0.046662125340599436,0.01260217983651235,2973.0
2026-05-26,M,2934.0,m2607,2802.0,m2609,2971.0,2607,2609,-132.0,37.0,-0.04498977505112478,0.012610770279481986,2971.0
2026-05-27,M,2928.0,m2607,2805.0,m2609,2971.0,2607,2609,-123.0,43.0,-0.04200819672131151,0.014685792349726778,2971.0
2026-05-28,M,2918.0,m2607,2825.0,m2609,2994.0,2607,2609,-93.0,76.0,-0.0318711446196025,0.026045236463331012,2994.0
2026-05-29,M,2926.0,m2607,2816.0,m2609,2991.0,2607,2609,-110.0,65.0,-0.03759398496240607,0.022214627477785465,2991.0
2026-06-01,M,2908.0,m2607,2820.0,m2609,2993.0,2607,2609,-88.0,85.0,-0.030261348005502064,0.02922971114167816,2993.0
2026-06-02,M,2900.0,m2607,2800.0,m2609,2973.0,2607,2609,-100.0,73.0,-0.03448275862068961,0.025172413793103532,2973.0
2026-06-03,M,2886.0,m2607,2807.0,m2609,2976.0,2607,2609,-79.0,90.0,-0.027373527373527384,0.031185031185031242,2976.0
2026-06-04,M,2878.0,m2607,2771.0,m2609,2943.0,2607,2609,-107.0,65.0,-0.03717859624739406,0.022585128561501078,2943.0
2026-06-05,M,2864.0,m2607,2749.0,m2609,2918.0,2607,2609,-115.0,54.0,-0.040153631284916225,0.0188547486033519,2918.0
2026-06-08,M,2850.0,m2607,2735.0,m2609,2905.0,2607,2609,-115.0,55.0,-0.04035087719298247,0.019298245614035148,2905.0
2026-06-09,M,2848.0,m2607,2722.0,m2609,2895.0,2607,2609,-126.0,47.0,-0.044241573033707904,0.016502808988763995,2895.0
2026-06-10,M,2854.0,m2607,2747.0,m2609,2918.0,2607,2609,-107.0,64.0,-0.03749124036440088,0.022424667133847276,2918.0
2026-06-11,M,2862.0,m2607,2771.0,m2609,2939.0,2607,2609,-91.0,77.0,-0.03179594689028653,0.026904262753319363,2939.0
2026-06-12,M,2864.0,m2607,2769.0,m2609,2941.0,2607,2609,-95.0,77.0,-0.033170391061452476,0.0268854748603351,2941.0
2026-06-15,M,2868.0,m2607,2764.0,m2609,2941.0,2607,2609,-104.0,73.0,-0.036262203626220346,0.02545327754532778,2941.0
2026-06-16,M,2872.0,m2607,2769.0,m2609,2945.0,2607,2609,-103.0,73.0,-0.035863509749303635,0.02541782729805009,2945.0
2026-06-17,M,2892.0,m2607,2776.0,m2609,2957.0,2607,2609,-116.0,65.0,-0.04011065006915626,0.02247579529737198,2957.0
2026-06-18,M,2888.0,m2607,2760.0,m2609,2942.0,2607,2609,-128.0,54.0,-0.04432132963988922,0.018698060941828354,2942.0
2026-06-22,M,2868.0,m2607,2750.0,m2609,2934.0,2607,2609,-118.0,66.0,-0.04114365411436538,0.023012552301255207,2934.0
2026-06-23,M,2870.0,m2607,2765.0,m2609,2947.0,2607,2609,-105.0,77.0,-0.03658536585365857,0.02682926829268295,2947.0
2026-06-24,M,2884.0,m2607,2778.0,m2609,2952.0,2607,2609,-106.0,68.0,-0.03675450762829402,0.023578363384188616,2952.0
2026-06-25,M,2876.0,m2607,2781.0,m2609,2958.0,2607,2609,-95.0,82.0,-0.03303198887343528,0.028511821974965157,2958.0
2026-06-26,M,2900.0,m2607,2797.0,m2609,2974.0,2607,2609,-103.0,74.0,-0.03551724137931034,0.02551724137931033,2974.0
2026-06-29,M,2908.0,m2607,2793.0,m2609,2967.0,2607,2609,-115.0,59.0,-0.03954607977991742,0.020288858321870773,2967.0
2026-06-30,M,2902.0,m2607,2754.0,m2609,2943.0,2607,2609,-148.0,41.0,-0.0509993108201241,0.014128187456926344,2943.0
2026-07-01,M,2904.0,m2607,2773.0,m2609,2965.0,2607,2609,-131.0,61.0,-0.045110192837465535,0.02100550964187331,2965.0
2026-07-02,M,2928.0,m2607,2786.0,m2609,2977.0,2607,2609,-142.0,49.0,-0.04849726775956287,0.016734972677595605,2977.0
2026-07-03,M,2920.0,m2607,2789.0,m2609,2962.0,2607,2609,-131.0,42.0,-0.044863013698630105,0.014383561643835696,2962.0
2026-07-06,M,2950.0,m2607,2808.0,m2609,3026.0,2607,2609,-142.0,76.0,-0.048135593220339,0.025762711864406818,3026.0
2026-07-07,M,2962.0,m2607,2830.0,m2609,3045.0,2607,2609,-132.0,83.0,-0.044564483457123605,0.02802160702228229,3045.0
2026-07-08,M,2976.0,m2607,2837.0,m2609,3051.0,2607,2609,-139.0,75.0,-0.04670698924731187,0.025201612903225756,3051.0
2026-07-09,M,2976.0,m2607,2880.0,m2609,3052.0,2607,2609,-96.0,76.0,-0.032258064516129004,0.02553763440860224,3052.0
2026-07-10,M,2976.0,m2607,2860.0,m2609,3049.0,2607,2609,-116.0,73.0,-0.03897849462365588,0.024529569892473013,3049.0
2026-07-13,M,3004.0,m2607,2815.0,m2609,3050.0,2607,2609,-189.0,46.0,-0.06291611185086554,0.015312916111850816,3050.0
2026-07-14,M,3000.0,m2607,2900.0,m2609,3049.0,2607,2609,-100.0,49.0,-0.033333333333333326,0.01633333333333331,3049.0
2026-07-15,M,2990.0,m2608,3047.0,m2609,3066.0,2608,2609,57.0,76.0,0.019063545150501682,0.025418060200668835,3066.0
2026-07-16,M,3010.0,m2608,3049.0,m2609,3067.0,2608,2609,39.0,57.0,0.01295681063122922,0.018936877076412006,3067.0
2026-07-17,M,2996.0,m2608,3043.0,m2609,3061.0,2608,2609,47.0,65.0,0.015687583444592867,0.021695594125500595,3061.0
2026-07-20,M,3018.0,m2608,3114.0,m2609,3129.0,2608,2609,96.0,111.0,0.031809145129224614,0.036779324055665974,3129.0
2026-07-21,M,3050.0,m2608,3127.0,m2609,3148.0,2608,2609,77.0,98.0,0.02524590163934426,0.03213114754098356,3148.0
2026-07-22,M,3070.0,m2608,3126.0,m2609,3146.0,2608,2609,56.0,76.0,0.018241042345276792,0.02475570032573282,3146.0
2026-07-23,M,3108.0,m2608,3153.0,m2609,3175.0,2608,2609,45.0,67.0,0.014478764478764505,0.021557271557271607,3175.0
2026-07-24,M,3090.0,m2608,3204.0,m2609,3225.0,2608,2609,114.0,135.0,0.03689320388349504,0.043689320388349495,3225.0
2026-07-27,M,3122.0,m2608,3142.0,m2609,3164.0,2608,2609,20.0,42.0,0.006406149903907643,0.013452914798206317,3164.0
2026-07-28,M,3100.0,m2608,3078.0,m2609,3101.0,2608,2609,-22.0,1.0,-0.007096774193548372,0.000322580645161219,3101.0
2026-07-29,M,3086.0,m2608,3088.0,m2609,3109.0,2608,2609,2.0,23.0,0.0006480881399870686,0.007453013609850956,3109.0
2026-07-30,M,3062.0,m2608,3057.0,m2609,3074.0,2608,2609,-5.0,12.0,-0.0016329196603527274,0.003919007184846501,3074.0
2026-07-31,M,3066.0,m2608,3057.0,m2609,3071.0,2608,2609,-9.0,5.0,-0.0029354207436399493,0.0016307893020222064,3071.0
2026-08-03,M,3056.0,m2608,3044.0,m2701,3126.0,2608,2701,-12.0,70.0,-0.003926701570680646,0.02290575916230364,3067.0
2026-08-04,M,3076.0,m2608,3060.0,m2701,3135.0,2608,2701,-16.0,59.0,-0.005201560468140465,0.01918075422626786,3135.0
2026-08-05,M,3070.0,m2608,3063.0,m2701,3123.0,2608,2701,-7.0,53.0,-0.0022801302931596545,0.017263843648208432,3123.0
2026-08-06,M,3068.0,m2608,3071.0,m2701,3134.0,2608,2701,3.0,66.0,0.0009778357235983304,0.02151238591916549,3134.0
2026-08-07,M,3078.0,m2608,3110.0,m2701,3154.0,2608,2701,32.0,76.0,0.010396361273554255,0.024691358024691468,3154.0
2026-08-10,M,3090.0,m2608,3078.0,m2701,3148.0,2608,2701,-12.0,58.0,-0.003883495145631022,0.01877022653721694,3148.0
2026-08-11,M,3090.0,m2608,3078.0,m2701,3140.0,2608,2701,-12.0,50.0,-0.003883495145631022,0.016181229773462702,3140.0
2026-08-12,M,3080.0,m2608,3060.0,m2701,3142.0,2608,2701,-20.0,62.0,-0.00649350649350644,0.02012987012987022,3142.0
2026-08-13,M,3102.0,m2608,3061.0,m2701,3152.0,2608,2701,-41.0,50.0,-0.013217279174726038,0.01611863313990969,3152.0
2026-08-14,M,3086.0,m2608,3061.0,m2701,3165.0,2608,2701,-25.0,79.0,-0.008101101749838024,0.02559948152948799,3165.0
2026-08-17,M,3104.0,m2609,3131.0,m2701,3176.0,2609,2701,27.0,72.0,0.008698453608247503,0.02319587628865971,3176.0
2026-08-18,M,3144.0,m2609,3200.0,m2701,3241.0,2609,2701,56.0,97.0,0.01781170483460559,0.030852417302799084,3241.0
2026-08-19,M,3166.0,m2609,3214.0,m2701,3246.0,2609,2701,48.0,80.0,0.01516108654453574,0.025268477574226234,3246.0
2026-08-20,M,3186.0,m2609,3233.0,m2701,3267.0,2609,2701,47.0,81.0,0.014752040175769032,0.025423728813559254,3267.0
2026-08-21,M,3166.0,m2609,3190.0,m2701,3228.0,2609,2701,24.0,62.0,0.007580543272267759,0.019583070120025248,3228.0
2026-08-24,M,3158.0,m2609,3184.0,m2701,3232.0,2609,2701,26.0,74.0,0.008233058898036827,0.023432552248258354,3232.0
2026-08-25,M,3148.0,m2609,3195.0,m2701,3245.0,2609,2701,47.0,97.0,0.0149301143583227,0.03081321473951726,3245.0
2026-08-26,M,3174.0,m2609,3266.0,m2701,3297.0,2609,2701,92.0,123.0,0.02898550724637672,0.03875236294896034,3297.0
2026-08-27,M,3238.0,m2609,3324.0,m2701,3355.0,2609,2701,86.0,117.0,0.02655960469425578,0.03613341568869677,3355.0
2026-08-28,M,3238.0,m2609,3312.0,m2701,3340.0,2609,2701,74.0,102.0,0.02285361334156888,0.03150092649783809,3340.0
2026-08-31,M,3238.0,m2609,3337.0,m2701,3350.0,2609,2701,99.0,112.0,0.03057442865966653,0.03458925262507728,3350.0
2026-09-01,M,3282.0,m2609,3347.0,m2701,3377.0,2609,2701,65.0,95.0,0.01980499695307736,0.0289457647775746,3377.0
2026-09-02,M,3300.0,m2609,3318.0,m2701,3361.0,2609,2701,18.0,61.0,0.005454545454545379,0.01848484848484855,3361.0
2026-09-03,M,3308.0,m2609,3350.0,m2701,3382.0,2609,2701,42.0,74.0,0.012696493349455773,0.022370012091898372,3382.0
2026-09-04,M,3328.0,m2609,3387.0,m2701,3423.0,2609,2701,59.0,95.0,0.01772836538461542,0.028545673076923128,3423.0
2026-09-07,M,3332.0,m2609,3384.0,m2701,3408.0,2609,2701,52.0,76.0,0.015606242496998712,0.02280912364945986,3408.0
2026-09-08,M,3338.0,m2609,3375.0,m2701,3415.0,2609,2701,37.0,77.0,0.011084481725584183,0.023067705212702183,3415.0
2026-09-09,M,3344.0,m2609,3388.0,m2701,3425.0,2609,2701,44.0,81.0,0.013157894736842035,0.024222488038277534,3425.0
2026-09-10,M,3344.0,m2609,3365.0,m2701,3402.0,2609,2701,21.0,58.0,0.006279904306220052,0.01734449760765555,3402.0
2026-09-11,M,3394.0,m2609,3376.0,m2701,3402.0,2609,2701,-18.0,8.0,-0.005303476723629963,0.0023571007660576626,3402.0
2026-09-14,M,3378.0,m2609,3319.0,m2701,3361.0,2609,2701,-59.0,-17.0,-0.0174659561870929,-0.005032563647128452,3361.0
2026-09-15,M,3382.0,m2611,3364.0,m2701,3385.0,2611,2701,-18.0,3.0,-0.0053222945002956434,0.0008870490833825517,3385.0
2026-09-16,M,3428.0,m2611,3451.0,m2701,3479.0,2611,2701,23.0,51.0,0.006709451575262593,0.01487747957993002,3479.0
2026-09-17,M,3486.0,m2611,3456.0,m2701,3477.0,2611,2701,-30.0,-9.0,-0.008605851979345935,-0.002581755593803803,3477.0
2026-09-18,M,3448.0,m2611,3373.0,m2701,3397.0,2611,2701,-75.0,-51.0,-0.021751740139211106,-0.014791183294663557,3397.0
2026-09-21,M,3398.0,m2611,3366.0,m2701,3386.0,2611,2701,-32.0,-12.0,-0.009417304296645113,-0.0035314891112419033,3386.0
2026-09-22,M,3392.0,m2611,3400.0,m2701,3416.0,2611,2701,8.0,24.0,0.002358490566037652,0.007075471698113178,3416.0
2026-09-23,M,3400.0,m2611,3388.0,m2701,3404.0,2611,2701,-12.0,4.0,-0.003529411764705892,0.0011764705882353343,3404.0
2026-09-24,M,3400.0,m2611,3409.0,m2701,3426.0,2611,2701,9.0,26.0,0.0026470588235294468,0.00764705882352934,3426.0
2026-09-28,M,3404.0,m2611,3333.0,m2701,3363.0,2611,2701,-71.0,-41.0,-0.020857814336075253,-0.012044653349001178,3363.0
2026-09-29,M,3384.0,m2611,3335.0,m2701,3359.0,2611,2701,-49.0,-25.0,-0.014479905437352225,-0.007387706855791931,3359.0
2026-09-30,M,3400.0,m2611,3349.0,m2701,3372.0,2611,2701,-51.0,-28.0,-0.015000000000000013,-0.008235294117647007,3372.0
